country,chain,name,street,housenumber,postcode,city,address_formatted,osm_type,osm_id,lat,lon,source
Belgium,Albert Heijn,Albert Heijn,Herseltsesteenweg,152,3200,Aarschot,Herseltsesteenweg 152 3200 Aarschot Belgium,way,390151188,51.0001834,4.8338357,OpenStreetMap via Overpass API
Belgium,Albert Heijn,Albert Heijn,Groenplaats,43,2000,Antwerpen,Groenplaats 43 2000 Antwerpen Belgium,node,247308726,51.2183465,4.4015387,OpenStreetMap via Overpass API
Belgium,Albert Heijn,Albert Heijn,Karel Oomsstraat,47,2018,Antwerpen,Karel Oomsstraat 47 2018 Antwerpen Belgium,way,141003823,51.1941544,4.4090134,OpenStreetMap via Overpass API
Belgium,Albert Heijn,Albert Heijn,Offerandestraat,108,2060,Antwerpen,Offerandestraat 108 2060 Antwerpen Belgium,node,4666184982,51.2208863,4.4269814,OpenStreetMap via Overpass API
Belgium,Albert Heijn,Albert Heijn,be-MINE,6,3582,Beringen,be-MINE 6 3582 Beringen Belgium,node,5258110267,51.0678699,5.2248938,OpenStreetMap via Overpass API
Belgium,Albert Heijn,Albert Heijn,Kapelstraat,29;31,8450,Bredene-Bad,Kapelstraat 29;31 8450 Bredene-Bad Belgium,node,3107489350,51.2484111,2.9634215,OpenStreetMap via Overpass API
Belgium,Albert Heijn,Albert Heijn,Sint-Pieterskaai,55,8000,Brugge,Sint-Pieterskaai 55 8000 Brugge Belgium,way,146553995,51.221942,3.2186207,OpenStreetMap via Overpass API
Belgium,Albert Heijn,Albert Heijn,Gaversesteenweg,46,9800,Deinze,Gaversesteenweg 46 9800 Deinze Belgium,node,3557595383,50.9762965,3.5352516,OpenStreetMap via Overpass API
Belgium,Albert Heijn,Albert Heijn,Oude Vest,180,9420,Dendermonde,Oude Vest 180 9420 Dendermonde Belgium,node,8234485333,51.0315516,4.1056111,OpenStreetMap via Overpass API
Belgium,Albert Heijn,Albert Heijn,Herentalsebaan,683,2100,Deurne,Herentalsebaan 683 2100 Deurne Belgium,node,7105616355,51.204003,4.48256,OpenStreetMap via Overpass API
Belgium,Albert Heijn,Albert Heijn,Leuvensesteenweg,108C,3290,Diest,Leuvensesteenweg 108C 3290 Diest Belgium,node,13355851596,50.9749337,5.0436725,OpenStreetMap via Overpass API
Belgium,Albert Heijn,Albert Heijn,Hasseltweg,198,3600,Genk,Hasseltweg 198 3600 Genk Belgium,way,51096104,50.9611151,5.4536877,OpenStreetMap via Overpass API
Belgium,Albert Heijn,Albert Heijn,Rootenstraat,8,3600,Genk,Rootenstraat 8 3600 Genk Belgium,node,8234541878,50.9648478,5.5055588,OpenStreetMap via Overpass API
Belgium,Albert Heijn,Albert Heijn,Korenmarkt,16,9000,Gent,Korenmarkt 16 9000 Gent Belgium,node,3958908761,51.0541597,3.7214061,OpenStreetMap via Overpass API
Belgium,Albert Heijn,Albert Heijn,Ottergemsesteenweg-Zuid,808,9000,Gent,Ottergemsesteenweg-Zuid 808 9000 Gent Belgium,node,2498828925,51.0166291,3.734772,OpenStreetMap via Overpass API
Belgium,Albert Heijn,Albert Heijn,Gentsesteenweg,79,8530,Harelbeke,Gentsesteenweg 79 8530 Harelbeke Belgium,way,239806861,50.8632136,3.3231624,OpenStreetMap via Overpass API
Belgium,Albert Heijn,Albert Heijn,Hasseltsebaan,64,3940,Hechtel-Eksel,Hasseltsebaan 64 3940 Hechtel-Eksel Belgium,way,260958537,51.1201664,5.368379,OpenStreetMap via Overpass API
Belgium,Albert Heijn,Albert Heijn,Kortrijkstraat,114,8770,Ingelmunster,Kortrijkstraat 114 8770 Ingelmunster Belgium,node,8841323220,50.9059,3.2609765,OpenStreetMap via Overpass API
Belgium,Albert Heijn,Albert Heijn,Duinenwater,28,8300,Knokke-Heist,Duinenwater 28 8300 Knokke-Heist Belgium,node,5105102936,51.3389617,3.2829756,OpenStreetMap via Overpass API
Belgium,Albert Heijn,Albert Heijn,Mechelsesteenweg,315,2550,Kontich,Mechelsesteenweg 315 2550 Kontich Belgium,node,10170908693,51.1171367,4.4510677,OpenStreetMap via Overpass API
Belgium,Albert Heijn,Albert Heijn,Schampbergstraat,22B,3511,Kuringen,Schampbergstraat 22B 3511 Kuringen Belgium,node,676401377,50.9386121,5.3036185,OpenStreetMap via Overpass API
Belgium,Albert Heijn,Albert Heijn,Lidostraat,7,3970,Leopoldsburg,Lidostraat 7 3970 Leopoldsburg Belgium,way,223001915,51.1270437,5.2544834,OpenStreetMap via Overpass API
Belgium,Albert Heijn,Albert Heijn,Antwerpsesteenweg,499,2500,Lier,Antwerpsesteenweg 499 2500 Lier Belgium,node,4467087289,51.14878,4.5328144,OpenStreetMap via Overpass API
Belgium,Albert Heijn,Albert Heijn,Zelebaan,19,9420,Lokeren,Zelebaan 19 9420 Lokeren Belgium,node,8234496627,51.094557,4.0094416,OpenStreetMap via Overpass API
Belgium,Albert Heijn,Albert Heijn,Dendermondestraat,15,1785,Merchtem,Dendermondestraat 15 1785 Merchtem Belgium,node,8841326461,50.9611525,4.229444,OpenStreetMap via Overpass API
Belgium,Albert Heijn,Albert Heijn,Molderdijk,49,2400,Mol,Molderdijk 49 2400 Mol Belgium,node,5763729835,51.1816954,5.1219379,OpenStreetMap via Overpass API
Belgium,Albert Heijn,Albert Heijn,Hellevoortstraat,13,2560,Nijlen,Hellevoortstraat 13 2560 Nijlen Belgium,node,12151065291,51.1625388,4.6765732,OpenStreetMap via Overpass API
Belgium,Albert Heijn,Albert Heijn,Torhoutsesteenweg,541,8400,Oostende,Torhoutsesteenweg 541 8400 Oostende Belgium,node,8234431906,51.2065942,2.9039256,OpenStreetMap via Overpass API
Belgium,Albert Heijn,Albert Heijn,Westerring,45,9700,Oudenaarde,Westerring 45 9700 Oudenaarde Belgium,node,10565795421,50.8718761,3.6106664,OpenStreetMap via Overpass API
Belgium,Albert Heijn,Albert Heijn,Liersesteenweg,104,2520,Ranst,Liersesteenweg 104 2520 Ranst Belgium,way,337417780,51.1535368,4.5811144,OpenStreetMap via Overpass API
Belgium,Albert Heijn,Albert Heijn,Koestraat,177,8800,Roeselare,Koestraat 177 8800 Roeselare Belgium,node,8234446295,50.922251,3.1505234,OpenStreetMap via Overpass API
Belgium,Albert Heijn,Albert Heijn,Puitvoetstraat,5,9100,Sint Niklaas,Puitvoetstraat 5 9100 Sint Niklaas Belgium,node,5613243804,51.150093,4.1578073,OpenStreetMap via Overpass API
Belgium,Albert Heijn,Albert Heijn,Tiensesteenweg,168,3800,Sint-Truiden,Tiensesteenweg 168 3800 Sint-Truiden Belgium,node,3836540802,50.8138291,5.1650035,OpenStreetMap via Overpass API
Belgium,Albert Heijn,Albert Heijn,Morettestraat,18,1740,Ternat,Morettestraat 18 1740 Ternat Belgium,node,8841325683,50.8849511,4.1733388,OpenStreetMap via Overpass API
Belgium,Albert Heijn,Albert Heijn,Luikersteenweg,151,3700,Tongeren,Luikersteenweg 151 3700 Tongeren Belgium,node,3540744984,50.7674292,5.4642737,OpenStreetMap via Overpass API
Belgium,Albert Heijn,Albert Heijn,Pand,251-254,8790,Waregem,Pand 251-254 8790 Waregem Belgium,node,9983081575,50.8854457,3.4318462,OpenStreetMap via Overpass API
Belgium,Albert Heijn,Albert Heijn,Corbeillestraat,57,2235,Westmeerbeek,Corbeillestraat 57 2235 Westmeerbeek Belgium,node,7710209763,51.0609695,4.8240324,OpenStreetMap via Overpass API
Belgium,Albert Heijn,Albert Heijn,Turnhoutsebaan,5,2110,Wijnegem,Turnhoutsebaan 5 2110 Wijnegem Belgium,node,7054277787,51.2211447,4.4998026,OpenStreetMap via Overpass API
Belgium,Albert Heijn,Albert Heijn,Hoogstraat,179,1930,Zaventem,Hoogstraat 179 1930 Zaventem Belgium,node,7886413680,50.8819727,4.4658469,OpenStreetMap via Overpass API
Belgium,Albert Heijn,Albert Heijn,Heuveneindeweg,20,3520,Zonhoven,Heuveneindeweg 20 3520 Zonhoven Belgium,node,10031312517,50.9817746,5.3655717,OpenStreetMap via Overpass API
Belgium,Albert Heijn,Albert Heijn,Spelaanstraat,2,9620,Zottegem,Spelaanstraat 2 9620 Zottegem Belgium,node,4921742829,50.8835822,3.8301873,OpenStreetMap via Overpass API
Belgium,Carrefour,Carrefour Express,Molenstraat,66-68,9300,Aalst,Molenstraat 66-68 9300 Aalst Belgium,way,932932366,50.9398248,4.0423903,OpenStreetMap via Overpass API
Belgium,Carrefour,Carrefour Market,Raffelgemstraat,18,9300,Aalst,Raffelgemstraat 18 9300 Aalst Belgium,way,929784336,50.9438236,4.0160674,OpenStreetMap via Overpass API
Belgium,Carrefour,Carrefour Market,Leuvensesteenweg,143,3200,Aarschot,Leuvensesteenweg 143 3200 Aarschot Belgium,way,100287414,50.9806452,4.8217674,OpenStreetMap via Overpass API
Belgium,Carrefour,Carrefour Market,Liersesteenweg,23,3200,Aarschot,Liersesteenweg 23 3200 Aarschot Belgium,way,95850768,50.9999806,4.8318535,OpenStreetMap via Overpass API
Belgium,Carrefour,Carrefour Market,Grootstraat,2,3570,Alken,Grootstraat 2 3570 Alken Belgium,way,226407687,50.8771909,5.3090912,OpenStreetMap via Overpass API
Belgium,Carrefour,Carrefour Market Anderlues,Route de Charleroi,107,6150,Anderlues,Route de Charleroi 107 6150 Anderlues Belgium,node,13203671180,50.4066371,4.2816409,OpenStreetMap via Overpass API
Belgium,Carrefour,Carrefour,Rue Florent Pirotte,18,4430,Ans,Rue Florent Pirotte 18 4430 Ans Belgium,way,38209437,50.6638289,5.5092526,OpenStreetMap via Overpass API
Belgium,Carrefour,Carrefour,Rue Jean Jaurès,33,4430,Ans,Rue Jean Jaurès 33 4430 Ans Belgium,way,53542513,50.6535178,5.5303471,OpenStreetMap via Overpass API
Belgium,Carrefour,Carrefour Express,Kerkstraat,7-11,2060,Antwerpen,Kerkstraat 7-11 2060 Antwerpen Belgium,node,1692255482,51.2177577,4.4283585,OpenStreetMap via Overpass API
Belgium,Carrefour,Carrefour,Marché-aux-Légumes,6,6700,Arlon,Marché-aux-Légumes 6 6700 Arlon Belgium,node,3450436496,49.6840149,5.8129219,OpenStreetMap via Overpass API
Belgium,Carrefour,Carrefour Market,Parc de l'Hydrion,12,6700,Arlon,Parc de l'Hydrion 12 6700 Arlon Belgium,node,3499865693,49.6841204,5.7891084,OpenStreetMap via Overpass API
Belgium,Carrefour,Carrefour,Rue de Clairefontaine,1,6700,Arlon,Rue de Clairefontaine 1 6700 Arlon Belgium,node,7352541584,49.679428,5.8231522,OpenStreetMap via Overpass API
Belgium,Carrefour,Carrefour Express,Marché au Lin,1,7800,Ath,Marché au Lin 1 7800 Ath Belgium,way,420071917,50.6307148,3.7782516,OpenStreetMap via Overpass API
Belgium,Carrefour,Carrefour Market,Avenue de la Porallée,36A,4920,Aywaille,Avenue de la Porallée 36A 4920 Aywaille Belgium,way,114920634,50.4800636,5.6987463,OpenStreetMap via Overpass API
Belgium,Carrefour,Carrefour,Steegstraat,16,2490,Balen,Steegstraat 16 2490 Balen Belgium,way,138701860,51.1692456,5.1689654,OpenStreetMap via Overpass API
Belgium,Carrefour,Carrefour,Rue de Rochefort,37,5570,Beauraing,Rue de Rochefort 37 5570 Beauraing Belgium,way,493272337,50.1108136,4.9602078,OpenStreetMap via Overpass API
Belgium,Carrefour,Carrefour Express,Baalsesteenweg,12,3130,Begijnendijk,Baalsesteenweg 12 3130 Begijnendijk Belgium,node,10068952955,51.0183373,4.7820624,OpenStreetMap via Overpass API
Belgium,Carrefour,Carrefour Market,Allée des Ormes,15,5001,Belgrade,Allée des Ormes 15 5001 Belgrade Belgium,way,31288447,50.4733382,4.8175269,OpenStreetMap via Overpass API
Belgium,Carrefour,Carrefour,Grotesteenweg,464,2600,Berchem,Grotesteenweg 464 2600 Berchem Belgium,way,44453316,51.1856366,4.4312377,OpenStreetMap via Overpass API
Belgium,Carrefour,Carrefour Market,Diestersesteenweg,77,3583,Beringen,Diestersesteenweg 77 3583 Beringen Belgium,node,5403176574,51.0350666,5.165547,OpenStreetMap via Overpass API
Belgium,Carrefour,Carrefour Market,Legrellestraat,40,2590,Berlaar,Legrellestraat 40 2590 Berlaar Belgium,way,52341961,51.1204287,4.6577649,OpenStreetMap via Overpass API
Belgium,Carrefour,Carrefour Market,Pijpenpoort,5,3740,Bilzen,Pijpenpoort 5 3740 Bilzen Belgium,way,429422945,50.8722713,5.521221,OpenStreetMap via Overpass API
Belgium,Carrefour,Carrefour,Tongersestraat,73,3740,Bilzen,Tongersestraat 73 3740 Bilzen Belgium,way,151233749,50.862226,5.5017358,OpenStreetMap via Overpass API
Belgium,Carrefour,Carrefour Market,Rue de Robiano,40,7130,Binche,Rue de Robiano 40 7130 Binche Belgium,way,1122617309,50.4106771,4.1686908,OpenStreetMap via Overpass API
Belgium,Carrefour,Carrefour Market,Kaulillerweg,6,3950,Bocholt,Kaulillerweg 6 3950 Bocholt Belgium,way,264209617,51.1745838,5.5765645,OpenStreetMap via Overpass API
Belgium,Carrefour,Carrefour Express,Velodroomstraat,127,2850,Boom,Velodroomstraat 127 2850 Boom Belgium,node,9952807378,51.094744,4.3725167,OpenStreetMap via Overpass API
Belgium,Carrefour,Carrefour Market,Leuvensesteenweg,263b,3190,Boortmeerbeek,Leuvensesteenweg 263b 3190 Boortmeerbeek Belgium,way,511815896,50.9736411,4.5663596,OpenStreetMap via Overpass API
Belgium,Carrefour,Carrefour Market,Turnhoutsebaan,122-124,2140,Borgerhout,Turnhoutsebaan 122-124 2140 Borgerhout Belgium,node,6958635336,51.2142326,4.4370497,OpenStreetMap via Overpass API
Belgium,Carrefour,Carrefour Market,Sittardstraat,10,3840,Borgloon,Sittardstraat 10 3840 Borgloon Belgium,way,753680100,50.8116704,5.3424224,OpenStreetMap via Overpass API
Belgium,Carrefour,Carrefour,de Robianostraat,155,2150,Borsbeek,de Robianostraat 155 2150 Borsbeek Belgium,way,44740567,51.1931847,4.4757542,OpenStreetMap via Overpass API
Belgium,Carrefour,Carrefour Market,Rue des Digues,58;60,7090,Braine-le-Comte,Rue des Digues 58;60 7090 Braine-le-Comte Belgium,way,40089541,50.6121918,4.140154,OpenStreetMap via Overpass API
Belgium,Carrefour,Carrefour,Ringlaan,21,2960,Brecht,Ringlaan 21 2960 Brecht Belgium,way,943549898,51.3577188,4.6403765,OpenStreetMap via Overpass API
Belgium,Carrefour,Carrefour Market,Pannebekestraat,103,8000,Brugge,Pannebekestraat 103 8000 Brugge Belgium,node,8635075171,51.2263702,3.2354557,OpenStreetMap via Overpass API
Belgium,Carrefour,Carrefour Market,Scheepsdalelaan,3,8000,Brugge,Scheepsdalelaan 3 8000 Brugge Belgium,way,146620178,51.216153,3.2130822,OpenStreetMap via Overpass API
Belgium,Carrefour,Carrefour Express,Boulevard Audent,4,6000,Charleroi,Boulevard Audent 4 6000 Charleroi Belgium,way,575733450,50.4099734,4.4431705,OpenStreetMap via Overpass API
Belgium,Carrefour,Carrefour Market,Rue des Prés,45,6200,Châtelineau,Rue des Prés 45 6200 Châtelineau Belgium,way,1414129027,50.4320728,4.5073394,OpenStreetMap via Overpass API
Belgium,Carrefour,Carrefour Market,Place Franklin D. Roosevelt,56,6180,Courcelles,Place Franklin D. Roosevelt 56 6180 Courcelles Belgium,way,74844566,50.4602646,4.379661,OpenStreetMap via Overpass API
Belgium,Carrefour,Carrefour Market,Faubourg Saint-Germain,13,5660,Couvin,Faubourg Saint-Germain 13 5660 Couvin Belgium,way,94905311,50.0512258,4.4947397,OpenStreetMap via Overpass API
Belgium,Carrefour,Carrefour,Bruggesteenweg,3,8340,Damme,Bruggesteenweg 3 8340 Damme Belgium,way,295132736,51.2041289,3.3106392,OpenStreetMap via Overpass API
Belgium,Carrefour,Carrefour Market,Aan de Bocht,22,9840,De Pinte,Aan de Bocht 22 9840 De Pinte Belgium,way,217588673,50.9939198,3.6443135,OpenStreetMap via Overpass API
Belgium,Carrefour,Carrefour,Vichtesteenweg,280,8540,Deerlijk,Vichtesteenweg 280 8540 Deerlijk Belgium,way,741289360,50.8442156,3.3843606,OpenStreetMap via Overpass API
Belgium,Carrefour,Carrefour Market,Gentseweg,134,8792,Desselgem,Gentseweg 134 8792 Desselgem Belgium,way,585476963,50.8844379,3.3698922,OpenStreetMap via Overpass API
Belgium,Carrefour,Carrefour Express,Bisschoppenhoflaan,219,2100,Deurne,Bisschoppenhoflaan 219 2100 Deurne Belgium,node,12294634301,51.2323656,4.4545877,OpenStreetMap via Overpass API
Belgium,Carrefour,Carrefour,Wijkstraat,37,3590,Diepenbeek,Wijkstraat 37 3590 Diepenbeek Belgium,node,4620935321,50.9076378,5.4265918,OpenStreetMap via Overpass API
Belgium,Carrefour,Carrefour,Leuvensesteenweg,110B,3290,Diest,Leuvensesteenweg 110B 3290 Diest Belgium,node,408433694,50.973926,5.0433237,OpenStreetMap via Overpass API
Belgium,Carrefour,Carrefour Market,Europalaan,104A,3650,Dilsen-Stokkem,Europalaan 104A 3650 Dilsen-Stokkem Belgium,node,12864100945,51.0380389,5.717986,OpenStreetMap via Overpass API
Belgium,Carrefour,Carrefour Market,Tienne de l'Europe,1,5500,Dinant,Tienne de l'Europe 1 5500 Dinant Belgium,way,745139296,50.2669754,4.9361319,OpenStreetMap via Overpass API
Belgium,Carrefour,Carrefour Market,Rue de la Corderie,1,7370,Dour,Rue de la Corderie 1 7370 Dour Belgium,node,9379184131,50.3973394,3.7714426,OpenStreetMap via Overpass API
Belgium,Carrefour,Carrefour Express,Merenstraat,1,3080,Duisburg,Merenstraat 1 3080 Duisburg Belgium,way,158694805,50.8155661,4.5517024,OpenStreetMap via Overpass API
Belgium,Carrefour,Carrefour,Prins Boudewijnlaan,306,2650,Edegem,Prins Boudewijnlaan 306 2650 Edegem Belgium,way,42732684,51.1625858,4.4268099,OpenStreetMap via Overpass API
Belgium,Carrefour,Carrefour,Koning Albertstraat,106,9900,Eeklo,Koning Albertstraat 106 9900 Eeklo Belgium,way,549367792,51.1864121,3.5583634,OpenStreetMap via Overpass API
Belgium,Carrefour,Carrefour Market,Oudenaardsesteenweg,381,9420,Erpe-Mere,Oudenaardsesteenweg 381 9420 Erpe-Mere Belgium,way,159360049,50.9256815,3.9564781,OpenStreetMap via Overpass API
Belgium,Carrefour,Carrefour Market,Rotenberg,12,4700,Eupen,Rotenberg 12 4700 Eupen Belgium,way,89603041,50.6263855,6.029553,OpenStreetMap via Overpass API
Belgium,Carrefour,Carrefour Market,Rue Francisco Ferrer,127,6240,Farciennes,Rue Francisco Ferrer 127 6240 Farciennes Belgium,way,461858995,50.4239767,4.5577405,OpenStreetMap via Overpass API
Belgium,Carrefour,Carrefour Market,Chaussée de Charleroi,248,6220,Fleurus,Chaussée de Charleroi 248 6220 Fleurus Belgium,way,132409462,50.4811324,4.5507415,OpenStreetMap via Overpass API
Belgium,Carrefour,Carrefour,Rue de la Clef,30,4620,Fléron,Rue de la Clef 30 4620 Fléron Belgium,way,29344729,50.6157616,5.6952133,OpenStreetMap via Overpass API
Belgium,Carrefour,Carrefour Market,Chaussée de Charleroi,142,5030,Gembloux,Chaussée de Charleroi 142 5030 Gembloux Belgium,node,299391059,50.5596052,4.6783615,OpenStreetMap via Overpass API
Belgium,Carrefour,Carrefour Market,Maaseikerbaan,159-163,3600,Genk,Maaseikerbaan 159-163 3600 Genk Belgium,way,645464080,50.994632,5.5517776,OpenStreetMap via Overpass API
Belgium,Carrefour,Carrefour Market,Broederlijke-Weversplein,1,9000,Gent,Broederlijke-Weversplein 1 9000 Gent Belgium,node,1236028104,51.0535894,3.7004163,OpenStreetMap via Overpass API
Belgium,Carrefour,Carrefour Market,Hundelgemsesteenweg,36,9050,Gent,Hundelgemsesteenweg 36 9050 Gent Belgium,node,3524882850,51.032696,3.7426594,OpenStreetMap via Overpass API
Belgium,Carrefour,Carrefour Express,Vlaamsekaai,106,9000,Gent,Vlaamsekaai 106 9000 Gent Belgium,way,679309499,51.0456636,3.7436647,OpenStreetMap via Overpass API
Belgium,Carrefour,Carrefour Express,Zwijnaardsesteenweg,68,9000,Gent,Zwijnaardsesteenweg 68 9000 Gent Belgium,node,1150961878,51.0347978,3.7256754,OpenStreetMap via Overpass API
Belgium,Carrefour,Carrefour Market,Rue de la Bruyère,215,1332,Genval,Rue de la Bruyère 215 1332 Genval Belgium,node,391038684,50.7262534,4.485953,OpenStreetMap via Overpass API
Belgium,Carrefour,Carrefour Market,Chaussée de Bruxelles,458,7822,Ghislenghien,Chaussée de Bruxelles 458 7822 Ghislenghien Belgium,way,1112337036,50.6544455,3.8824417,OpenStreetMap via Overpass API
Belgium,Carrefour,Carrefour Market,Rue du Calvaire,11,6041,Gosselies,Rue du Calvaire 11 6041 Gosselies Belgium,way,246880069,50.4678997,4.4332123,OpenStreetMap via Overpass API
Belgium,Carrefour,Carrefour Market,Brusselstraat,64,1702,Groot-Bijgaarden,Brusselstraat 64 1702 Groot-Bijgaarden Belgium,way,129123352,50.8681306,4.2763351,OpenStreetMap via Overpass API
Belgium,Carrefour,Carrefour Market,Avenue de la Gare,11,6720,Habay-la-Neuve,Avenue de la Gare 11 6720 Habay-la-Neuve Belgium,node,1786663988,49.7261343,5.6444268,OpenStreetMap via Overpass API
Belgium,Carrefour,Carrefour Market,De Statie,28,3945,Ham,De Statie 28 3945 Ham Belgium,node,3772971229,51.1038295,5.1734169,OpenStreetMap via Overpass API
Belgium,Carrefour,Carrefour Market,Deerlijksesteenweg,137,8530,Harelbeke,Deerlijksesteenweg 137 8530 Harelbeke Belgium,node,2464293101,50.8574828,3.3306557,OpenStreetMap via Overpass API
Belgium,Carrefour,Carrefour Express,Rue du Dépôt,15,7021,Havré,Rue du Dépôt 15 7021 Havré Belgium,node,480286933,50.4655433,4.0449867,OpenStreetMap via Overpass API
Belgium,Carrefour,Carrefour,Broekveldstraat,34,3020,Herent,Broekveldstraat 34 3020 Herent Belgium,node,1309538205,50.9105095,4.6735102,OpenStreetMap via Overpass API
Belgium,Carrefour,Carrefour Market,Diestsesteenweg,120,3540,Herk-de-Stad,Diestsesteenweg 120 3540 Herk-de-Stad Belgium,way,228949927,50.9440144,5.1430889,OpenStreetMap via Overpass API
Belgium,Carrefour,Carrefour Express,Diestsestraat,7,3540,Herk-de-Stad,Diestsestraat 7 3540 Herk-de-Stad Belgium,node,1990869127,50.9408506,5.1639428,OpenStreetMap via Overpass API
Belgium,Carrefour,Carrefour,Rue Basse Campagne,1,4040,Herstal,Rue Basse Campagne 1 4040 Herstal Belgium,node,1196609509,50.685916,5.6477718,OpenStreetMap via Overpass API
Belgium,Carrefour,Carrefour,Rue Bure Crèvecoeur,68,4040,Herstal,Rue Bure Crèvecoeur 68 4040 Herstal Belgium,way,119441187,50.6709643,5.6178614,OpenStreetMap via Overpass API
Belgium,Carrefour,Carrefour Express,Naamsesteenweg,104,3001,Heverlee,Naamsesteenweg 104 3001 Heverlee Belgium,way,96442906,50.8659117,4.6957262,OpenStreetMap via Overpass API
Belgium,Carrefour,Carrefour Market,Tervuursevest,113,3001,Heverlee,Tervuursevest 113 3001 Heverlee Belgium,node,3194449517,50.8706452,4.6919383,OpenStreetMap via Overpass API
Belgium,Carrefour,Carrefour,Sint-Bernardsesteenweg,1400,2660,Hoboken,Sint-Bernardsesteenweg 1400 2660 Hoboken Belgium,node,451760211,51.1602859,4.350259,OpenStreetMap via Overpass API
Belgium,Carrefour,Carrefour Express,Tiensestraat,12A,3320,Hoegaarden,Tiensestraat 12A 3320 Hoegaarden Belgium,way,160314290,50.7752915,4.8924084,OpenStreetMap via Overpass API
Belgium,Carrefour,Carrefour Express,Joseph Kumpsstraat,5,1560,Hoeilaart,Joseph Kumpsstraat 5 1560 Hoeilaart Belgium,way,286919502,50.7576741,4.4939802,OpenStreetMap via Overpass API
Belgium,Carrefour,Carrefour Market,Jonkershovestraat,101D,8650,Houthulst,Jonkershovestraat 101D 8650 Houthulst Belgium,way,300497056,50.9731411,2.9360546,OpenStreetMap via Overpass API
Belgium,Carrefour,Carrefour,Avenue Prince de Liège,57,5100,Jambes,Avenue Prince de Liège 57 5100 Jambes Belgium,node,245928810,50.4632337,4.8891783,OpenStreetMap via Overpass API
Belgium,Carrefour,Carrefour Market,Kirchplatz,34,4720,Kelmis / La Calamine,Kirchplatz 34 4720 Kelmis / La Calamine Belgium,way,90075030,50.7173965,6.0147832,OpenStreetMap via Overpass API
Belgium,Carrefour,Carrefour Express,Diestsesteenweg,104,3010,Kessel-Lo,Diestsesteenweg 104 3010 Kessel-Lo Belgium,node,4115108817,50.8839446,4.7230375,OpenStreetMap via Overpass API
Belgium,Carrefour,Carrefour Market,Natiënlaan,77,8300,Knokke-Heist,Natiënlaan 77 8300 Knokke-Heist Belgium,way,304387818,51.3368215,3.2899895,OpenStreetMap via Overpass API
Belgium,Carrefour,Carrefour Express,Zeedijk-Duinbergen,337,8301,Knokke-Heist,Zeedijk-Duinbergen 337 8301 Knokke-Heist Belgium,node,1876845032,51.3445375,3.2582681,OpenStreetMap via Overpass API
Belgium,Carrefour,Carrefour Express,Leopold II Laan,100,8670,Koksijde,Leopold II Laan 100 8670 Koksijde Belgium,way,757456284,51.121454,2.6791536,OpenStreetMap via Overpass API
Belgium,Carrefour,Carrefour,Strandlaan,19,8670,Koksijde,Strandlaan 19 8670 Koksijde Belgium,way,1213164903,51.0997225,2.6300918,OpenStreetMap via Overpass API
Belgium,Carrefour,Carrefour Market,Dorpsplein,10A,3470,Kortenaken,Dorpsplein 10A 3470 Kortenaken Belgium,way,159226179,50.9099753,5.0584714,OpenStreetMap via Overpass API
Belgium,Carrefour,Carrefour,Burgemeester Vercruysselaan,34,8500,Kortrijk,Burgemeester Vercruysselaan 34 8500 Kortrijk Belgium,way,276264521,50.8365388,3.2642597,OpenStreetMap via Overpass API
Belgium,Carrefour,Carrefour Market,Rekkemsestraat,133;135;139,8510,Kortrijk,Rekkemsestraat 133;135;139 8510 Kortrijk Belgium,node,10157899593,50.807628,3.228009,OpenStreetMap via Overpass API
Belgium,Carrefour,Carrefour,Walle,2,8500,Kortrijk,Walle 2 8500 Kortrijk Belgium,way,570223244,50.8162894,3.2691226,OpenStreetMap via Overpass API
Belgium,Carrefour,Carrefour Market,Tramstatie,3,9770,Kruisem,Tramstatie 3 9770 Kruisem Belgium,node,7112964116,50.9077343,3.5292485,OpenStreetMap via Overpass API
Belgium,Carrefour,Carrefour Express,Brugsesteenweg,204,8520,Kuurne,Brugsesteenweg 204 8520 Kuurne Belgium,way,649461927,50.8580156,3.2708167,OpenStreetMap via Overpass API
Belgium,Carrefour,Carrefour Market,"Rue Albert 1, Roi des Belges",21,7100,La Louvière,"Rue Albert 1, Roi des Belges 21 7100 La Louvière Belgium",way,1188108474,50.4764503,4.1876119,OpenStreetMap via Overpass API
Belgium,Carrefour,Carrefour Market,Maaseikersteenweg,231,3620,Lanaken,Maaseikersteenweg 231 3620 Lanaken Belgium,way,46937688,50.8926213,5.6737989,OpenStreetMap via Overpass API
Belgium,Carrefour,Carrefour,Attenhovenstraat,38,3400,Landen,Attenhovenstraat 38 3400 Landen Belgium,way,239777904,50.7570476,5.0820324,OpenStreetMap via Overpass API
Belgium,Carrefour,Carrefour Express,Aarschotsesteenweg,264,3012,Leuven,Aarschotsesteenweg 264 3012 Leuven Belgium,node,6606011560,50.9160289,4.7163105,OpenStreetMap via Overpass API
Belgium,Carrefour,Carrefour Express,Brusselsestraat,60,3000,Leuven,Brusselsestraat 60 3000 Leuven Belgium,node,616303329,50.880237,4.6973208,OpenStreetMap via Overpass API
Belgium,Carrefour,Carrefour Express,Naamsestraat,48,3000,Leuven,Naamsestraat 48 3000 Leuven Belgium,node,460423411,50.8760711,4.700208,OpenStreetMap via Overpass API
Belgium,Carrefour,Carrefour,Rector De Somerplein,12,3000,Leuven,Rector De Somerplein 12 3000 Leuven Belgium,node,3830644598,50.8791148,4.7033079,OpenStreetMap via Overpass API
Belgium,Carrefour,Carrefour Express,Tiensevest,10,3000,Leuven,Tiensevest 10 3000 Leuven Belgium,node,576325976,50.8820184,4.7139137,OpenStreetMap via Overpass API
Belgium,Carrefour,Carrefour Express,Weldadigheidsstraat,58;60,3000,Leuven,Weldadigheidsstraat 58;60 3000 Leuven Belgium,way,254536294,50.8706469,4.7043635,OpenStreetMap via Overpass API
Belgium,Carrefour,Carrefour Market,Boulevard Ernest Solvay,517,4000,Liège,Boulevard Ernest Solvay 517 4000 Liège Belgium,way,127548927,50.661094,5.5955033,OpenStreetMap via Overpass API
Belgium,Carrefour,Carrefour Express,Boulevard d'Avroy,31,4000,Liège,Boulevard d'Avroy 31 4000 Liège Belgium,node,7003806518,50.6384395,5.5689211,OpenStreetMap via Overpass API
Belgium,Carrefour,Carrefour Express,Boulevard de Douai,6,4020,Liège,Boulevard de Douai 6 4020 Liège Belgium,way,222764375,50.6217886,5.5929578,OpenStreetMap via Overpass API
Belgium,Carrefour,Carrefour Express,Féronstrée,27,4000,Liège,Féronstrée 27 4000 Liège Belgium,node,2092204936,50.6462178,5.5780058,OpenStreetMap via Overpass API
Belgium,Carrefour,Carrefour Express,Place des Guillemins,7,4000,Liège,Place des Guillemins 7 4000 Liège Belgium,node,7600723427,50.6258418,5.5664043,OpenStreetMap via Overpass API
Belgium,Carrefour,Carrefour Express,Rue Pont Saint-Nicolas,3,4020,Liège,Rue Pont Saint-Nicolas 3 4020 Liège Belgium,way,223719766,50.6411245,5.5817832,OpenStreetMap via Overpass API
Belgium,Carrefour,Carrefour Express,Rue Saint-Léonard,14,4000,Liège,Rue Saint-Léonard 14 4000 Liège Belgium,way,176664510,50.6478349,5.5864312,OpenStreetMap via Overpass API
Belgium,Carrefour,Carrefour Market,Rue de Herve,461,4030,Liège,Rue de Herve 461 4030 Liège Belgium,node,9803302074,50.6282991,5.6210212,OpenStreetMap via Overpass API
Belgium,Carrefour,Carrefour Market,Rue du Laveu,2,4000,Liège,Rue du Laveu 2 4000 Liège Belgium,node,13202966257,50.6323403,5.5588854,OpenStreetMap via Overpass API
Belgium,Carrefour,Carrefour,Kloosterstraat,22,3920,Lommel,Kloosterstraat 22 3920 Lommel Belgium,way,109885152,51.2295405,5.3144166,OpenStreetMap via Overpass API
Belgium,Carrefour,Carrefour,Neutralstraße,910B,4710,Lontzen,Neutralstraße 910B 4710 Lontzen Belgium,way,147172077,50.6532962,5.9958124,OpenStreetMap via Overpass API
Belgium,Carrefour,Carrefour Market,Bollenberg,8,3210,Lubbeek,Bollenberg 8 3210 Lubbeek Belgium,node,1966374348,50.8811961,4.8404413,OpenStreetMap via Overpass API
Belgium,Carrefour,Carrefour Market,Neerstraat,18-20,3560,Lummen,Neerstraat 18-20 3560 Lummen Belgium,way,160512537,50.9846159,5.1928058,OpenStreetMap via Overpass API
Belgium,Carrefour,Carrefour Market,Heirstraat,210,3630,Maasmechelen,Heirstraat 210 3630 Maasmechelen Belgium,way,303633583,50.9644478,5.696826,OpenStreetMap via Overpass API
Belgium,Carrefour,Carrefour Market,Grand'Rue,77,7170,Manage,Grand'Rue 77 7170 Manage Belgium,way,1204725693,50.5014461,4.2352484,OpenStreetMap via Overpass API
Belgium,Carrefour,Carrefour Market,Rue Delvigne,50,6900,Marche-en-Famenne,Rue Delvigne 50 6900 Marche-en-Famenne Belgium,node,1865684881,50.1666292,5.2723371,OpenStreetMap via Overpass API
Belgium,Carrefour,Carrefour Market,Avenue Eugène Mascaux,869,6001,Marcinelle,Avenue Eugène Mascaux 869 6001 Marcinelle Belgium,way,1167126348,50.3804632,4.4264427,OpenStreetMap via Overpass API
Belgium,Carrefour,Carrefour,Meerdorp,12,2321,Meer,Meerdorp 12 2321 Meer Belgium,node,4205746732,51.4434901,4.7387889,OpenStreetMap via Overpass API
Belgium,Carrefour,Carrefour,Ieperstraat,214;228;234,8930,Menen,Ieperstraat 214;228;234 8930 Menen Belgium,way,457495751,50.7991381,3.1101955,OpenStreetMap via Overpass API
Belgium,Carrefour,Carrefour,Kruisven,40,2400,Mol,Kruisven 40 2400 Mol Belgium,way,136506863,51.1774983,5.123257,OpenStreetMap via Overpass API
Belgium,Carrefour,Carrefour Market,St.-Jozefslaan,96A,2400,Mol,St.-Jozefslaan 96A 2400 Mol Belgium,way,135458949,51.1956186,5.2249055,OpenStreetMap via Overpass API
Belgium,Carrefour,Carrefour Market,Avenue Paul Pastur,179,6032,Mont-sur-Marchienne,Avenue Paul Pastur 179 6032 Mont-sur-Marchienne Belgium,way,1415702220,50.3918227,4.4127529,OpenStreetMap via Overpass API
Belgium,Carrefour,Carrefour,Rue de la Station,1,6110,Montigny-le-Tilleul,Rue de la Station 1 6110 Montigny-le-Tilleul Belgium,way,1344838639,50.3687111,4.3961515,OpenStreetMap via Overpass API
Belgium,Carrefour,Carrefour Market,Roeselaarsestraat,23,8890,Moorslede,Roeselaarsestraat 23 8890 Moorslede Belgium,way,310948297,50.8928747,3.0613909,OpenStreetMap via Overpass API
Belgium,Carrefour,Carrefour,Liersesteenweg,127-133,2640,Mortsel,Liersesteenweg 127-133 2640 Mortsel Belgium,way,39885695,51.1703997,4.4651536,OpenStreetMap via Overpass API
Belgium,Carrefour,Carrefour Express,Boulevard du Nord,21,5000,Namur,Boulevard du Nord 21 5000 Namur Belgium,node,5428621075,50.4702149,4.8636631,OpenStreetMap via Overpass API
Belgium,Carrefour,Carrefour Express,Place de la Station,1,5000,Namur,Place de la Station 1 5000 Namur Belgium,node,12044065293,50.4690936,4.8622221,OpenStreetMap via Overpass API
Belgium,Carrefour,Carrefour Express,Place de la Station,1-3;2B,5000,Namur,Place de la Station 1-3;2B 5000 Namur Belgium,way,585935956,50.4681586,4.8636707,OpenStreetMap via Overpass API
Belgium,Carrefour,Carrefour Market,Chaussée de Marche,742,5100,Naninne,Chaussée de Marche 742 5100 Naninne Belgium,way,270767970,50.4297053,4.9211841,OpenStreetMap via Overpass API
Belgium,Carrefour,Carrefour Market,Antwerpsestraat,43/1;43/2,2845,Niel,Antwerpsestraat 43/1;43/2 2845 Niel Belgium,way,282706165,51.1081877,4.3292665,OpenStreetMap via Overpass API
Belgium,Carrefour,Carrefour Market,Valkestraat,4,8620,Nieuwpoort,Valkestraat 4 8620 Nieuwpoort Belgium,way,480422892,51.1330827,2.75143,OpenStreetMap via Overpass API
Belgium,Carrefour,Carrefour Express,Dorp,3,3221,Nieuwrode,Dorp 3 3221 Nieuwrode Belgium,node,1639245125,50.9508416,4.8359481,OpenStreetMap via Overpass API
Belgium,Carrefour,Carrefour Express,Veldstraat,2,2491,Olmen,Veldstraat 2 2491 Olmen Belgium,node,9243764480,51.1393582,5.1526781,OpenStreetMap via Overpass API
Belgium,Carrefour,Carrefour,Oudebareelstraat,85,9041,Oostakker,Oudebareelstraat 85 9041 Oostakker Belgium,way,125159077,51.0758712,3.7758119,OpenStreetMap via Overpass API
Belgium,Carrefour,Carrefour Market,Alfons Pieterslaan,85,8400,Oostende,Alfons Pieterslaan 85 8400 Oostende Belgium,node,10840099873,51.225269,2.9106565,OpenStreetMap via Overpass API
Belgium,Carrefour,Carrefour Express,Frère-Orbanstraat,114,8400,Oostende,Frère-Orbanstraat 114 8400 Oostende Belgium,node,10054062368,51.219319,2.9127826,OpenStreetMap via Overpass API
Belgium,Carrefour,Carrefour,Nieuwpoortsesteenweg,665,8400,Oostende,Nieuwpoortsesteenweg 665 8400 Oostende Belgium,way,836117019,51.2121295,2.8823635,OpenStreetMap via Overpass API
Belgium,Carrefour,Carrefour Express,Sint-Catharinaplein,23,8400,Oostende,Sint-Catharinaplein 23 8400 Oostende Belgium,node,9900315504,51.2165351,2.9050248,OpenStreetMap via Overpass API
Belgium,Carrefour,Carrefour,Torhoutsesteenweg,391,8400,Oostende,Torhoutsesteenweg 391 8400 Oostende Belgium,way,599390706,51.2130786,2.9055004,OpenStreetMap via Overpass API
Belgium,Carrefour,Carrefour,Kortrijksestraat,20;22,8020,Oostkamp,Kortrijksestraat 20;22 8020 Oostkamp Belgium,way,670713119,51.1534761,3.234818,OpenStreetMap via Overpass API
Belgium,Carrefour,Carrefour,Sint-Elooisstraat,1,8020,Oostkamp,Sint-Elooisstraat 1 8020 Oostkamp Belgium,way,162281376,51.0967213,3.2065811,OpenStreetMap via Overpass API
Belgium,Carrefour,Carrefour,Wielsbekestraat,28,8780,Oostrozebeke,Wielsbekestraat 28 8780 Oostrozebeke Belgium,way,416526136,50.9204331,3.3377153,OpenStreetMap via Overpass API
Belgium,Carrefour,Carrefour,Avenue du Centenaire,1,4102,Ougrée - Seraing,Avenue du Centenaire 1 4102 Ougrée - Seraing Belgium,way,52041324,50.59565,5.5379296,OpenStreetMap via Overpass API
Belgium,Carrefour,Carrefour Market,Rue de France,47,5600,Philippeville,Rue de France 47 5600 Philippeville Belgium,way,121220227,50.197177,4.5367907,OpenStreetMap via Overpass API
Belgium,Carrefour,Carrefour Market,Rue de France,47,5600,Philippeville,Rue de France 47 5600 Philippeville Belgium,node,13153911642,50.1971893,4.5367711,OpenStreetMap via Overpass API
Belgium,Carrefour,Carrefour Market,Broeders Maristenstraat,4,8740,Pittem,Broeders Maristenstraat 4 8740 Pittem Belgium,node,1352603969,50.9920935,3.2645434,OpenStreetMap via Overpass API
Belgium,Carrefour,Carrefour Express,Paardenmarkt,10C,8970,Poperinge,Paardenmarkt 10C 8970 Poperinge Belgium,node,12088516769,50.8552655,2.7293608,OpenStreetMap via Overpass API
Belgium,Carrefour,Carrefour,Waverlei,3,2580,Putte,Waverlei 3 2580 Putte Belgium,way,341222008,51.056077,4.6266255,OpenStreetMap via Overpass API
Belgium,Carrefour,Carrefour Market,Rue Grande,35,7380,Quiévrain,Rue Grande 35 7380 Quiévrain Belgium,way,517678215,50.4064513,3.6832829,OpenStreetMap via Overpass API
Belgium,Carrefour,Carrefour Market,Dorp,77,2382,Ravels,Dorp 77 2382 Ravels Belgium,node,4389097178,51.4475647,5.0430347,OpenStreetMap via Overpass API
Belgium,Carrefour,Carrefour Market,Molenstraat,83,2840,Reet,Molenstraat 83 2840 Reet Belgium,node,5273090516,51.0990069,4.4077514,OpenStreetMap via Overpass API
Belgium,Carrefour,Carrefour Market,Visésteenweg,174,3770,Riemst,Visésteenweg 174 3770 Riemst Belgium,way,999033028,50.7964236,5.6149252,OpenStreetMap via Overpass API
Belgium,Carrefour,Carrefour Express,Diestsesteenweg,359,3202,Rillaar,Diestsesteenweg 359 3202 Rillaar Belgium,node,9343238096,50.9740861,4.8973418,OpenStreetMap via Overpass API
Belgium,Carrefour,Carrefour Express,Beversesteenweg,490;490A,8800,Roeselare,Beversesteenweg 490;490A 8800 Roeselare Belgium,way,305986661,50.9683479,3.1470773,OpenStreetMap via Overpass API
Belgium,Carrefour,Carrefour Market,Rue Edmond Foulon,21,6044,Roux,Rue Edmond Foulon 21 6044 Roux Belgium,way,1227171975,50.4429509,4.3923684,OpenStreetMap via Overpass API
Belgium,Carrefour,Carrefour,Rue Eloi Fouarge,21,4470,Saint-Georges-sur-Meuse,Rue Eloi Fouarge 21 4470 Saint-Georges-sur-Meuse Belgium,relation,13212779,50.5901806,5.3624189,OpenStreetMap via Overpass API
Belgium,Carrefour,Carrefour Market,Rue de Sas,89,7330,Saint-Ghislain,Rue de Sas 89 7330 Saint-Ghislain Belgium,way,84231021,50.4561696,3.8130494,OpenStreetMap via Overpass API
Belgium,Carrefour,Carrefour Market,Pré sous la Ville,7,6870,Saint-Hubert,Pré sous la Ville 7 6870 Saint-Hubert Belgium,way,219788032,50.027789,5.371259,OpenStreetMap via Overpass API
Belgium,Carrefour,Carrefour,Bredabaan,967,2900,Schoten,Bredabaan 967 2900 Schoten Belgium,node,361506061,51.25819,4.4654889,OpenStreetMap via Overpass API
Belgium,Carrefour,Carrefour,Gistelse Steenweg,344,8200,Sint-Andries,Gistelse Steenweg 344 8200 Sint-Andries Belgium,way,93957833,51.2001436,3.1909836,OpenStreetMap via Overpass API
Belgium,Carrefour,Carrefour Market Brugge Sint-Andries,Torhoutse Steenweg,130,8200,Sint-Andries,Torhoutse Steenweg 130 8200 Sint-Andries Belgium,way,527232793,51.1992352,3.2025355,OpenStreetMap via Overpass API
Belgium,Carrefour,Carrefour,Kortrijksesteenweg,1133;1135;1137;1139;1133A-1133B;1135A-1135B,9051,Sint-Denijs-Westrem,Kortrijksesteenweg 1133;1135;1137;1139;1133A-1133B;1135A-1135B 9051 Sint-Denijs-Westrem Belgium,way,212442394,51.0161275,3.6697618,OpenStreetMap via Overpass API
Belgium,Carrefour,Carrefour,Gentseweg,524,8793,Sint-Eloois-Vijve,Gentseweg 524 8793 Sint-Eloois-Vijve Belgium,way,585229807,50.8980087,3.401727,OpenStreetMap via Overpass API
Belgium,Carrefour,Carrefour Express,Generaal Deschachtstraat,37,2860,Sint-Katelijne-Waver,Generaal Deschachtstraat 37 2860 Sint-Katelijne-Waver Belgium,way,342335075,51.0667131,4.5289148,OpenStreetMap via Overpass API
Belgium,Carrefour,Carrefour,Tongersesteenweg,227,3800,Sint-Truiden,Tongersesteenweg 227 3800 Sint-Truiden Belgium,way,290249389,50.8092024,5.227969,OpenStreetMap via Overpass API
Belgium,Carrefour,Carrefour,Chemin de la Guelenne,1,7060,Soignies,Chemin de la Guelenne 1 7060 Soignies Belgium,way,22744623,50.5852487,4.0733563,OpenStreetMap via Overpass API
Belgium,Carrefour,Carrefour Market,Malmedyer Straße,22c,4780,St. Vith,Malmedyer Straße 22c 4780 St. Vith Belgium,node,1525032853,50.2847177,6.1239603,OpenStreetMap via Overpass API
Belgium,Carrefour,Carrefour Express,Fuérisonplaats,10,1820,Steenokkerzeel,Fuérisonplaats 10 1820 Steenokkerzeel Belgium,node,2266150436,50.9098392,4.5129263,OpenStreetMap via Overpass API
Belgium,Carrefour,Carrefour Market,Leuvensesteenweg,74,3080,Tervuren,Leuvensesteenweg 74 3080 Tervuren Belgium,way,31658144,50.8352633,4.526192,OpenStreetMap via Overpass API
Belgium,Carrefour,Carrefour Market,Stationsstraat,12,3980,Tessenderlo,Stationsstraat 12 3980 Tessenderlo Belgium,way,510764456,51.0671121,5.0893879,OpenStreetMap via Overpass API
Belgium,Carrefour,Carrefour Market,Voort,5,3272,Testelt,Voort 5 3272 Testelt Belgium,way,760186415,51.0177113,4.9551742,OpenStreetMap via Overpass API
Belgium,Carrefour,Carrefour,Albertvest,15,3300,Tienen,Albertvest 15 3300 Tienen Belgium,way,95324892,50.8133754,4.932138,OpenStreetMap via Overpass API
Belgium,Carrefour,Carrefour Express,Trapstraat,2,3300,Tienen,Trapstraat 2 3300 Tienen Belgium,way,610722399,50.8065629,4.9392103,OpenStreetMap via Overpass API
Belgium,Carrefour,Carrefour Express,Burg,55,8820,Torhout,Burg 55 8820 Torhout Belgium,way,1219509644,51.0677914,3.1018517,OpenStreetMap via Overpass API
Belgium,Carrefour,Carrefour Market,Oostendestraat,284,8820,Torhout,Oostendestraat 284 8820 Torhout Belgium,node,11217769365,51.0716737,3.0808121,OpenStreetMap via Overpass API
Belgium,Carrefour,Carrefour Express,Place de Lille,7,7500,Tournai,Place de Lille 7 7500 Tournai Belgium,node,12652979342,50.6068256,3.3807902,OpenStreetMap via Overpass API
Belgium,Carrefour,Carrefour Express,Rue des Jardins,4,7500,Tournai,Rue des Jardins 4 7500 Tournai Belgium,node,4241411394,50.6091132,3.3915157,OpenStreetMap via Overpass API
Belgium,Carrefour,Intermarche,Rue de Gosselies,76,6183,Trazegnies,Rue de Gosselies 76 6183 Trazegnies Belgium,way,92442488,50.4621025,4.3378626,OpenStreetMap via Overpass API
Belgium,Carrefour,Carrefour Market,Baalsebaan,251A,3128,Tremelo,Baalsebaan 251A 3128 Tremelo Belgium,node,10984555398,50.9949007,4.7457691,OpenStreetMap via Overpass API
Belgium,Carrefour,Carrefour Market,Rue de Nivelles,6,1480,Tubize,Rue de Nivelles 6 1480 Tubize Belgium,node,6654854419,50.6947537,4.2066606,OpenStreetMap via Overpass API
Belgium,Carrefour,Carrefour Market,Rue Gustave Guidet,16,5020,Vedrin,Rue Gustave Guidet 16 5020 Vedrin Belgium,way,106555920,50.5045764,4.8733254,OpenStreetMap via Overpass API
Belgium,Carrefour,Carrefour Express,Pont Saint-Laurent,6,4800,Verviers,Pont Saint-Laurent 6 4800 Verviers Belgium,node,12102042619,50.5926581,5.8600759,OpenStreetMap via Overpass API
Belgium,Carrefour,Carrefour,Rue Victor Besme,77,4800,Verviers,Rue Victor Besme 77 4800 Verviers Belgium,node,11584056119,50.5848818,5.8478538,OpenStreetMap via Overpass API
Belgium,Carrefour,Carrefour Express,James Ensorlaan,35,1800,Vilvoorde,James Ensorlaan 35 1800 Vilvoorde Belgium,node,1007026522,50.9201908,4.4052544,OpenStreetMap via Overpass API
Belgium,Carrefour,Carrefour Market,Leuvensestraat,17,1800,Vilvoorde,Leuvensestraat 17 1800 Vilvoorde Belgium,node,5036551899,50.9287333,4.4251162,OpenStreetMap via Overpass API
Belgium,Carrefour,Carrefour Market,Geelsebaan,30,2430,Vorst-Meerlaar,Geelsebaan 30 2430 Vorst-Meerlaar Belgium,way,317574152,51.0869454,5.0695329,OpenStreetMap via Overpass API
Belgium,Carrefour,Carrefour Market,Kerkstraat,12,2350,Vosselaar,Kerkstraat 12 2350 Vosselaar Belgium,way,107097019,51.3131956,4.8895763,OpenStreetMap via Overpass API
Belgium,Carrefour,Carrefour Market,Zuiderlaan,72,8790,Waregem,Zuiderlaan 72 8790 Waregem Belgium,way,452466077,50.8876857,3.4421457,OpenStreetMap via Overpass API
Belgium,Carrefour,Carrefour Express,Boulevard de la Cense,72,1410,Waterloo,Boulevard de la Cense 72 1410 Waterloo Belgium,node,1135769148,50.70648,4.388257,OpenStreetMap via Overpass API
Belgium,Carrefour,Hypermarché Carrefour MONT ST JEAN,Chaussée de Charleroi,579,1410,Waterloo,Chaussée de Charleroi 579 1410 Waterloo Belgium,way,29243181,50.6889713,4.4110753,OpenStreetMap via Overpass API
Belgium,Carrefour,Carrefour Market,Drève Richelle,10,1410,Waterloo,Drève Richelle 10 1410 Waterloo Belgium,node,12565647324,50.7097427,4.403115,OpenStreetMap via Overpass API
Belgium,Carrefour,Carrefour Market,Avenue des Princes,9,1300,Wavre,Avenue des Princes 9 1300 Wavre Belgium,way,150408242,50.7163664,4.6171433,OpenStreetMap via Overpass API
Belgium,Carrefour,Carrefour Express,Gevaertlaan,2,2260,Westerlo,Gevaertlaan 2 2260 Westerlo Belgium,node,297191697,51.0880165,4.8717731,OpenStreetMap via Overpass API
Belgium,Carrefour,Carrefour,Chaussée de Dinant,1137,5100,Wépion,Chaussée de Dinant 1137 5100 Wépion Belgium,way,120936272,50.4119907,4.8816917,OpenStreetMap via Overpass API
Belgium,Carrefour,Carrefour,Stationsstraat,68,1930,Zaventem,Stationsstraat 68 1930 Zaventem Belgium,node,2108652968,50.8834383,4.4716507,OpenStreetMap via Overpass API
Belgium,Carrefour,Carrefour Market,Nachtegaalstraat,5,9870,Zulte,Nachtegaalstraat 5 9870 Zulte Belgium,way,182831894,50.9232062,3.4495083,OpenStreetMap via Overpass API
Belgium,Carrefour,Carrefour Market,Vonderstraat,1,3690,Zutendaal,Vonderstraat 1 3690 Zutendaal Belgium,node,12326818989,50.930979,5.5720072,OpenStreetMap via Overpass API
Belgium,Carrefour,Carrefour Market,Tramstraat,4,8750,Zwevezele,Tramstraat 4 8750 Zwevezele Belgium,way,661124262,51.0388906,3.215175,OpenStreetMap via Overpass API
Belgium,Carrefour,Carrefour Market,Schuttershoflaan,1,8560,gullegem,Schuttershoflaan 1 8560 gullegem Belgium,node,8151458518,50.8399058,3.2009268,OpenStreetMap via Overpass API
Belgium,Carrefour,Carrefour Market,Rue Bel-Air,3,7190,Écaussinnes-d'Enghien,Rue Bel-Air 3 7190 Écaussinnes-d'Enghien Belgium,way,1339114008,50.564834,4.1596248,OpenStreetMap via Overpass API
Belgium,Carrefour,Carrefour Market,Rue de la Haie,60,7190,Écaussinnes-d'Enghien,Rue de la Haie 60 7190 Écaussinnes-d'Enghien Belgium,way,1339112032,50.5692442,4.1689841,OpenStreetMap via Overpass API
Belgium,Colruyt,Colruyt,Gasthuisstraat,65,3200,Aarschot,Gasthuisstraat 65 3200 Aarschot Belgium,way,117325763,50.987482,4.8407584,OpenStreetMap via Overpass API
Belgium,Colruyt,Colruyt,Leuvensesteenweg,241,3200,Aarschot,Leuvensesteenweg 241 3200 Aarschot Belgium,way,100287415,50.9762145,4.8108426,OpenStreetMap via Overpass API
Belgium,Colruyt,Colruyt,Chaussée de Tongres,247,4540,Amay,Chaussée de Tongres 247 4540 Amay Belgium,way,155988472,50.5567697,5.3045652,OpenStreetMap via Overpass API
Belgium,Colruyt,Colruyt,Rue de la Station,4,6150,Anderlues,Rue de la Station 4 6150 Anderlues Belgium,way,1126008636,50.4006304,4.2790027,OpenStreetMap via Overpass API
Belgium,Colruyt,Colruyt,Rue des Français,88,4430,Ans,Rue des Français 88 4430 Ans Belgium,node,1722104752,50.6586929,5.5334401,OpenStreetMap via Overpass API
Belgium,Colruyt,Colruyt,Avenue de l'Europe,14,7640,Antoing,Avenue de l'Europe 14 7640 Antoing Belgium,way,323077562,50.5654448,3.4517608,OpenStreetMap via Overpass API
Belgium,Colruyt,Colruyt,Gentplaats,15,2000,Antwerpen,Gentplaats 15 2000 Antwerpen Belgium,node,7886824508,51.2058871,4.3863481,OpenStreetMap via Overpass API
Belgium,Colruyt,Colruyt,Rue de l'Hydrion,15,6700,Arlon,Rue de l'Hydrion 15 6700 Arlon Belgium,way,128639711,49.681116,5.8037601,OpenStreetMap via Overpass API
Belgium,Colruyt,Colruyt,Doorniksesteenweg,272,8580,Avelgem,Doorniksesteenweg 272 8580 Avelgem Belgium,way,263374438,50.7640573,3.4395206,OpenStreetMap via Overpass API
Belgium,Colruyt,Colruyt,Chaussée de Dinant,5,4500,Ben-Ahin,Chaussée de Dinant 5 4500 Ben-Ahin Belgium,way,140395248,50.522523,5.218518,OpenStreetMap via Overpass API
Belgium,Colruyt,Colruyt,Maastrichterstraat,18,3740,Bilzen,Maastrichterstraat 18 3740 Bilzen Belgium,way,922754767,50.8655971,5.5258026,OpenStreetMap via Overpass API
Belgium,Colruyt,Colruyt,Rue Zéphirin Fontaine,162,7130,Binche,Rue Zéphirin Fontaine 162 7130 Binche Belgium,way,1122632224,50.4221668,4.1712339,OpenStreetMap via Overpass API
Belgium,Colruyt,Colruyt,Ruiterstraat,2,8370,Blankenberge,Ruiterstraat 2 8370 Blankenberge Belgium,way,272808143,51.3026767,3.1428765,OpenStreetMap via Overpass API
Belgium,Colruyt,Colruyt,Rue de Tubize,6,1440,Braine-le-Château,Rue de Tubize 6 1440 Braine-le-Château Belgium,way,163994303,50.6815814,4.2640791,OpenStreetMap via Overpass API
Belgium,Colruyt,Colruyt,Leopoldslei,24,2930,Brasschaat,Leopoldslei 24 2930 Brasschaat Belgium,node,7164949735,51.2895259,4.4854411,OpenStreetMap via Overpass API
Belgium,Colruyt,Colruyt,Regenboogstraat,14,3960,Bree,Regenboogstraat 14 3960 Bree Belgium,node,655090322,51.1385006,5.607188,OpenStreetMap via Overpass API
Belgium,Colruyt,Colruyt,Nijverheidsstraat,124,8310,Brugge,Nijverheidsstraat 124 8310 Brugge Belgium,way,288479462,51.2069566,3.2418954,OpenStreetMap via Overpass API
Belgium,Colruyt,Colruyt,Veemarktstraat,1,8000,Brugge,Veemarktstraat 1 8000 Brugge Belgium,way,146553976,51.2213701,3.2145992,OpenStreetMap via Overpass API
Belgium,Colruyt,Colruyt,Clos du Chêne au Bois,13,7160,Chapelle-lez-Herlaimont,Clos du Chêne au Bois 13 7160 Chapelle-lez-Herlaimont Belgium,way,137310529,50.4751467,4.2727043,OpenStreetMap via Overpass API
Belgium,Colruyt,Colruyt,Saint-Gilles,17,5590,Ciney,Saint-Gilles 17 5590 Ciney Belgium,way,95224819,50.3072944,5.1176159,OpenStreetMap via Overpass API
Belgium,Colruyt,Colruyt,Place de Cuesmes,57,7033,Cuesmes,Place de Cuesmes 57 7033 Cuesmes Belgium,way,107395503,50.4359558,3.9264083,OpenStreetMap via Overpass API
Belgium,Colruyt,Colruyt,Chaussée de Bruxelles,233,6020,Dampremy,Chaussée de Bruxelles 233 6020 Dampremy Belgium,way,250206974,50.4185216,4.4380311,OpenStreetMap via Overpass API
Belgium,Colruyt,Colruyt,Gampelaeredreef,1,9800,Deinze,Gampelaeredreef 1 9800 Deinze Belgium,way,175963287,50.980579,3.5470812,OpenStreetMap via Overpass API
Belgium,Colruyt,Colruyt,Leuvensesteenweg,72,3290,Diest,Leuvensesteenweg 72 3290 Diest Belgium,node,1712926753,50.9770045,5.0455353,OpenStreetMap via Overpass API
Belgium,Colruyt,Colruyt,Rijkswachtstraat,1,8600,Diksmuide,Rijkswachtstraat 1 8600 Diksmuide Belgium,way,298617806,51.0314506,2.8706968,OpenStreetMap via Overpass API
Belgium,Colruyt,Colruyt,Rue Saint-Jacques,355,5500,Dinant,Rue Saint-Jacques 355 5500 Dinant Belgium,way,202132963,50.2655824,4.9375232,OpenStreetMap via Overpass API
Belgium,Colruyt,Colruyt,Rue d'Élouges,104,7370,Dour,Rue d'Élouges 104 7370 Dour Belgium,way,538823141,50.3958312,3.7680181,OpenStreetMap via Overpass API
Belgium,Colruyt,Colruyt,Herbesthaler Straße,56,4700,Eupen,Herbesthaler Straße 56 4700 Eupen Belgium,way,96806391,50.6344252,6.0229807,OpenStreetMap via Overpass API
Belgium,Colruyt,Colruyt,Rue de la Sucrerie,6,5030,Gembloux,Rue de la Sucrerie 6 5030 Gembloux Belgium,way,67626902,50.5696052,4.6960185,OpenStreetMap via Overpass API
Belgium,Colruyt,Colruyt,Hasseltweg,216,3600,Genk,Hasseltweg 216 3600 Genk Belgium,way,1096700778,50.9612717,5.4518592,OpenStreetMap via Overpass API
Belgium,Colruyt,Colruyt,Vennestraat,225,3600,Genk,Vennestraat 225 3600 Genk Belgium,way,237132335,50.9772658,5.4906239,OpenStreetMap via Overpass API
Belgium,Colruyt,Colruyt,Drongensesteenweg,197,9000,Gent,Drongensesteenweg 197 9000 Gent Belgium,way,451769237,51.0552163,3.6946049,OpenStreetMap via Overpass API
Belgium,Colruyt,Colruyt,Kortrijksesteenweg,1238,9051,Gent,Kortrijksesteenweg 1238 9051 Gent Belgium,node,6561160515,51.0158867,3.6546257,OpenStreetMap via Overpass API
Belgium,Colruyt,Colruyt,Chaussée de Philippeville,271,6280,Gerpinnes,Chaussée de Philippeville 271 6280 Gerpinnes Belgium,way,1168571555,50.3281255,4.4770231,OpenStreetMap via Overpass API
Belgium,Colruyt,Colruyt,Rue Laguesse,13,4460,Grâce-Hollogne,Rue Laguesse 13 4460 Grâce-Hollogne Belgium,way,242987745,50.649434,5.5097353,OpenStreetMap via Overpass API
Belgium,Colruyt,Colruyt,Place Communale,38,4684,Haccourt,Place Communale 38 4684 Haccourt Belgium,way,234729297,50.7309238,5.6697266,OpenStreetMap via Overpass API
Belgium,Colruyt,Colruyt,Rue de Baume-Marpent,30,7100,Haine-Saint-Pierre,Rue de Baume-Marpent 30 7100 Haine-Saint-Pierre Belgium,way,784512450,50.4636902,4.2074826,OpenStreetMap via Overpass API
Belgium,Colruyt,Colruyt,Damstraat,91,9220,Hamme,Damstraat 91 9220 Hamme Belgium,node,1628665526,51.0898605,4.1380979,OpenStreetMap via Overpass API
Belgium,Colruyt,Colruyt,Stasegemsesteenweg,182,8530,Harelbeke,Stasegemsesteenweg 182 8530 Harelbeke Belgium,way,648595960,50.8380303,3.3096167,OpenStreetMap via Overpass API
Belgium,Colruyt,Colruyt,Sint Lenaartseweg,20A,2320,Hoogstraten,Sint Lenaartseweg 20A 2320 Hoogstraten Belgium,way,192341919,51.390992,4.751642,OpenStreetMap via Overpass API
Belgium,Colruyt,Colruyt,Rijselsepoort,10,8900,Ieper,Rijselsepoort 10 8900 Ieper Belgium,way,88963151,50.8403089,2.8858057,OpenStreetMap via Overpass API
Belgium,Colruyt,Colruyt,Nederweg,119,8870,Izegem,Nederweg 119 8870 Izegem Belgium,way,88365305,50.9219409,3.2034904,OpenStreetMap via Overpass API
Belgium,Colruyt,Colruyt,Chaussée de Liège,477,5100,Jambes,Chaussée de Liège 477 5100 Jambes Belgium,node,3832518696,50.4649032,4.8972695,OpenStreetMap via Overpass API
Belgium,Colruyt,Colruyt,Lütticher Straße,145,4721,Kelmis - NEU Moresnet,Lütticher Straße 145 4721 Kelmis - NEU Moresnet Belgium,way,101009333,50.7162101,6.0180888,OpenStreetMap via Overpass API
Belgium,Colruyt,Colruyt,Natiënlaan,191,8300,Knokke-Heist,Natiënlaan 191 8300 Knokke-Heist Belgium,node,6927612808,51.3281415,3.2958815,OpenStreetMap via Overpass API
Belgium,Colruyt,Colruyt,Ooststatiestraat,171,2550,Kontich,Ooststatiestraat 171 2550 Kontich Belgium,way,40498748,51.1355889,4.4556335,OpenStreetMap via Overpass API
Belgium,Colruyt,Colruyt,Sint-Sebastiaanslaan,2,8500,Kortrijk,Sint-Sebastiaanslaan 2 8500 Kortrijk Belgium,node,2185570378,50.8229062,3.2601255,OpenStreetMap via Overpass API
Belgium,Colruyt,Colruyt,Kleine Ringlaan,9,8520,Kuurne,Kleine Ringlaan 9 8520 Kuurne Belgium,way,119884909,50.8454138,3.2714931,OpenStreetMap via Overpass API
Belgium,Colruyt,Colruyt,Rue du Gazomètre,21,7100,La Louvière,Rue du Gazomètre 21 7100 La Louvière Belgium,way,31144532,50.4756151,4.1817829,OpenStreetMap via Overpass API
Belgium,Colruyt,Colruyt,Kiezelweg,16,3620,Lanaken,Kiezelweg 16 3620 Lanaken Belgium,way,479027175,50.8784531,5.6282071,OpenStreetMap via Overpass API
Belgium,Colruyt,Colruyt,Antwerpsesteenweg,344,2500,Lier,Antwerpsesteenweg 344 2500 Lier Belgium,way,46136937,51.1464773,4.5417438,OpenStreetMap via Overpass API
Belgium,Colruyt,Colruyt,Boulevard de Beaufraipont,22,4032,Liège,Boulevard de Beaufraipont 22 4032 Liège Belgium,node,12969050926,50.6071192,5.612035,OpenStreetMap via Overpass API
Belgium,Colruyt,Colruyt,Boulevard de la Constitution,32,4020,Liège,Boulevard de la Constitution 32 4020 Liège Belgium,way,223998162,50.6425653,5.5847962,OpenStreetMap via Overpass API
Belgium,Colruyt,Colruyt,Rue Grétry,235,4020,Liège,Rue Grétry 235 4020 Liège Belgium,way,53498984,50.6309739,5.5874264,OpenStreetMap via Overpass API
Belgium,Colruyt,Colruyt,Antwerpse Steenweg,44;46,9080,Lochristi,Antwerpse Steenweg 44;46 9080 Lochristi Belgium,node,5492060902,51.092361,3.8155255,OpenStreetMap via Overpass API
Belgium,Colruyt,Colruyt,Koning Leopoldlaan,"37,37A,37B",3920,Lommel,"Koning Leopoldlaan 37,37A,37B 3920 Lommel Belgium",way,109885150,51.229297,5.3193213,OpenStreetMap via Overpass API
Belgium,Colruyt,Colruyt,Molenstraat,39,1840,Londerzeel,Molenstraat 39 1840 Londerzeel Belgium,way,58724759,51.0045906,4.2992053,OpenStreetMap via Overpass API
Belgium,Colruyt,Colruyt,Rijksweg,583,3630,Maasmechelen,Rijksweg 583 3630 Maasmechelen Belgium,way,382508820,50.9413416,5.6929936,OpenStreetMap via Overpass API
Belgium,Colruyt,Colruyt,Koning Leopoldlaan,2,9990,Maldegem,Koning Leopoldlaan 2 9990 Maldegem Belgium,node,1810133934,51.20407,3.4536363,OpenStreetMap via Overpass API
Belgium,Colruyt,Colruyt,Chaussée de Namur,264,1495,Marbais,Chaussée de Namur 264 1495 Marbais Belgium,way,135210878,50.5356029,4.5478598,OpenStreetMap via Overpass API
Belgium,Colruyt,Colruyt,Vieille Route de Liège,10,6900,Marche-en-Famenne,Vieille Route de Liège 10 6900 Marche-en-Famenne Belgium,way,158026122,50.2321983,5.343572,OpenStreetMap via Overpass API
Belgium,Colruyt,Colruyt,Rue Lieutenant Général Gillain,43,6030,Marchienne-au-Pont,Rue Lieutenant Général Gillain 43 6030 Marchienne-au-Pont Belgium,way,271241211,50.4091174,4.3929682,OpenStreetMap via Overpass API
Belgium,Colruyt,Colruyt,Rue du Grand Pont,16,6001,Marcinelle,Rue du Grand Pont 16 6001 Marcinelle Belgium,way,160066315,50.3978616,4.4470629,OpenStreetMap via Overpass API
Belgium,Colruyt,Colruyt,Ieperstraat,435,8930,Menen,Ieperstraat 435 8930 Menen Belgium,way,187410322,50.8046816,3.0969341,OpenStreetMap via Overpass API
Belgium,Colruyt,Colruyt,Hundelgemsesteenweg,696,9820,Merelbeke,Hundelgemsesteenweg 696 9820 Merelbeke Belgium,node,11799329551,50.9920542,3.7460905,OpenStreetMap via Overpass API
Belgium,Colruyt,Colruyt,Oostendelaan,298,8430,Middelkerke,Oostendelaan 298 8430 Middelkerke Belgium,node,528877379,51.1930876,2.8409464,OpenStreetMap via Overpass API
Belgium,Colruyt,Colruyt,Rozenberg,64,2400,Mol,Rozenberg 64 2400 Mol Belgium,way,134128316,51.1890522,5.1237673,OpenStreetMap via Overpass API
Belgium,Colruyt,Colruyt,Chaussée de Binche,123,7000,Mons,Chaussée de Binche 123 7000 Mons Belgium,way,149402114,50.4528992,3.977136,OpenStreetMap via Overpass API
Belgium,Colruyt,Colruyt,Rue de Menin,136,7700,Mouscron,Rue de Menin 136 7700 Mouscron Belgium,node,6622286325,50.7495637,3.2124742,OpenStreetMap via Overpass API
Belgium,Colruyt,Colruyt,Jozef Cardijnlaan,33A,8620,Nieuwpoort,Jozef Cardijnlaan 33A 8620 Nieuwpoort Belgium,node,12712708472,51.1372408,2.7394849,OpenStreetMap via Overpass API
Belgium,Colruyt,Colruyt,Rue des Viaducs,287,7020,Nimy,Rue des Viaducs 287 7020 Nimy Belgium,way,271881687,50.4818269,3.9525037,OpenStreetMap via Overpass API
Belgium,Colruyt,Colruyt,Polderbaan,26,9400,Ninove,Polderbaan 26 9400 Ninove Belgium,way,238625613,50.8345686,4.0169224,OpenStreetMap via Overpass API
Belgium,Colruyt,Colruyt,Morkhovenseweg,92,2200,Noorderwijk,Morkhovenseweg 92 2200 Noorderwijk Belgium,way,485688843,51.1293881,4.8291994,OpenStreetMap via Overpass API
Belgium,Colruyt,Colruyt,Torhoutsesteenweg,529,8400,Oostende,Torhoutsesteenweg 529 8400 Oostende Belgium,node,5540335300,51.2077031,2.903979,OpenStreetMap via Overpass API
Belgium,Colruyt,Colruyt,Tacambaroplein,3,9700,Oudenaarde,Tacambaroplein 3 9700 Oudenaarde Belgium,way,368669649,50.8469011,3.5994474,OpenStreetMap via Overpass API
Belgium,Colruyt,Colruyt,Rue Neuve Chaussée,157,7600,Péruwelz,Rue Neuve Chaussée 157 7600 Péruwelz Belgium,way,766698637,50.5255899,3.6003478,OpenStreetMap via Overpass API
Belgium,Colruyt,Colruyt,Rue de l'Aviateur Huens,16,1330,Rixensart,Rue de l'Aviateur Huens 16 1330 Rixensart Belgium,way,31152055,50.7154515,4.5294623,OpenStreetMap via Overpass API
Belgium,Colruyt,Colruyt,Heropbouwstraat,163,8800,Roeselare,Heropbouwstraat 163 8800 Roeselare Belgium,way,166955618,50.9370649,3.1375117,OpenStreetMap via Overpass API
Belgium,Colruyt,Colruyt,Oswald Ponettestraat,52,9600,Ronse,Oswald Ponettestraat 52 9600 Ronse Belgium,way,389547915,50.7444302,3.5949201,OpenStreetMap via Overpass API
Belgium,Colruyt,Colruyt,Chaussée de Waterloo,480,5002,Saint-Servais,Chaussée de Waterloo 480 5002 Saint-Servais Belgium,node,13519524401,50.4730942,4.8317749,OpenStreetMap via Overpass API
Belgium,Colruyt,Colruyt,August Nihoulstraat,139,3270,Scherpenheuvel,August Nihoulstraat 139 3270 Scherpenheuvel Belgium,way,147666478,50.9742658,4.9718595,OpenStreetMap via Overpass API
Belgium,Colruyt,Colruyt,Paalstraat,275,2900,Schoten,Paalstraat 275 2900 Schoten Belgium,way,111596245,51.2593801,4.5055658,OpenStreetMap via Overpass API
Belgium,Colruyt,Colruyt,Rue du Bief,2,4101,Seraing,Rue du Bief 2 4101 Seraing Belgium,way,166455928,50.617663,5.4995569,OpenStreetMap via Overpass API
Belgium,Colruyt,Colruyt,Vrijheidstraat,19,9140,Temse,Vrijheidstraat 19 9140 Temse Belgium,way,742226047,51.1282904,4.2189832,OpenStreetMap via Overpass API
Belgium,Colruyt,Colruyt,Rue Defuisseaux,49;51,7333,Tertre,Rue Defuisseaux 49;51 7333 Tertre Belgium,way,1305773522,50.4694068,3.8162101,OpenStreetMap via Overpass API
Belgium,Colruyt,Colruyt,Drève des Alliés,108,6530,Thuin,Drève des Alliés 108 6530 Thuin Belgium,way,1254220412,50.3394996,4.3086657,OpenStreetMap via Overpass API
Belgium,Colruyt,Colruyt,Deken Darraslaan,66,8700,Tielt,Deken Darraslaan 66 8700 Tielt Belgium,way,397806838,50.9964926,3.3175217,OpenStreetMap via Overpass API
Belgium,Colruyt,Colruyt,Beauduinstraat,165,3300,Tienen,Beauduinstraat 165 3300 Tienen Belgium,way,239330574,50.8026107,4.9467802,OpenStreetMap via Overpass API
Belgium,Colruyt,Colruyt,Astridlaan,33,3700,Tongeren,Astridlaan 33 3700 Tongeren Belgium,way,25499865,50.7755791,5.4581416,OpenStreetMap via Overpass API
Belgium,Colruyt,Colruyt,Avenue Reine Astrid,97,4802,Verviers,Avenue Reine Astrid 97 4802 Verviers Belgium,way,289784589,50.5850545,5.8831675,OpenStreetMap via Overpass API
Belgium,Colruyt,Colruyt,Boulevard des Gérardchamps,60,4800,Verviers,Boulevard des Gérardchamps 60 4800 Verviers Belgium,way,50340982,50.5916663,5.8458511,OpenStreetMap via Overpass API
Belgium,Colruyt,Colruyt,Antwerpsesteenweg,21,2350,Vosselaar,Antwerpsesteenweg 21 2350 Vosselaar Belgium,way,129870787,51.3160527,4.9015524,OpenStreetMap via Overpass API
Belgium,Colruyt,Colruyt,Noorderlaan,50,8790,Waregem,Noorderlaan 50 8790 Waregem Belgium,way,211032832,50.8898048,3.4234132,OpenStreetMap via Overpass API
Belgium,Colruyt,Colruyt,Sentier du Pied vert,10,7390,Wasmuel,Sentier du Pied vert 10 7390 Wasmuel Belgium,way,103908327,50.4383483,3.8437621,OpenStreetMap via Overpass API
Belgium,Colruyt,Colruyt,Antwerpsesteenweg,335A,2390,Westmalle,Antwerpsesteenweg 335A 2390 Westmalle Belgium,way,383179637,51.2965328,4.6876592,OpenStreetMap via Overpass API
Belgium,Colruyt,Colruyt,Gentsesteenweg,95,9230,Wetteren,Gentsesteenweg 95 9230 Wetteren Belgium,way,220847234,50.9999792,3.8730814,OpenStreetMap via Overpass API
Belgium,Colruyt,Colruyt,Laarstraat,34,2610,Wilrijk,Laarstraat 34 2610 Wilrijk Belgium,way,94167000,51.1745837,4.3963195,OpenStreetMap via Overpass API
Belgium,Colruyt,Colruyt,Herentalsebaan,587,2160,Wommelgem,Herentalsebaan 587 2160 Wommelgem Belgium,node,1301702521,51.1960952,4.5174387,OpenStreetMap via Overpass API
Belgium,Colruyt,Colruyt,Botestraat,23,9032,Wondelgem,Botestraat 23 9032 Wondelgem Belgium,way,87429745,51.0867656,3.7088382,OpenStreetMap via Overpass API
Belgium,Colruyt,Colruyt,Lange Akker,2,9240,Zele,Lange Akker 2 9240 Zele Belgium,way,149555465,51.0665029,4.0303375,OpenStreetMap via Overpass API
Belgium,Colruyt,Colruyt,Zoerselsteenweg,8A,2980,Zoersel,Zoerselsteenweg 8A 2980 Zoersel Belgium,way,380788644,51.2672074,4.6412322,OpenStreetMap via Overpass API
Belgium,Colruyt,Colruyt,Heuveneindeweg,62,3520,Zonhoven,Heuveneindeweg 62 3520 Zonhoven Belgium,node,10031312532,50.9765442,5.3634304,OpenStreetMap via Overpass API
Belgium,Colruyt,Colruyt,Chaussée de Namur,44,5310,Éghezée,Chaussée de Namur 44 5310 Éghezée Belgium,way,398938288,50.5883843,4.9114036,OpenStreetMap via Overpass API
Belgium,Colruyt,Colruyt,Route de Charleroi,159,7134,Épinois,Route de Charleroi 159 7134 Épinois Belgium,way,1124412724,50.4092438,4.2018678,OpenStreetMap via Overpass API
Belgium,Delhaize,Delhaize,Grote Markt,21,3200,Aarschot,Grote Markt 21 3200 Aarschot Belgium,way,260110016,50.9840467,4.8370486,OpenStreetMap via Overpass API
Belgium,Delhaize,AD Delhaize,De Pannelaan,102,8660,Adinkerke,De Pannelaan 102 8660 Adinkerke Belgium,way,209347308,51.0847995,2.6001782,OpenStreetMap via Overpass API
Belgium,Delhaize,Delhaize,Chaussée Roosevelt,101,4540,Amay,Chaussée Roosevelt 101 4540 Amay Belgium,node,1678897580,50.5446709,5.3120672,OpenStreetMap via Overpass API
Belgium,Delhaize,Shop & Go,Chaussée Roosevelt,150,4540,Amay,Chaussée Roosevelt 150 4540 Amay Belgium,node,12809298812,50.5427236,5.3059254,OpenStreetMap via Overpass API
Belgium,Delhaize,Delhaize,Museumstraat,36-38,2000,Antwerp,Museumstraat 36-38 2000 Antwerp Belgium,way,317112016,51.2094278,4.3925103,OpenStreetMap via Overpass API
Belgium,Delhaize,Delhaize,Meir,78,2000,Antwerpen,Meir 78 2000 Antwerpen Belgium,node,251542261,51.2171618,4.4111768,OpenStreetMap via Overpass API
Belgium,Delhaize,Delhaize,Rue de l'Abbaye,20,7800,Ath,Rue de l'Abbaye 20 7800 Ath Belgium,way,414243983,50.6361204,3.7899166,OpenStreetMap via Overpass API
Belgium,Delhaize,AD Delhaize,Rue des Moulins,17,4342,Awans,Rue des Moulins 17 4342 Awans Belgium,way,291226884,50.6830427,5.4646193,OpenStreetMap via Overpass API
Belgium,Delhaize,AD Delhaize,Dieupart,39,4920,Aywaille,Dieupart 39 4920 Aywaille Belgium,way,405165492,50.4770544,5.690853,OpenStreetMap via Overpass API
Belgium,Delhaize,Delhaize,Rue Champs de Tignée,32,4671,Barchon,Rue Champs de Tignée 32 4671 Barchon Belgium,node,4444186090,50.6606354,5.6942737,OpenStreetMap via Overpass API
Belgium,Delhaize,Proxy Delhaize,Chaussée Fernand Deliège,76,6500,Beaumont,Chaussée Fernand Deliège 76 6500 Beaumont Belgium,way,1093655181,50.237473,4.2510366,OpenStreetMap via Overpass API
Belgium,Delhaize,Proxy Delhaize,Heistraat,15,9080,Beervelde,Heistraat 15 9080 Beervelde Belgium,node,5764283986,51.078177,3.8817313,OpenStreetMap via Overpass API
Belgium,Delhaize,Proxy Delhaize,Koningsbaan,37,2580,Beerzel,Koningsbaan 37 2580 Beerzel Belgium,way,340493932,51.0565455,4.6752165,OpenStreetMap via Overpass API
Belgium,Delhaize,Proxy Delhaize,Staatsbaan,228,3460,Bekkevoort,Staatsbaan 228 3460 Bekkevoort Belgium,way,102774482,50.9411009,4.9630287,OpenStreetMap via Overpass API
Belgium,Delhaize,AD Delhaize,Chemin de la Plaine,6,5001,Belgrade,Chemin de la Plaine 6 5001 Belgrade Belgium,way,154832170,50.472947,4.8208299,OpenStreetMap via Overpass API
Belgium,Delhaize,Proxy Delhaize,Markt,1,3580,Beringen,Markt 1 3580 Beringen Belgium,node,4504604493,51.0481396,5.2236782,OpenStreetMap via Overpass API
Belgium,Delhaize,Delhaize,Pieter Vanhoudtstraat,49,3582,Beringen,Pieter Vanhoudtstraat 49 3582 Beringen Belgium,way,262859836,51.0568318,5.2728992,OpenStreetMap via Overpass API
Belgium,Delhaize,Delhaize,Route des Gohineaux,2,6880,Bertrix,Route des Gohineaux 2 6880 Bertrix Belgium,node,8721154338,49.874639,5.2493641,OpenStreetMap via Overpass API
Belgium,Delhaize,Proxy Delhaize,Pastoor Pitetlaan,19,3130,Betekom,Pastoor Pitetlaan 19 3130 Betekom Belgium,way,100270902,50.986294,4.7812651,OpenStreetMap via Overpass API
Belgium,Delhaize,Delhaize,Albert Panisstraat,25,9120,Beveren,Albert Panisstraat 25 9120 Beveren Belgium,way,116043661,51.2084922,4.2483069,OpenStreetMap via Overpass API
Belgium,Delhaize,AD Delhaize,Brugstraat,42,3950,Bocholt,Brugstraat 42 3950 Bocholt Belgium,way,191296813,51.1759088,5.5852189,OpenStreetMap via Overpass API
Belgium,Delhaize,Delhaize,Alexander Franckstraat,10,2530,Boechout,Alexander Franckstraat 10 2530 Boechout Belgium,way,23439401,51.1584182,4.4940285,OpenStreetMap via Overpass API
Belgium,Delhaize,Delhaize,Avenue de la Basilique,108,7603,Bon-Secours,Avenue de la Basilique 108 7603 Bon-Secours Belgium,way,1189008019,50.5015041,3.6017547,OpenStreetMap via Overpass API
Belgium,Delhaize,AD Delhaize,Wespelaarsebaan,126,3190,Boortmeerbeek,Wespelaarsebaan 126 3190 Boortmeerbeek Belgium,way,107221744,50.9749792,4.5848452,OpenStreetMap via Overpass API
Belgium,Delhaize,Delhaize,Chaussée de Louvain,336,5004,Bouge,Chaussée de Louvain 336 5004 Bouge Belgium,node,415459192,50.4780674,4.8793064,OpenStreetMap via Overpass API
Belgium,Delhaize,AD Delhaize,Chaussée de Bruxelles,131,7090,Braine-le-Comte,Chaussée de Bruxelles 131 7090 Braine-le-Comte Belgium,way,204723457,50.6250967,4.1446952,OpenStreetMap via Overpass API
Belgium,Delhaize,Delhaize,Bredabaan,196,2930,Brasschaat,Bredabaan 196 2930 Brasschaat Belgium,way,122231028,51.2889326,4.4881582,OpenStreetMap via Overpass API
Belgium,Delhaize,Delhaize,Heiken,36,2960,Brecht,Heiken 36 2960 Brecht Belgium,way,89834393,51.3482104,4.6663862,OpenStreetMap via Overpass API
Belgium,Delhaize,Proxy Delhaize Uilenspiegel,Tijl Uilenspiegelstraat,18,8000,Brugge,Tijl Uilenspiegelstraat 18 8000 Brugge Belgium,way,240196509,51.2292815,3.2324668,OpenStreetMap via Overpass API
Belgium,Delhaize,Proxy Delhaize,Alsembergsesteenweg,229,1501,Buizingen,Alsembergsesteenweg 229 1501 Buizingen Belgium,node,11392233752,50.7455378,4.2669091,OpenStreetMap via Overpass API
Belgium,Delhaize,AD Delhaize,Rue du Général Jacques,99,4051,Chaudfontaine,Rue du Général Jacques 99 4051 Chaudfontaine Belgium,node,359952388,50.5922007,5.6316297,OpenStreetMap via Overpass API
Belgium,Delhaize,Delhaize,Rue de Bourlers,1C,6460,Chimay,Rue de Bourlers 1C 6460 Chimay Belgium,way,39093112,50.0480281,4.3213603,OpenStreetMap via Overpass API
Belgium,Delhaize,Proxy Delhaize Orne,Rue de la Papeterie,14,1490,Court-Saint-Étienne,Rue de la Papeterie 14 1490 Court-Saint-Étienne Belgium,way,1124249684,50.6423139,4.6015929,OpenStreetMap via Overpass API
Belgium,Delhaize,Proxy Delhaize,Dorpsstraat,175,8340,Damme,Dorpsstraat 175 8340 Damme Belgium,node,11056253291,51.2031032,3.3161772,OpenStreetMap via Overpass API
Belgium,Delhaize,AD Delhaize,Gentsesteenweg,9,9800,Deinze,Gentsesteenweg 9 9800 Deinze Belgium,way,55935686,50.9810042,3.5366723,OpenStreetMap via Overpass API
Belgium,Delhaize,Delhaize,Kasteelstraat,62-64,9470,Denderleeuw,Kasteelstraat 62-64 9470 Denderleeuw Belgium,way,743711623,50.8723666,4.0806366,OpenStreetMap via Overpass API
Belgium,Delhaize,Proxy Delhaize,Nieuwstraat,169,3590,Diepenbeek,Nieuwstraat 169 3590 Diepenbeek Belgium,way,1009327996,50.9244883,5.4515445,OpenStreetMap via Overpass API
Belgium,Delhaize,Shop & Go,Nieuwstraat,263,3590,Diepenbeek,Nieuwstraat 263 3590 Diepenbeek Belgium,way,1009380464,50.9313261,5.4653517,OpenStreetMap via Overpass API
Belgium,Delhaize,Shop & Go,Halensebaan,146,3290,Diest,Halensebaan 146 3290 Diest Belgium,node,13353619424,50.9682365,5.0762511,OpenStreetMap via Overpass API
Belgium,Delhaize,Delhaize,Hasseltsestraat,16,3290,Diest,Hasseltsestraat 16 3290 Diest Belgium,way,550615858,50.9821438,5.0540715,OpenStreetMap via Overpass API
Belgium,Delhaize,Shop & Go,Prins Boudewijnlaan,146,2650,Edegem,Prins Boudewijnlaan 146 2650 Edegem Belgium,node,13621583640,51.1478895,4.4347762,OpenStreetMap via Overpass API
Belgium,Delhaize,Delhaize,Brugsesteenweg,23,9900,Eeklo,Brugsesteenweg 23 9900 Eeklo Belgium,way,104709054,51.1897776,3.5519877,OpenStreetMap via Overpass API
Belgium,Delhaize,Delhaize Shop & Go,Graaf van Landaststraat,160,9700,Eine,Graaf van Landaststraat 160 9700 Eine Belgium,node,8269840719,50.8787615,3.616063,OpenStreetMap via Overpass API
Belgium,Delhaize,Delhaize,Maria-Theresialei,,2180,Ekeren,Maria-Theresialei 2180 Ekeren Belgium,node,977586846,51.2973026,4.4393112,OpenStreetMap via Overpass API
Belgium,Delhaize,Proxy Delhaize,Chaussée Brunehault,233,7120,Estinnes-au-Mont,Chaussée Brunehault 233 7120 Estinnes-au-Mont Belgium,way,1083128978,50.394598,4.0897388,OpenStreetMap via Overpass API
Belgium,Delhaize,Proxy Delhaize,Rue Chaussée,261,6141,Forchies-la-Marche,Rue Chaussée 261 6141 Forchies-la-Marche Belgium,way,1340876046,50.4350493,4.3346653,OpenStreetMap via Overpass API
Belgium,Delhaize,AD Delhaize,Chaussée de Bruxelles,527,6210,Frasnes-lez-Gosselies,Chaussée de Bruxelles 527 6210 Frasnes-lez-Gosselies Belgium,way,1078921825,50.530152,4.4542031,OpenStreetMap via Overpass API
Belgium,Delhaize,Proxy Delhaize,Rue Raymond Gridlet,45,5575,Gedinne,Rue Raymond Gridlet 45 5575 Gedinne Belgium,node,4319332489,49.9803335,4.9419316,OpenStreetMap via Overpass API
Belgium,Delhaize,AD Delhaize,Chaussée de Wavre,42a,5030,Gembloux,Chaussée de Wavre 42a 5030 Gembloux Belgium,way,140349028,50.5754674,4.687143,OpenStreetMap via Overpass API
Belgium,Delhaize,Delhaize,Botestraat,14,9032,Gent,Botestraat 14 9032 Gent Belgium,way,626875128,51.0893441,3.7079957,OpenStreetMap via Overpass API
Belgium,Delhaize,Proxy Delhaize,Brugsesteenweg,265,9000,Gent,Brugsesteenweg 265 9000 Gent Belgium,node,2899171265,51.0663186,3.6856995,OpenStreetMap via Overpass API
Belgium,Delhaize,Delhaize,Koningin Fabiolalaan,3,9000,Gent,Koningin Fabiolalaan 3 9000 Gent Belgium,node,7036905703,51.0372919,3.7079129,OpenStreetMap via Overpass API
Belgium,Delhaize,Delhaize,Avenue Albert 1er,13,1332,Genval,Avenue Albert 1er 13 1332 Genval Belgium,way,201998501,50.7280957,4.4885654,OpenStreetMap via Overpass API
Belgium,Delhaize,Delhaize,Rue de la Gare,3,6280,Gerpinnes,Rue de la Gare 3 6280 Gerpinnes Belgium,node,13369343411,50.3348781,4.5297258,OpenStreetMap via Overpass API
Belgium,Delhaize,Delhaize,Rue d'Awans,105,4660,Grâce-Hollogne,Rue d'Awans 105 4660 Grâce-Hollogne Belgium,way,1102449555,50.6515591,5.4740749,OpenStreetMap via Overpass API
Belgium,Delhaize,Proxy Delhaize,Schoolstraat,7A,9450,Haaltert,Schoolstraat 7A 9450 Haaltert Belgium,way,440630523,50.8765469,4.0158465,OpenStreetMap via Overpass API
Belgium,Delhaize,AD Delhaize,Rue de la Courtière,3,6720,Habay-la-Neuve,Rue de la Courtière 3 6720 Habay-la-Neuve Belgium,way,138965317,49.7268384,5.6471582,OpenStreetMap via Overpass API
Belgium,Delhaize,Delhaize,Gaversstraat,21,8530,Harelbeke,Gaversstraat 21 8530 Harelbeke Belgium,way,176838724,50.8546901,3.3164986,OpenStreetMap via Overpass API
Belgium,Delhaize,Delhaize,Luikersteenweg,109,3500,Hasselt,Luikersteenweg 109 3500 Hasselt Belgium,way,375861663,50.9229942,5.3395135,OpenStreetMap via Overpass API
Belgium,Delhaize,Proxy Delhaize,Grand'Route de Mons,143,7334,Hautrage,Grand'Route de Mons 143 7334 Hautrage Belgium,way,1268146872,50.4784535,3.7710055,OpenStreetMap via Overpass API
Belgium,Delhaize,Proxy Delhaize,Overpelterbaan,9,3941,Hechtel-Eksel,Overpelterbaan 9 3941 Hechtel-Eksel Belgium,node,12783399961,51.1569618,5.3934022,OpenStreetMap via Overpass API
Belgium,Delhaize,AD Delhaize,Pastoor Mellaertsstraat,63,2220,Heist op den Berg,Pastoor Mellaertsstraat 63 2220 Heist op den Berg Belgium,way,108323412,51.043023,4.7180718,OpenStreetMap via Overpass API
Belgium,Delhaize,Delhaize,Itegemse Steenweg,48,2270,Herenthout,Itegemse Steenweg 48 2270 Herenthout Belgium,way,335883794,51.135267,4.7607969,OpenStreetMap via Overpass API
Belgium,Delhaize,AD Delhaize,Wolfsdonksesteenweg,1,2230,Herselt,Wolfsdonksesteenweg 1 2230 Herselt Belgium,node,11385401661,51.0516885,4.8803066,OpenStreetMap via Overpass API
Belgium,Delhaize,Proxy Delhaize,Place Gilles Gérard,32,4041,Herstal,Place Gilles Gérard 32 4041 Herstal Belgium,way,171442080,50.6730524,5.5838799,OpenStreetMap via Overpass API
Belgium,Delhaize,Proxy Delhaize,Place Jean Jaurès,25,4040,Herstal,Place Jean Jaurès 25 4040 Herstal Belgium,node,1888049158,50.6662189,5.6300994,OpenStreetMap via Overpass API
Belgium,Delhaize,Delhaize,Rue Basse Campagne,41,4040,Herstal,Rue Basse Campagne 41 4040 Herstal Belgium,way,99725038,50.6867075,5.6419211,OpenStreetMap via Overpass API
Belgium,Delhaize,Proxy Delhaize,Sint-Jobstraat,123,3550,Heusden-Zolder,Sint-Jobstraat 123 3550 Heusden-Zolder Belgium,way,232314688,50.984914,5.274856,OpenStreetMap via Overpass API
Belgium,Delhaize,Delhaize,Tervuursesteenweg,154,3001,Heverlee,Tervuursesteenweg 154 3001 Heverlee Belgium,way,99590436,50.8752672,4.6746829,OpenStreetMap via Overpass API
Belgium,Delhaize,Proxy Delhaize,Grand Route,111,5380,Hingeon,Grand Route 111 5380 Hingeon Belgium,way,377672918,50.5212041,4.9947738,OpenStreetMap via Overpass API
Belgium,Delhaize,AD Delhaize,Albert Biesmanslaan,5,1560,Hoeilaart,Albert Biesmanslaan 5 1560 Hoeilaart Belgium,node,11246124473,50.768164,4.476124,OpenStreetMap via Overpass API
Belgium,Delhaize,Proxy Delhaize,Sint-Truidersteenweg,,3840,Hoepertingen,Sint-Truidersteenweg 3840 Hoepertingen Belgium,node,8147659660,50.8071103,5.2900368,OpenStreetMap via Overpass API
Belgium,Delhaize,Delhaize,Bilzersteenweg,54,3730,Hoeselt,Bilzersteenweg 54 3730 Hoeselt Belgium,way,983638578,50.856891,5.4976261,OpenStreetMap via Overpass API
Belgium,Delhaize,AD Delhaize,Pleinstraat,53,3220,Holsbeek,Pleinstraat 53 3220 Holsbeek Belgium,way,136393696,50.9124291,4.7191246,OpenStreetMap via Overpass API
Belgium,Delhaize,Delhaize,Rue de Mons,163,7301,Hornu,Rue de Mons 163 7301 Hornu Belgium,node,12601630402,50.4373873,3.8387507,OpenStreetMap via Overpass API
Belgium,Delhaize,Proxy Delhaize,Kazernelaan,19,3530,Houthalen-Helchteren,Kazernelaan 19 3530 Houthalen-Helchteren Belgium,way,191134449,51.0571245,5.3873247,OpenStreetMap via Overpass API
Belgium,Delhaize,Delhaize,Haiglaan,31,8900,Ieper,Haiglaan 31 8900 Ieper Belgium,way,150209862,50.8518567,2.8731355,OpenStreetMap via Overpass API
Belgium,Delhaize,Proxy Delhaize,Grote Markt,5,8870,Izegem,Grote Markt 5 8870 Izegem Belgium,node,9556968017,50.9195423,3.2157464,OpenStreetMap via Overpass API
Belgium,Delhaize,AD Delhaize,Gistelsteenweg,36,8490,Jabbeke,Gistelsteenweg 36 8490 Jabbeke Belgium,way,187066326,51.1912916,3.1521786,OpenStreetMap via Overpass API
Belgium,Delhaize,Delhaize,Avenue Prince de Liège,41,5100,Jambes,Avenue Prince de Liège 41 5100 Jambes Belgium,way,45670340,50.4622293,4.8789846,OpenStreetMap via Overpass API
Belgium,Delhaize,AD Delhaize,Avenue du Bourgmestre Jean Materne,109,5100,Jambes,Avenue du Bourgmestre Jean Materne 109 5100 Jambes Belgium,node,8808848985,50.4568723,4.871231,OpenStreetMap via Overpass API
Belgium,Delhaize,AD Delhaize,Rue de la Station,105,4101,Jemeppe-sur-Meuse,Rue de la Station 105 4101 Jemeppe-sur-Meuse Belgium,way,247881271,50.6164105,5.4959264,OpenStreetMap via Overpass API
Belgium,Delhaize,Delhaize,Chaussée de Wavre,90c,1370,Jodoigne,Chaussée de Wavre 90c 1370 Jodoigne Belgium,way,188193931,50.7241763,4.856057,OpenStreetMap via Overpass API
Belgium,Delhaize,Delhaize,Route d'Ath,420,7050,Jurbise,Route d'Ath 420 7050 Jurbise Belgium,way,151734024,50.5279774,3.9137068,OpenStreetMap via Overpass API
Belgium,Delhaize,Delhaize,Diestsesteenweg,545,3010,Kessel-Lo,Diestsesteenweg 545 3010 Kessel-Lo Belgium,node,186674806,50.887763,4.7401201,OpenStreetMap via Overpass API
Belgium,Delhaize,Delhaize,Heistlaan,27,8301,Knokke-Heist,Heistlaan 27 8301 Knokke-Heist Belgium,way,537235380,51.3388994,3.2337184,OpenStreetMap via Overpass API
Belgium,Delhaize,Delhaize,Kustlaan,34,8300,Knokke-Heist,Kustlaan 34 8300 Knokke-Heist Belgium,node,1403172429,51.3530177,3.2921142,OpenStreetMap via Overpass API
Belgium,Delhaize,AD Delhaize,Ringlaan,88,8680,Koekelare,Ringlaan 88 8680 Koekelare Belgium,node,1585905105,51.0904784,2.9672582,OpenStreetMap via Overpass API
Belgium,Delhaize,Delhaize,Antwerpsesteenweg,127,2550,Kontich,Antwerpsesteenweg 127 2550 Kontich Belgium,way,39237706,51.1415194,4.4558955,OpenStreetMap via Overpass API
Belgium,Delhaize,AD Delhaize,Zarrenplein,1A,8610,Kortemark,Zarrenplein 1A 8610 Kortemark Belgium,node,2295036808,51.0180672,2.9584908,OpenStreetMap via Overpass API
Belgium,Delhaize,Proxy Delhaize,Kloosterstraat,4,3720,Kortessem,Kloosterstraat 4 3720 Kortessem Belgium,way,336867949,50.8601092,5.3932598,OpenStreetMap via Overpass API
Belgium,Delhaize,AD Delhaize,Kortrijksestraat,93A,8501,Kortrijk,Kortrijksestraat 93A 8501 Kortrijk Belgium,way,208239135,50.8401478,3.2365706,OpenStreetMap via Overpass API
Belgium,Delhaize,Delhaize,Pater Beckstraat,47,8500,Kortrijk,Pater Beckstraat 47 8500 Kortrijk Belgium,way,269632854,50.8201765,3.2677745,OpenStreetMap via Overpass API
Belgium,Delhaize,Proxy Delhaize,Waregemsesteenweg,6,9770,Kruisem,Waregemsesteenweg 6 9770 Kruisem Belgium,node,7108925253,50.9044659,3.5275255,OpenStreetMap via Overpass API
Belgium,Delhaize,Delhaize,Generaal Eisenhowerstraat,51,8520,Kuurne,Generaal Eisenhowerstraat 51 8520 Kuurne Belgium,way,275523938,50.8504057,3.2838018,OpenStreetMap via Overpass API
Belgium,Delhaize,Delhaize,Rue de la Franco-Belge,228,7100,La Louvière,Rue de la Franco-Belge 228 7100 La Louvière Belgium,node,13238621581,50.4845749,4.2029692,OpenStreetMap via Overpass API
Belgium,Delhaize,Proxy Delhaize,Kasteelstraat,3,8920,Langemark-Poelkapelle,Kasteelstraat 3 8920 Langemark-Poelkapelle Belgium,way,303496278,50.9145281,2.9184487,OpenStreetMap via Overpass API
Belgium,Delhaize,Proxy Delhaize,Rue des Saules,62,1380,Lasne,Rue des Saules 62 1380 Lasne Belgium,way,105073458,50.7061712,4.4360206,OpenStreetMap via Overpass API
Belgium,Delhaize,AD Delhaize,Rue d'Houdeng,212,7070,Le Rœulx,Rue d'Houdeng 212 7070 Le Rœulx Belgium,way,688645973,50.498466,4.1252615,OpenStreetMap via Overpass API
Belgium,Delhaize,Delhaize,Driesstraat,96,9050,Ledeberg,Driesstraat 96 9050 Ledeberg Belgium,way,148811472,51.0382909,3.7463435,OpenStreetMap via Overpass API
Belgium,Delhaize,Proxy Delhaize,Rue du Pont de Pierre,11,7860,Lessines,Rue du Pont de Pierre 11 7860 Lessines Belgium,way,93573659,50.7100598,3.8342696,OpenStreetMap via Overpass API
Belgium,Delhaize,AD Delhaize,Brusselsestraat,31,3000,Leuven,Brusselsestraat 31 3000 Leuven Belgium,node,615053446,50.8795488,4.6988345,OpenStreetMap via Overpass API
Belgium,Delhaize,AD Delhaize,Chaussée de Namur,285,5310,Leuze,Chaussée de Namur 285 5310 Leuze Belgium,way,749238676,50.5499004,4.9073639,OpenStreetMap via Overpass API
Belgium,Delhaize,AD Delhaize,Eikelstraat,24-26,2500,Lier,Eikelstraat 24-26 2500 Lier Belgium,way,140159935,51.1302695,4.568828,OpenStreetMap via Overpass API
Belgium,Delhaize,AD Delhaize,Mechelsesteenweg,106B;108,2500,Lier,Mechelsesteenweg 106B;108 2500 Lier Belgium,way,145819341,51.1278997,4.5553268,OpenStreetMap via Overpass API
Belgium,Delhaize,Proxy Delhaize,Rue du Centre,115,4990,Lierneux,Rue du Centre 115 4990 Lierneux Belgium,node,2391240597,50.2841191,5.789955,OpenStreetMap via Overpass API
Belgium,Delhaize,AD Delhaize,Rue Marengo,6,4000,Liège,Rue Marengo 6 4000 Liège Belgium,way,145600111,50.6484524,5.5907921,OpenStreetMap via Overpass API
Belgium,Delhaize,Proxy Delhaize Outremeuse,Rue Pont Saint-Nicolas,4,4020,Liège,Rue Pont Saint-Nicolas 4 4020 Liège Belgium,node,9920562670,50.6412425,5.5814618,OpenStreetMap via Overpass API
Belgium,Delhaize,Delhaize,Rue de Fragnée,,4000,Liège,Rue de Fragnée 4000 Liège Belgium,node,5009561244,50.6249403,5.5739705,OpenStreetMap via Overpass API
Belgium,Delhaize,Delhaize,Rue de Herve,280,4030,Liège,Rue de Herve 280 4030 Liège Belgium,way,91103372,50.6295679,5.6233184,OpenStreetMap via Overpass API
Belgium,Delhaize,Delhaize,Rue de l'Official,2,4000,Liège,Rue de l'Official 2 4000 Liège Belgium,way,105666257,50.6448749,5.5717025,OpenStreetMap via Overpass API
Belgium,Delhaize,Delhaize,Einde,7,3920,Lommel,Einde 7 3920 Lommel Belgium,way,109885151,51.226553,5.3162216,OpenStreetMap via Overpass API
Belgium,Delhaize,Delhaize,Hofveldstraat,99,9688,Maarkedal,Hofveldstraat 99 9688 Maarkedal Belgium,way,1112906013,50.7987564,3.6751913,OpenStreetMap via Overpass API
Belgium,Delhaize,AD Delhaize,Oude Baan,94-96,3630,Maasmechelen,Oude Baan 94-96 3630 Maasmechelen Belgium,way,751310578,50.985732,5.6926243,OpenStreetMap via Overpass API
Belgium,Delhaize,AD Delhaize,Rijksweg,379,3630,Maasmechelen,Rijksweg 379 3630 Maasmechelen Belgium,way,445669472,50.9652963,5.6966553,OpenStreetMap via Overpass API
Belgium,Delhaize,AD Delhaize,Sint-Barbarastraat,23,9990,Maldegem,Sint-Barbarastraat 23 9990 Maldegem Belgium,node,6109660723,51.2033294,3.4656887,OpenStreetMap via Overpass API
Belgium,Delhaize,Delhaize Shop & Go,Chaussée de Nivelles,,7170,Manage,Chaussée de Nivelles 7170 Manage Belgium,way,1388613028,50.5140718,4.2448448,OpenStreetMap via Overpass API
Belgium,Delhaize,Delhaize,Avenue de France,39,6900,Marche-en-Famenne,Avenue de France 39 6900 Marche-en-Famenne Belgium,way,121158885,50.2270599,5.3382346,OpenStreetMap via Overpass API
Belgium,Delhaize,Delhaize,Avenue de Philippeville,236,6001,Marcinelle,Avenue de Philippeville 236 6001 Marcinelle Belgium,way,160523779,50.3977946,4.4528832,OpenStreetMap via Overpass API
Belgium,Delhaize,Proxy Delhaize,Rue du Roeulx,5,7110,Maurage,Rue du Roeulx 5 7110 Maurage Belgium,way,1201042923,50.4591688,4.0976583,OpenStreetMap via Overpass API
Belgium,Delhaize,Proxy Delhaize,Sint Antoniusstraat,22,3078,Meerbeek,Sint Antoniusstraat 22 3078 Meerbeek Belgium,node,513195264,50.8820878,4.5861502,OpenStreetMap via Overpass API
Belgium,Delhaize,Delhaize,Haachtsesteenweg,101,1820,Melsbroek,Haachtsesteenweg 101 1820 Melsbroek Belgium,way,30112001,50.9067195,4.4624865,OpenStreetMap via Overpass API
Belgium,Delhaize,Delhaize,Leopoldstraat,46,2330,Merksplas,Leopoldstraat 46 2330 Merksplas Belgium,node,6406208397,51.3555919,4.8642538,OpenStreetMap via Overpass API
Belgium,Delhaize,AD Delhaize,Distellaan,9;11;13,8434,Middelkerke,Distellaan 9;11;13 8434 Middelkerke Belgium,way,228281024,51.1708052,2.7766477,OpenStreetMap via Overpass API
Belgium,Delhaize,Proxy Delhaize,Kerkstraat,47,8430,Middelkerke,Kerkstraat 47 8430 Middelkerke Belgium,node,546562563,51.1866368,2.8192984,OpenStreetMap via Overpass API
Belgium,Delhaize,AD Delhaize,Rue de Nimy,117;127,7000,Mons,Rue de Nimy 117;127 7000 Mons Belgium,way,1342249434,50.4587185,3.9548974,OpenStreetMap via Overpass API
Belgium,Delhaize,Delhaize,Chaussée Brunehault,500,7140,Morlanwelz-Mariemont,Chaussée Brunehault 500 7140 Morlanwelz-Mariemont Belgium,way,125192291,50.459022,4.2666428,OpenStreetMap via Overpass API
Belgium,Delhaize,AD Delhaize,Chaussée de Charleroi,22,5000,Namur,Chaussée de Charleroi 22 5000 Namur Belgium,node,585359565,50.4630681,4.8430228,OpenStreetMap via Overpass API
Belgium,Delhaize,Proxy Delhaize,Rue Basse Marcelle,15,5000,Namur,Rue Basse Marcelle 15 5000 Namur Belgium,node,1389367732,50.4644357,4.8617195,OpenStreetMap via Overpass API
Belgium,Delhaize,Proxy Delhaize,Rue Rogier,103,5000,Namur,Rue Rogier 103 5000 Namur Belgium,way,587175878,50.467045,4.8703241,OpenStreetMap via Overpass API
Belgium,Delhaize,AD Delhaize,Astridlaan,72,9500,Nederboelare,Astridlaan 72 9500 Nederboelare Belgium,way,550957870,50.774852,3.868799,OpenStreetMap via Overpass API
Belgium,Delhaize,AD Delhaize,Chaussée de Recogne,88,6840,Neufchâteau,Chaussée de Recogne 88 6840 Neufchâteau Belgium,way,1040321794,49.8549759,5.4354105,OpenStreetMap via Overpass API
Belgium,Delhaize,Proxy Delhaize,Mouveldstraat,20,3850,Nieuwerkerken,Mouveldstraat 20 3850 Nieuwerkerken Belgium,node,6054982383,50.8642204,5.1908091,OpenStreetMap via Overpass API
Belgium,Delhaize,Delhaize,Nieuwerkerken-Dorp,71;79,9320,Nieuwerkerken,Nieuwerkerken-Dorp 71;79 9320 Nieuwerkerken Belgium,way,737395825,50.9245014,4.0087506,OpenStreetMap via Overpass API
Belgium,Delhaize,Proxy Delhaize,Albert I-laan,159,8620,Nieuwpoort,Albert I-laan 159 8620 Nieuwpoort Belgium,node,12630036995,51.1499802,2.7200434,OpenStreetMap via Overpass API
Belgium,Delhaize,Delhaize,Leopold III-laan,7,8400,Oostende,Leopold III-laan 7 8400 Oostende Belgium,node,5879548696,51.2265552,2.9218845,OpenStreetMap via Overpass API
Belgium,Delhaize,AD Delhaize,Kortrijksestraat,103;105,8020,Oostkamp,Kortrijksestraat 103;105 8020 Oostkamp Belgium,way,168292360,51.1494534,3.2348109,OpenStreetMap via Overpass API
Belgium,Delhaize,AD Delhaize,Steenweg op Dendermonde,63,1745,Opwijk,Steenweg op Dendermonde 63 1745 Opwijk Belgium,way,133952120,50.9599317,4.1556811,OpenStreetMap via Overpass API
Belgium,Delhaize,Delhaize,Meerspoort,51,9700,Oudenaarde,Meerspoort 51 9700 Oudenaarde Belgium,way,191777819,50.8432122,3.5986573,OpenStreetMap via Overpass API
Belgium,Delhaize,Proxy Delhaize,Centrumstraat,1,3660,Oudsbergen,Centrumstraat 1 3660 Oudsbergen Belgium,node,12463242459,51.043397,5.5839341,OpenStreetMap via Overpass API
Belgium,Delhaize,Proxy Delhaize,Lindelsebaan,202,3900,Pelt,Lindelsebaan 202 3900 Pelt Belgium,node,11418387345,51.1961594,5.4032793,OpenStreetMap via Overpass API
Belgium,Delhaize,AD Delhaize,Ieperseweg,12,8970,Poperinge,Ieperseweg 12 8970 Poperinge Belgium,way,246466078,50.855528,2.7489248,OpenStreetMap via Overpass API
Belgium,Delhaize,Shop & Go Delhaize,Mechelbaan,272,2580,Putte,Mechelbaan 272 2580 Putte Belgium,node,11098985830,51.0597436,4.6432497,OpenStreetMap via Overpass API
Belgium,Delhaize,Delhaize,Veurtstraat,46,2870,Puurs-Sint-Amands,Veurtstraat 46 2870 Puurs-Sint-Amands Belgium,node,7646319602,51.0391181,4.3256604,OpenStreetMap via Overpass API
Belgium,Delhaize,Delhaize,Rue du Grand Passage,126,7340,Pâturages,Rue du Grand Passage 126 7340 Pâturages Belgium,way,760223225,50.4017937,3.8552194,OpenStreetMap via Overpass API
Belgium,Delhaize,Delhaize,Aachener Straße,47,4731,Raeren,Aachener Straße 47 4731 Raeren Belgium,way,111443822,50.6961842,6.0828567,OpenStreetMap via Overpass API
Belgium,Delhaize,Proxy Delhaize,Petergensfeld,76,4730,Raeren,Petergensfeld 76 4730 Raeren Belgium,way,93051341,50.6490201,6.1817123,OpenStreetMap via Overpass API
Belgium,Delhaize,Proxy Delhaize,Rue de la Verrerie,4E,6470,Rance,Rue de la Verrerie 4E 6470 Rance Belgium,way,109183164,50.1449776,4.2671129,OpenStreetMap via Overpass API
Belgium,Delhaize,AD Delhaize,Pertendonckstraat,20A,2520,Ranst,Pertendonckstraat 20A 2520 Ranst Belgium,node,13363389535,51.1822904,4.5984247,OpenStreetMap via Overpass API
Belgium,Delhaize,Delhaize,Grote Baan,"56,58",2380,Ravels,"Grote Baan 56,58 2380 Ravels Belgium",node,4788730353,51.3683212,4.9921146,OpenStreetMap via Overpass API
Belgium,Delhaize,Delhaize,Rue du Flosse,6,6800,Recogne,Rue du Flosse 6 6800 Recogne Belgium,way,359209700,49.9120034,5.3565116,OpenStreetMap via Overpass API
Belgium,Delhaize,Delhaize,'s Herenbaan,178,2840,Reet,'s Herenbaan 178 2840 Reet Belgium,way,109899788,51.1067759,4.3681211,OpenStreetMap via Overpass API
Belgium,Delhaize,Spar,Populierenlaan,40,3621,Rekem,Populierenlaan 40 3621 Rekem Belgium,way,369925709,50.9232539,5.6917829,OpenStreetMap via Overpass API
Belgium,Delhaize,AD Delhaize,Rue Jules Mélotte,34,4350,Remicourt,Rue Jules Mélotte 34 4350 Remicourt Belgium,way,268147318,50.6818461,5.321577,OpenStreetMap via Overpass API
Belgium,Delhaize,AD Delhaize,Markt,18,2470,Retie,Markt 18 2470 Retie Belgium,node,3292510888,51.2674267,5.083296,OpenStreetMap via Overpass API
Belgium,Delhaize,Delhaize,Westlaan,187,8800,Roeselare,Westlaan 187 8800 Roeselare Belgium,way,172835330,50.9411866,3.1138866,OpenStreetMap via Overpass API
Belgium,Delhaize,Delhaize,Place des Combattants,23,7330,Saint-Ghislain,Place des Combattants 23 7330 Saint-Ghislain Belgium,way,832181866,50.4484456,3.8192318,OpenStreetMap via Overpass API
Belgium,Delhaize,Delhaize,Mannenberg,127,3270,Scherpenheuvel-Zichem,Mannenberg 127 3270 Scherpenheuvel-Zichem Belgium,way,146501243,50.9787029,4.9478911,OpenStreetMap via Overpass API
Belgium,Delhaize,Delhaize,Rue Rennequin Sualem,38,4101,Seraing,Rue Rennequin Sualem 38 4101 Seraing Belgium,way,739436246,50.6192966,5.4972411,OpenStreetMap via Overpass API
Belgium,Delhaize,Delhaize,Rue de Tilff,120,4100,Seraing,Rue de Tilff 120 4100 Seraing Belgium,way,43963980,50.5655994,5.5506379,OpenStreetMap via Overpass API
Belgium,Delhaize,Proxy Delhaize,Heernisplein,24,9040,Sint-Amandsberg,Heernisplein 24 9040 Sint-Amandsberg Belgium,way,431277686,51.0518574,3.747693,OpenStreetMap via Overpass API
Belgium,Delhaize,AD Delhaize,Gentseweg,602,8793,Sint-Eloois-Vijve,Gentseweg 602 8793 Sint-Eloois-Vijve Belgium,node,10304976065,50.9028028,3.410072,OpenStreetMap via Overpass API
Belgium,Delhaize,Proxy Delhaize,Malehoeklaan,2,8310,Sint-Kruis,Malehoeklaan 2 8310 Sint-Kruis Belgium,node,990491316,51.2125987,3.2792233,OpenStreetMap via Overpass API
Belgium,Delhaize,Delhaize,Koningin Astridlaan,97,8200,Sint-Michiels,Koningin Astridlaan 97 8200 Sint-Michiels Belgium,way,151776728,51.1860873,3.1999785,OpenStreetMap via Overpass API
Belgium,Delhaize,AD Delhaize,Rue des Archers,1,7060,Soignies,Rue des Archers 1 7060 Soignies Belgium,node,6521930388,50.5705129,4.0648497,OpenStreetMap via Overpass API
Belgium,Delhaize,Delhaize Spa,Avenue Reine Astrid,244,4900,Spa,Avenue Reine Astrid 244 4900 Spa Belgium,way,391219676,50.4888444,5.843858,OpenStreetMap via Overpass API
Belgium,Delhaize,Proxy Delhaize,Hasseltse Dreef,144,3512,Stevoort,Hasseltse Dreef 144 3512 Stevoort Belgium,node,4809424176,50.9176714,5.2514797,OpenStreetMap via Overpass API
Belgium,Delhaize,Delhaize,Assesteenweg,257-259,1740,Ternat,Assesteenweg 257-259 1740 Ternat Belgium,way,318127523,50.8704426,4.1617895,OpenStreetMap via Overpass API
Belgium,Delhaize,Shop & Go Tervuren,Leuvensesteenweg,75,3080,Tervuren,Leuvensesteenweg 75 3080 Tervuren Belgium,way,135708557,50.8346277,4.5327762,OpenStreetMap via Overpass API
Belgium,Delhaize,Shop & Go,Diesterstraat,226,3980,Tessenderlo,Diesterstraat 226 3980 Tessenderlo Belgium,node,7575475870,51.0511836,5.0871704,OpenStreetMap via Overpass API
Belgium,Delhaize,Proxy Delhaize,Engsbergseweg,88,3980,Tessenderlo,Engsbergseweg 88 3980 Tessenderlo Belgium,node,7093339890,51.0300983,5.0540755,OpenStreetMap via Overpass API
Belgium,Delhaize,AD Delhaize,Kolmen,27,3980,Tessenderlo,Kolmen 27 3980 Tessenderlo Belgium,node,4504604494,51.0690894,5.0870569,OpenStreetMap via Overpass API
Belgium,Delhaize,Proxy Delhaize,Leuvensesteenweg,227,3390,Tielt-Winge,Leuvensesteenweg 227 3390 Tielt-Winge Belgium,way,1434543299,50.9056347,4.8666173,OpenStreetMap via Overpass API
Belgium,Delhaize,Proxy Delhaize,Avenue de l'Industrie,26,4500,Tihange,Avenue de l'Industrie 26 4500 Tihange Belgium,way,550274457,50.5333016,5.2615282,OpenStreetMap via Overpass API
Belgium,Delhaize,AD Delhaize,Chaussée de Gembloux,25,5140,Tongrinne,Chaussée de Gembloux 25 5140 Tongrinne Belgium,way,40611137,50.5261196,4.6215176,OpenStreetMap via Overpass API
Belgium,Delhaize,Delhaize,Bruggestraat,102,8820,Torhout,Bruggestraat 102 8820 Torhout Belgium,node,6814772344,51.0755888,3.1105258,OpenStreetMap via Overpass API
Belgium,Delhaize,Delhaize,Karel de Goedelaan,8,8820,Torhout,Karel de Goedelaan 8 8820 Torhout Belgium,way,94599058,51.0684208,3.0994053,OpenStreetMap via Overpass API
Belgium,Delhaize,AD Delhaize,Veldonkstraat,11,3120,Tremelo,Veldonkstraat 11 3120 Tremelo Belgium,way,348694416,50.9904792,4.7052548,OpenStreetMap via Overpass API
Belgium,Delhaize,Proxy Delhaize,Rue de la Tondrée,6,7100,Trivières,Rue de la Tondrée 6 7100 Trivières Belgium,way,462388878,50.4527818,4.1538692,OpenStreetMap via Overpass API
Belgium,Delhaize,Proxy Delhaize,Tessenderloseweg,12,2431,Veerle-Laakdal,Tessenderloseweg 12 2431 Veerle-Laakdal Belgium,node,4525405389,51.0677926,4.9910097,OpenStreetMap via Overpass API
Belgium,Delhaize,Delhaize,Avenue de Spa,66,4802,Verviers,Avenue de Spa 66 4802 Verviers Belgium,way,49905713,50.5810069,5.8635914,OpenStreetMap via Overpass API
Belgium,Delhaize,Proxy Delhaize,Rue de la station,8/C18,4800,Verviers,Rue de la station 8/C18 4800 Verviers Belgium,node,5012369490,50.5883757,5.8514791,OpenStreetMap via Overpass API
Belgium,Delhaize,AD Delhaize,Bosstraat,20;20A;20B,8570,Vichte,Bosstraat 20;20A;20B 8570 Vichte Belgium,way,750063812,50.8364596,3.4093089,OpenStreetMap via Overpass API
Belgium,Delhaize,Delhaize,Rue de Dalhem,15,4600,Visé,Rue de Dalhem 15 4600 Visé Belgium,way,112180937,50.7321686,5.6971796,OpenStreetMap via Overpass API
Belgium,Delhaize,AD Delhaize,Rue de Dalhem,15,4600,Visé,Rue de Dalhem 15 4600 Visé Belgium,node,888462503,50.7320694,5.6970178,OpenStreetMap via Overpass API
Belgium,Delhaize,AD Delhaize,Nijverheidstraat,14,2350,Vosselaar,Nijverheidstraat 14 2350 Vosselaar Belgium,way,107231811,51.3180577,4.8903383,OpenStreetMap via Overpass API
Belgium,Delhaize,AD Delhaize,Rue de la Perche,88,7340,Wasmes,Rue de la Perche 88 7340 Wasmes Belgium,way,997959801,50.4107422,3.8577204,OpenStreetMap via Overpass API
Belgium,Delhaize,Delhaize,Boulevard Henri Rolin,7,1410,Waterloo,Boulevard Henri Rolin 7 1410 Waterloo Belgium,way,35764596,50.710261,4.3982842,OpenStreetMap via Overpass API
Belgium,Delhaize,Delhaize,Chaussée de Louvain,126,1300,Wavre,Chaussée de Louvain 126 1300 Wavre Belgium,way,93420006,50.7170089,4.6190003,OpenStreetMap via Overpass API
Belgium,Delhaize,Delhaize,Rue Gérard Delvoye,3A,4840,Welkenraedt,Rue Gérard Delvoye 3A 4840 Welkenraedt Belgium,way,70121722,50.6623385,5.9705787,OpenStreetMap via Overpass API
Belgium,Delhaize,Proxy Delhaize,Grote Markt,16,2260,Westerlo,Grote Markt 16 2260 Westerlo Belgium,node,5261801160,51.0872366,4.9164325,OpenStreetMap via Overpass API
Belgium,Delhaize,Delhaize,Korte Bergstraat,1,9230,Wetteren,Korte Bergstraat 1 9230 Wetteren Belgium,way,179863165,51.005791,3.8837485,OpenStreetMap via Overpass API
Belgium,Delhaize,AD Delhaize,Eektstraat,2C,3111,Wezemaal,Eektstraat 2C 3111 Wezemaal Belgium,way,158323045,50.9477632,4.7495001,OpenStreetMap via Overpass API
Belgium,Delhaize,AD Delhaize,Turnhoutsebaan,378,2110,Wijnegem,Turnhoutsebaan 378 2110 Wijnegem Belgium,node,7618388851,51.2272856,4.5198974,OpenStreetMap via Overpass API
Belgium,Delhaize,Delhaize,Pastorijweg,1,3012,Wilsele,Pastorijweg 1 3012 Wilsele Belgium,node,356443327,50.9290727,4.7253408,OpenStreetMap via Overpass API
Belgium,Delhaize,Proxy Delhaize,Kerkplaats,12,2990,Wuustwezel,Kerkplaats 12 2990 Wuustwezel Belgium,way,549347305,51.358717,4.54181,OpenStreetMap via Overpass API
Belgium,Delhaize,AD Delhaize,Heuvenstraat,75,3520,Zonhoven,Heuvenstraat 75 3520 Zonhoven Belgium,node,10029959435,50.986425,5.3675977,OpenStreetMap via Overpass API
Belgium,Delhaize,Delhaize,Rue d'Eghezée,16,5380,forville,Rue d'Eghezée 16 5380 forville Belgium,way,669241690,50.5718342,5.005178,OpenStreetMap via Overpass API
Belgium,Delhaize,Delhaize,Lindenstraat,,3140,keerbergen,Lindenstraat 3140 keerbergen Belgium,way,105931501,51.0027466,4.6341166,OpenStreetMap via Overpass API
Belgium,Delhaize,Delhaize,Rue Saint-Fiacre,2,7134,Épinois,Rue Saint-Fiacre 2 7134 Épinois Belgium,way,1122630904,50.409558,4.1858435,OpenStreetMap via Overpass API
Belgium,Delhaize,AD Delhaize,Rue Belle-Vue,56,6740,Étalle,Rue Belle-Vue 56 6740 Étalle Belgium,way,37568560,49.6805476,5.6046548,OpenStreetMap via Overpass API
Belgium,Intermarché,Intermarché,Chaussée de Mons,225,6150,Anderlues,Chaussée de Mons 225 6150 Anderlues Belgium,way,921487287,50.4067836,4.2340731,OpenStreetMap via Overpass API
Belgium,Intermarché,Intermarché Contact,Rue Émile Vandervelde,14,6150,Anderlues,Rue Émile Vandervelde 14 6150 Anderlues Belgium,way,1202595106,50.4051903,4.2699865,OpenStreetMap via Overpass API
Belgium,Intermarché,Intermarché,Rue de Bruxelles,10,4340,Awans,Rue de Bruxelles 10 4340 Awans Belgium,way,439613901,50.6800684,5.468295,OpenStreetMap via Overpass API
Belgium,Intermarché,Intermarché,Rue Zéphirin Fontaine,140,7130,Binche,Rue Zéphirin Fontaine 140 7130 Binche Belgium,way,1122617484,50.4210671,4.1698551,OpenStreetMap via Overpass API
Belgium,Intermarché,Intermarché,Rue Binamé Bajart,1,5170,Bois-de-Villers,Rue Binamé Bajart 1 5170 Bois-de-Villers Belgium,way,731199599,50.395944,4.8273042,OpenStreetMap via Overpass API
Belgium,Intermarché,Intermarché Bouge Moulin-à-Vent,Chaussée de Louvain,257,5004,Bouge,Chaussée de Louvain 257 5004 Bouge Belgium,way,97207434,50.4764777,4.8742045,OpenStreetMap via Overpass API
Belgium,Intermarché,Intermarché,Route de Hannut,74,5004,Bouge,Route de Hannut 74 5004 Bouge Belgium,node,12278639432,50.4733523,4.9041905,OpenStreetMap via Overpass API
Belgium,Intermarché,Intermarché,Rue de Nivelles,186A;186B,1440,Braine-le-Château,Rue de Nivelles 186A;186B 1440 Braine-le-Château Belgium,way,521495349,50.6690174,4.2767275,OpenStreetMap via Overpass API
Belgium,Intermarché,Intermarché,Avenue Alix de Namur,2,7090,Braine-le-Comte,Avenue Alix de Namur 2 7090 Braine-le-Comte Belgium,way,867310080,50.6020183,4.128095,OpenStreetMap via Overpass API
Belgium,Intermarché,Intermarché,Rue de la Gare,22,5630,Cerfontaine,Rue de la Gare 22 5630 Cerfontaine Belgium,way,220427281,50.1722276,4.4094599,OpenStreetMap via Overpass API
Belgium,Intermarché,Intermarché,Rue de La Hestre,93,7160,Chapelle-lez-Herlaimont,Rue de La Hestre 93 7160 Chapelle-lez-Herlaimont Belgium,way,368809711,50.46683,4.2763328,OpenStreetMap via Overpass API
Belgium,Intermarché,Intermarché,Rue du Commerce,79,5590,Ciney,Rue du Commerce 79 5590 Ciney Belgium,way,135737266,50.2919554,5.097703,OpenStreetMap via Overpass API
Belgium,Intermarché,Intermarché,Rue Haute,1,1435,Corbais,Rue Haute 1 1435 Corbais Belgium,way,410874914,50.6445798,4.6466198,OpenStreetMap via Overpass API
Belgium,Intermarché,Intermarché,Rue de Trazegnies,154,6180,Courcelles,Rue de Trazegnies 154 6180 Courcelles Belgium,way,361481981,50.4630787,4.353669,OpenStreetMap via Overpass API
Belgium,Intermarché,Intermarché,Chaussée Verte,96,4367,Crisnée,Chaussée Verte 96 4367 Crisnée Belgium,node,3960641357,50.704832,5.4055207,OpenStreetMap via Overpass API
Belgium,Intermarché,Intermarché,Rue Neuve,6,4820,Dison,Rue Neuve 6 4820 Dison Belgium,node,5034411867,50.6063882,5.857056,OpenStreetMap via Overpass API
Belgium,Intermarché,Intermarché,Route d'Ath,177,7050,Erbisœul,Route d'Ath 177 7050 Erbisœul Belgium,way,151653433,50.5150267,3.9216181,OpenStreetMap via Overpass API
Belgium,Intermarché,Intermarché,Rue Jules Vantieghem,5,7730,Estaimpuis,Rue Jules Vantieghem 5 7730 Estaimpuis Belgium,node,4843730469,50.7175257,3.2745899,OpenStreetMap via Overpass API
Belgium,Intermarché,Intermarché,Rue Emerée,4,5150,Floriffoux,Rue Emerée 4 5150 Floriffoux Belgium,way,154911756,50.452795,4.767996,OpenStreetMap via Overpass API
Belgium,Intermarché,Intermarché,Rue de Mons,54,6140,Fontaine-l'Évêque,Rue de Mons 54 6140 Fontaine-l'Évêque Belgium,way,207053975,50.4077898,4.3217203,OpenStreetMap via Overpass API
Belgium,Intermarché,Intermarché,Rue de Charleville,48,5575,Gedinne,Rue de Charleville 48 5575 Gedinne Belgium,way,605839722,49.9758774,4.9332978,OpenStreetMap via Overpass API
Belgium,Intermarché,Intermarché,Campagne d'Énée,1,5030,Gembloux,Campagne d'Énée 1 5030 Gembloux Belgium,way,181064450,50.5765397,4.705025,OpenStreetMap via Overpass API
Belgium,Intermarché,Intermarché,Rue Louis Lalieux,22,1470,Genappe,Rue Louis Lalieux 22 1470 Genappe Belgium,way,620118282,50.613929,4.4539504,OpenStreetMap via Overpass API
Belgium,Intermarché,Intermarché,Avenue de la Libération,15B,7011,Ghlin,Avenue de la Libération 15B 7011 Ghlin Belgium,way,629209811,50.4748966,3.8999146,OpenStreetMap via Overpass API
Belgium,Intermarché,Intermarché,Rue Pont-à-Migneloux,13,6041,Gosselies,Rue Pont-à-Migneloux 13 6041 Gosselies Belgium,way,953530363,50.4874746,4.4546479,OpenStreetMap via Overpass API
Belgium,Intermarché,Intermarché,Rue de Bomerée,1,6534,Gozée,Rue de Bomerée 1 6534 Gozée Belgium,way,115013155,50.345604,4.362496,OpenStreetMap via Overpass API
Belgium,Intermarché,Intermarché,Rue de Marchienne,204,6534,Gozée,Rue de Marchienne 204 6534 Gozée Belgium,way,115018642,50.3566793,4.3630368,OpenStreetMap via Overpass API
Belgium,Intermarché,Intermarché,Boulevard Pieret,32,4180,Hamoir,Boulevard Pieret 32 4180 Hamoir Belgium,node,511048178,50.4297782,5.533596,OpenStreetMap via Overpass API
Belgium,Intermarché,Intermarché,Rue de Hesbaye,1,4280,Hannut,Rue de Hesbaye 1 4280 Hannut Belgium,way,375359921,50.6789839,5.08006,OpenStreetMap via Overpass API
Belgium,Intermarché,Intermarché,Rue de la Poudrière,14,5100,Jambes,Rue de la Poudrière 14 5100 Jambes Belgium,way,101711795,50.4424194,4.8685273,OpenStreetMap via Overpass API
Belgium,Intermarché,Intermarché,Avenue des Commandants Borlée,16,1370,Jodoigne,Avenue des Commandants Borlée 16 1370 Jodoigne Belgium,way,112669711,50.7233732,4.8739195,OpenStreetMap via Overpass API
Belgium,Intermarché,Intermarché,Chemin des Croix,99,7860,Lessines,Chemin des Croix 99 7860 Lessines Belgium,way,98786779,50.7009377,3.8260637,OpenStreetMap via Overpass API
Belgium,Intermarché,Intermarché,Avenue Blonden,26,4000,Liège,Avenue Blonden 26 4000 Liège Belgium,way,110553175,50.6290167,5.5692146,OpenStreetMap via Overpass API
Belgium,Intermarché,Intermarché,Place Saint-Lambert,9,4000,Liège,Place Saint-Lambert 9 4000 Liège Belgium,node,6549036425,50.6442069,5.5731405,OpenStreetMap via Overpass API
Belgium,Intermarché,Intermarché,Rue Saint-Gilles,90D,4000,Liège,Rue Saint-Gilles 90D 4000 Liège Belgium,way,503578846,50.6387917,5.5647289,OpenStreetMap via Overpass API
Belgium,Intermarché,Intermarché Luttre,Rue Nouvelle,6B,6238,Luttre,Rue Nouvelle 6B 6238 Luttre Belgium,way,174633052,50.5060721,4.3919769,OpenStreetMap via Overpass API
Belgium,Intermarché,Intermarché,Rue Grande,208 A,7020,Maisières,Rue Grande 208 A 7020 Maisières Belgium,node,743228092,50.4913924,3.9696301,OpenStreetMap via Overpass API
Belgium,Intermarché,Intermarché,Rue des Ateliers,122,7140,Morlanwelz-Mariemont,Rue des Ateliers 122 7140 Morlanwelz-Mariemont Belgium,way,1346520484,50.466762,4.2665925,OpenStreetMap via Overpass API
Belgium,Intermarché,Intermarché,Route du Condroz,318,4550,Nandrin,Route du Condroz 318 4550 Nandrin Belgium,way,366254563,50.5223503,5.4211227,OpenStreetMap via Overpass API
Belgium,Intermarché,Intermarché,Rue Tienne à Deux Vallées,8,1400,Nivelles,Rue Tienne à Deux Vallées 8 1400 Nivelles Belgium,way,213905824,50.5941447,4.3375461,OpenStreetMap via Overpass API
Belgium,Intermarché,Intermarché,Rue de Ciney,44,5350,Ohey,Rue de Ciney 44 5350 Ohey Belgium,way,494685772,50.4329391,5.1255213,OpenStreetMap via Overpass API
Belgium,Intermarché,Intermarché,Rue de France,39,5600,Philippeville,Rue de France 39 5600 Philippeville Belgium,node,1357562426,50.1969112,4.5382084,OpenStreetMap via Overpass API
Belgium,Intermarché,Intermarché,Rue Neuve Chaussée,86C,7600,Péruwelz,Rue Neuve Chaussée 86C 7600 Péruwelz Belgium,node,1258885780,50.5230804,3.6022629,OpenStreetMap via Overpass API
Belgium,Intermarché,Intermarché,Rue du Brugnon,88,7972,Quevaucamps,Rue du Brugnon 88 7972 Quevaucamps Belgium,way,279476964,50.5162411,3.6723975,OpenStreetMap via Overpass API
Belgium,Intermarché,Intermarché,Avenue de Bouillon,121,6800,Recogne,Avenue de Bouillon 121 6800 Recogne Belgium,node,11011860276,49.9142702,5.3602455,OpenStreetMap via Overpass API
Belgium,Intermarché,Intermarché,Rue du Flosse,4,6800,Recogne,Rue du Flosse 4 6800 Recogne Belgium,way,359209783,49.9112122,5.3565917,OpenStreetMap via Overpass API
Belgium,Intermarché,Intermarché,Rue aux Cailloux,34,5080,Rhisnes,Rue aux Cailloux 34 5080 Rhisnes Belgium,way,245217646,50.5027748,4.7917984,OpenStreetMap via Overpass API
Belgium,Intermarché,Intermarché,Rue Albert Ier,20,4470,Saint-Georges-sur-Meuse,Rue Albert Ier 20 4470 Saint-Georges-sur-Meuse Belgium,way,218241320,50.6014182,5.3546327,OpenStreetMap via Overpass API
Belgium,Intermarché,Intermarché,Rue de Gembloux,270-280,5002,Saint-Servais,Rue de Gembloux 270-280 5002 Saint-Servais Belgium,way,173968249,50.4766136,4.8464235,OpenStreetMap via Overpass API
Belgium,Intermarché,Intermarché,Rue de la Rouge Croix,6,7180,Seneffe,Rue de la Rouge Croix 6 7180 Seneffe Belgium,way,803857866,50.5315557,4.2602644,OpenStreetMap via Overpass API
Belgium,Intermarché,Intermarché,Avenue de la Concorde,53,4100,Seraing,Avenue de la Concorde 53 4100 Seraing Belgium,way,241923516,50.595368,5.5016606,OpenStreetMap via Overpass API
Belgium,Intermarché,Intermarché,Rue de Beaufays,35,4140,Sprimont,Rue de Beaufays 35 4140 Sprimont Belgium,way,122299578,50.5248436,5.6580708,OpenStreetMap via Overpass API
Belgium,Intermarché,Intermarché,Route de Saussin,45,5190,Spy,Route de Saussin 45 5190 Spy Belgium,node,4783255523,50.4921765,4.7182088,OpenStreetMap via Overpass API
Belgium,Intermarché,Intermarché,Rue de l'Indépendance,81,7110,Strépy-Bracquegnies,Rue de l'Indépendance 81 7110 Strépy-Bracquegnies Belgium,way,1201042067,50.4703485,4.1158981,OpenStreetMap via Overpass API
Belgium,Intermarché,Intermarché,Avenue de l'Industrie,31,4500,Tihange,Avenue de l'Industrie 31 4500 Tihange Belgium,way,316590800,50.5324937,5.2630381,OpenStreetMap via Overpass API
Belgium,Intermarché,Intermarché,Chaussée de Theux,55,4802,Verviers,Chaussée de Theux 55 4802 Verviers Belgium,way,49907010,50.5783893,5.8669433,OpenStreetMap via Overpass API
Belgium,Intermarché,Intermarché,Rue Joseph Muller,27,4608,Warsage,Rue Joseph Muller 27 4608 Warsage Belgium,node,4071408465,50.7352606,5.7642523,OpenStreetMap via Overpass API
Belgium,Intermarché,Intermarché,Chaussée de Louvain,,5310,Éghezée,Chaussée de Louvain 5310 Éghezée Belgium,way,112611581,50.5989463,4.9057827,OpenStreetMap via Overpass API
Belgium,Intermarché,Intermarché,Rue du Moulin,,6740,Étalle,Rue du Moulin 6740 Étalle Belgium,way,549198433,49.6731101,5.5927936,OpenStreetMap via Overpass API
France,Carrefour,Carrefour Contact,Avenue des Îles d'Amérique,14,34300,Agde,Avenue des Îles d'Amérique 14 34300 Agde France,node,1983522991,43.2817805,3.4973497,OpenStreetMap via Overpass API
France,Carrefour,Carrefour Contact,Place Jean-Baptiste Durand,,47000,Agen,Place Jean-Baptiste Durand 47000 Agen France,node,13731106165,44.2042612,0.6177761,OpenStreetMap via Overpass API
France,Carrefour,Carrefour City,Boulevard Ferdinand de Lesseps,215,13090,Aix-en-Provence,Boulevard Ferdinand de Lesseps 215 13090 Aix-en-Provence France,node,9196442684,43.5258269,5.4357497,OpenStreetMap via Overpass API
France,Carrefour,Carrefour Market,Rue Lapierre,1,13100,Aix-en-Provence,Rue Lapierre 1 13100 Aix-en-Provence France,node,4969288798,43.525327,5.4427484,OpenStreetMap via Overpass API
France,Carrefour,Carrefour City,Place Émile Leturcq,7,80300,Albert,Place Émile Leturcq 7 80300 Albert France,node,9900281098,50.0024622,2.6509638,OpenStreetMap via Overpass API
France,Carrefour,Carrefour City,Place Lapérouse,14,81000,Albi,Place Lapérouse 14 81000 Albi France,node,1767594088,43.9245928,2.1443448,OpenStreetMap via Overpass API
France,Carrefour,Carrefour Express,Place du Maquis,12,81000,Albi,Place du Maquis 12 81000 Albi France,node,3017489240,43.9265838,2.1537491,OpenStreetMap via Overpass API
France,Carrefour,Carrefour,Quai du Mas d'Hours,,30104,Alès,Quai du Mas d'Hours 30104 Alès France,node,12083156044,44.1136149,4.0969034,OpenStreetMap via Overpass API
France,Carrefour,Carrefour Market,Route de la Roche,80,74800,Amancy,Route de la Roche 80 74800 Amancy France,way,814871075,46.069964,6.319765,OpenStreetMap via Overpass API
France,Carrefour,Carrefour Express,Rue de l'Helvétie,14,74100,Ambilly,Rue de l'Helvétie 14 74100 Ambilly France,node,7425640772,46.1933832,6.2239869,OpenStreetMap via Overpass API
France,Carrefour,Carrefour Contact,Rue des Vallées,4,53300,Ambrières-les-Vallées,Rue des Vallées 4 53300 Ambrières-les-Vallées France,way,277285045,48.396167,-0.624736,OpenStreetMap via Overpass API
France,Carrefour,Carrefour City,Place René Goblet,43,80000,Amiens,Place René Goblet 43 80000 Amiens France,node,12601510633,49.8915078,2.3036427,OpenStreetMap via Overpass API
France,Carrefour,Carrefour City,Rue Saint-Fuscien,6,80000,Amiens,Rue Saint-Fuscien 6 80000 Amiens France,node,3105429739,49.8866353,2.3033011,OpenStreetMap via Overpass API
France,Carrefour,Carrefour Express,Boulevard Joseph Bédier,,49000,Angers,Boulevard Joseph Bédier 49000 Angers France,node,2773227404,47.4512423,-0.5491331,OpenStreetMap via Overpass API
France,Carrefour,Carrefour Grand Maine,Rue du Grand Launay,,49000,Angers,Rue du Grand Launay 49000 Angers France,way,1351808316,47.4687153,-0.5957178,OpenStreetMap via Overpass API
France,Carrefour,Carrefour Express,Avenue de Biarritz,108,64600,Anglet,Avenue de Biarritz 108 64600 Anglet France,node,12518574328,43.481282,-1.534755,OpenStreetMap via Overpass API
France,Carrefour,Carrefour,Route de Rochefort,,17690,Angoulins,Route de Rochefort 17690 Angoulins France,node,8247101503,46.1107933,-1.1051257,OpenStreetMap via Overpass API
France,Carrefour,Carrefour City,Avenue de Chambéry,14,74000,Annecy,Avenue de Chambéry 14 74000 Annecy France,node,3657703334,45.8991742,6.1194895,OpenStreetMap via Overpass API
France,Carrefour,Carrefour,Avenue de Genève,134,74000,Annecy,Avenue de Genève 134 74000 Annecy France,way,31987380,45.9248381,6.1246204,OpenStreetMap via Overpass API
France,Carrefour,Carrefour City,Avenue du Parc des Sports,27,74000,Annecy,Avenue du Parc des Sports 27 74000 Annecy France,node,2853593905,45.9118146,6.1212815,OpenStreetMap via Overpass API
France,Carrefour,Carrefour City,Place Annapurna,13,74000,Annecy,Place Annapurna 13 74000 Annecy France,node,341372774,45.9173605,6.1337085,OpenStreetMap via Overpass API
France,Carrefour,Carrefour City,Place des Rhododendrons,5,74000,Annecy,Place des Rhododendrons 5 74000 Annecy France,node,339224771,45.9187766,6.1289001,OpenStreetMap via Overpass API
France,Carrefour,Carrefour Market,Rue des Mouettes,33,74940,Annecy,Rue des Mouettes 33 74940 Annecy France,way,62502978,45.9105428,6.1492841,OpenStreetMap via Overpass API
France,Carrefour,Carrefour Market,Avenue Florissant,25,74100,Annemasse,Avenue Florissant 25 74100 Annemasse France,way,84915664,46.1959776,6.2431258,OpenStreetMap via Overpass API
France,Carrefour,Carrefour City,Esplanade François-Mitterrand,5,74100,Annemasse,Esplanade François-Mitterrand 5 74100 Annemasse France,node,12551210389,46.1990662,6.2362298,OpenStreetMap via Overpass API
France,Carrefour,Carrefour Market,Route de Bonneville,90,74100,Annemasse,Route de Bonneville 90 74100 Annemasse France,way,91369616,46.1815613,6.2370069,OpenStreetMap via Overpass API
France,Carrefour,Carrefour City,Rue de la Gare,12,74100,Annemasse,Rue de la Gare 12 74100 Annemasse France,node,5314847430,46.1943727,6.2339593,OpenStreetMap via Overpass API
France,Carrefour,Carrefour City,Avenue Robert Soleau,42,06600,Antibes,Avenue Robert Soleau 42 06600 Antibes France,node,6070722880,43.5840657,7.1201588,OpenStreetMap via Overpass API
France,Carrefour,Carrefour,Chemin de Saint-Claude,2850,06600,Antibes,Chemin de Saint-Claude 2850 06600 Antibes France,way,68073979,43.6039097,7.0890966,OpenStreetMap via Overpass API
France,Carrefour,Carrefour Market,Route de Nice,809,06600,Antibes,Route de Nice 809 06600 Antibes France,way,68075631,43.607244,7.123304,OpenStreetMap via Overpass API
France,Carrefour,Carrefour Contact,Avenue Général de Gaulle,760,30390,Aramon,Avenue Général de Gaulle 760 30390 Aramon France,way,534264253,43.896365,4.6921074,OpenStreetMap via Overpass API
France,Carrefour,Carrefour Express,Allée de la Chapelle,9,33120,Arcachon,Allée de la Chapelle 9 33120 Arcachon France,node,11519134722,44.6624491,-1.181206,OpenStreetMap via Overpass API
France,Carrefour,Carrefour Market,Route du Stade,,65400,Argelès-Gazost,Route du Stade 65400 Argelès-Gazost France,way,129880802,43.004953,-0.0873886,OpenStreetMap via Overpass API
France,Carrefour,Carrefour City,Place Antonelle,7,13200,Arles,Place Antonelle 7 13200 Arles France,node,1030057253,43.6771665,4.6246547,OpenStreetMap via Overpass API
France,Carrefour,Carrefour Contact,Route de Brou,,28290,Arrou,Route de Brou 28290 Arrou France,way,471686936,48.1048346,1.119702,OpenStreetMap via Overpass API
France,Carrefour,Carrefour City,Avenue d'Argenteuil,112,92600,Asnières-sur-Seine,Avenue d'Argenteuil 112 92600 Asnières-sur-Seine France,node,5954577092,48.9158135,2.282669,OpenStreetMap via Overpass API
France,Carrefour,Carrefour Express,Avenue du 18 Avril 1944,101,91200,Athis-Mons,Avenue du 18 Avril 1944 101 91200 Athis-Mons France,way,70231662,48.7021409,2.3866962,OpenStreetMap via Overpass API
France,Carrefour,Carrefour City,Rue Valentin Conrart,4,91200,Athis-Mons,Rue Valentin Conrart 4 91200 Athis-Mons France,node,3121872697,48.7082213,2.3883109,OpenStreetMap via Overpass API
France,Carrefour,Carrefour Express,Place de la Fontaine,14,32000,Auch,Place de la Fontaine 14 32000 Auch France,node,8960895466,43.6352817,0.5927527,OpenStreetMap via Overpass API
France,Carrefour,Carrefour,Avenue Nelson Mandela,,62138,Auchy-les-Mines,Avenue Nelson Mandela 62138 Auchy-les-Mines France,node,13481869425,50.520126,2.7965338,OpenStreetMap via Overpass API
France,Carrefour,Carrefour Contact,Rue Wattine Bossut,1,62770,Auchy-lès-Hesdin,Rue Wattine Bossut 1 62770 Auchy-lès-Hesdin France,way,246422045,50.4001976,2.1021396,OpenStreetMap via Overpass API
France,Carrefour,Carrefour Market,Avenue du Général de Gaulle,1,56400,Auray,Avenue du Général de Gaulle 1 56400 Auray France,node,109826360,47.6708019,-2.9912364,OpenStreetMap via Overpass API
France,Carrefour,Carrefour Market Aussonne,Route de Seilh,,31840,Aussonne,Route de Seilh 31840 Aussonne France,node,9311884499,43.6899109,1.3359812,OpenStreetMap via Overpass API
France,Carrefour,Carrefour Contact,Rue du Général de Gaulle,1,95430,Auvers-sur-Oise,Rue du Général de Gaulle 1 95430 Auvers-sur-Oise France,node,1359954349,49.0706197,2.1742884,OpenStreetMap via Overpass API
France,Carrefour,Carrefour,Avenue Pierre Semard,162,84000,Avignon,Avenue Pierre Semard 162 84000 Avignon France,node,1387897274,43.928859,4.834215,OpenStreetMap via Overpass API
France,Carrefour,Carrefour City,Rue Florence,19,84000,Avignon,Rue Florence 19 84000 Avignon France,node,4897225932,43.9487808,4.8094978,OpenStreetMap via Overpass API
France,Carrefour,Carrefour,Rue Jean Marie Tjibaou,360,84000,Avignon,Rue Jean Marie Tjibaou 360 84000 Avignon France,node,8906591203,43.9282869,4.79335,OpenStreetMap via Overpass API
France,Carrefour,Carrefour Market,Avenue Franklin Roosevelt,36,77210,Avon,Avenue Franklin Roosevelt 36 77210 Avon France,way,286907693,48.4144031,2.7204091,OpenStreetMap via Overpass API
France,Carrefour,Carrefour Market,Rue du Général de Gaulle,,50300,Avranches,Rue du Général de Gaulle 50300 Avranches France,node,1703019936,48.68684,-1.3648749,OpenStreetMap via Overpass API
France,Carrefour,Carrefour Express,Centre Commercial du Barry,,31450,Ayguesvives,Centre Commercial du Barry 31450 Ayguesvives France,node,4820150274,43.4363845,1.5979039,OpenStreetMap via Overpass API
France,Carrefour,Carrefour Market,Rue des Freres le Guenedal,28,56870,Baden,Rue des Freres le Guenedal 28 56870 Baden France,way,123504419,47.6204205,-2.9125786,OpenStreetMap via Overpass API
France,Carrefour,Carrefour City,Avenue de Galilée,22,31130,Balma,Avenue de Galilée 22 31130 Balma France,node,7342630282,43.6241351,1.4952573,OpenStreetMap via Overpass API
France,Carrefour,Carrefour Express,Place Sainte-Catherine,2,55000,Bar le Duc,Place Sainte-Catherine 2 55000 Bar le Duc France,node,6932415010,48.7798632,5.1668733,OpenStreetMap via Overpass API
France,Carrefour,Carrefour Express,Rue Nationale,93,10200,Bar-sur-Aube,Rue Nationale 93 10200 Bar-sur-Aube France,node,9373501455,48.2328618,4.7069182,OpenStreetMap via Overpass API
France,Carrefour,Carrefour Express,Rue de Monteglise,38,50720,Barenton,Rue de Monteglise 38 50720 Barenton France,node,2383657137,48.5997359,-0.832847,OpenStreetMap via Overpass API
France,Carrefour,Carrefour Contact,Rue Saint Thomas Becket,132,50760,Barfleur,Rue Saint Thomas Becket 132 50760 Barfleur France,way,417457258,49.6652417,-1.2698963,OpenStreetMap via Overpass API
France,Carrefour,Carrefour Contact,Chemin de la Peyrade,4,09300,Belesta,Chemin de la Peyrade 4 09300 Belesta France,way,457883822,42.9072623,1.9269896,OpenStreetMap via Overpass API
France,Carrefour,Carrefour Market,Avenue Charles Bohn,9,90000,Belfort,Avenue Charles Bohn 9 90000 Belfort France,node,6537206514,47.6496461,6.8461056,OpenStreetMap via Overpass API
France,Carrefour,Carrefour Market,route du Dorat,,87300,Bellac,route du Dorat 87300 Bellac France,way,68270092,46.1306714,1.0536733,OpenStreetMap via Overpass API
France,Carrefour,Carrefour,Zac De L'ousson,,01300,Belley,Zac De L'ousson 01300 Belley France,way,109799029,45.7596405,5.702996,OpenStreetMap via Overpass API
France,Carrefour,Carrefour,Avenue de Verdun,940,62600,Berck,Avenue de Verdun 940 62600 Berck France,node,2961625277,50.4050132,1.6000089,OpenStreetMap via Overpass API
France,Carrefour,Carrefour Market,Boulevard Auguste Comte,,24100,Bergerac,Boulevard Auguste Comte 24100 Bergerac France,node,4625543648,44.8471791,0.4925962,OpenStreetMap via Overpass API
France,Carrefour,Carrefour City,Rue Neuve d'Argenson,53,24100,Bergerac,Rue Neuve d'Argenson 53 24100 Bergerac France,node,7114802793,44.8516894,0.4852787,OpenStreetMap via Overpass API
France,Carrefour,Carrefour Market,Avenue Mozart,,35830,Betton,Avenue Mozart 35830 Betton France,way,81981027,48.1826212,-1.637998,OpenStreetMap via Overpass API
France,Carrefour,Carrefour Market,Mail Martin Luther King,12,95870,Bezons,Mail Martin Luther King 12 95870 Bezons France,node,9388000648,48.9290243,2.2164005,OpenStreetMap via Overpass API
France,Carrefour,Carrefour Contact,Rue Édouard Vaillant,,95870,Bezons,Rue Édouard Vaillant 95870 Bezons France,way,76372836,48.9262327,2.2139537,OpenStreetMap via Overpass API
France,Carrefour,Carrefour Market,Rue du Maréchal de Lattre de Tassigny,,76420,Bihorel,Rue du Maréchal de Lattre de Tassigny 76420 Bihorel France,node,4743174235,49.4583166,1.1276592,OpenStreetMap via Overpass API
France,Carrefour,Carrefour,Boulevard d'Arcachon,481,40600,Biscarosse Plage,Boulevard d'Arcachon 481 40600 Biscarosse Plage France,node,8339009937,44.4450291,-1.2520891,OpenStreetMap via Overpass API
France,Carrefour,Carrefour City,Route de Bischwiller,47,67800,Bischheim,Route de Bischwiller 47 67800 Bischheim France,node,5824090660,48.615628,7.7527558,OpenStreetMap via Overpass API
France,Carrefour,Carrefour Contact,Rue des Écoles,2,14112,Biéville-Beuville,Rue des Écoles 2 14112 Biéville-Beuville France,way,575075620,49.2405687,-0.327777,OpenStreetMap via Overpass API
France,Carrefour,Carrefour Contact,Route de Grenade,2,31700,Blagnac,Route de Grenade 2 31700 Blagnac France,node,6143018765,43.6231216,1.3958764,OpenStreetMap via Overpass API
France,Carrefour,Carrefour City,Rue des Bourguignons,71,92270,Bois-Colombes,Rue des Bourguignons 71 92270 Bois-Colombes France,node,2301293954,48.9154584,2.275558,OpenStreetMap via Overpass API
France,Carrefour,Carrefour Market,Rue de la République,,76230,Bois-Guillaume,Rue de la République 76230 Bois-Guillaume France,way,64957970,49.4700974,1.1167909,OpenStreetMap via Overpass API
France,Carrefour,Carrefour City,Rue du Champ des Oiseaux,,76230,Bois-Guillaume,Rue du Champ des Oiseaux 76230 Bois-Guillaume France,node,471537614,49.4568958,1.0956142,OpenStreetMap via Overpass API
France,Carrefour,Carrefour,Rue de la Tour,,87220,Boisseuil,Rue de la Tour 87220 Boisseuil France,node,885877102,45.7776368,1.3090287,OpenStreetMap via Overpass API
France,Carrefour,Carrefour Market,Rue des Grèbes Huppès,61,74130,Bonneville,Rue des Grèbes Huppès 61 74130 Bonneville France,way,820369716,46.0732225,6.4193555,OpenStreetMap via Overpass API
France,Carrefour,Carrefour Market,Rue de la Scie,136,74890,Bons-en-Chablais,Rue de la Scie 136 74890 Bons-en-Chablais France,way,814555823,46.2685347,6.3668815,OpenStreetMap via Overpass API
France,Carrefour,Carrefour Express,Route de Paris,69,76240,Bonsecours,Route de Paris 69 76240 Bonsecours France,node,1332577875,49.4225732,1.1255351,OpenStreetMap via Overpass API
France,Carrefour,Carrefour Market,Allée Serr,,33100,Bordeaux,Allée Serr 33100 Bordeaux France,node,1388325969,44.8436578,-0.5592301,OpenStreetMap via Overpass API
France,Carrefour,Carrefour Market,Avenue du Maréchal de Lattre de Tassigny,493,33200,Bordeaux,Avenue du Maréchal de Lattre de Tassigny 493 33200 Bordeaux France,node,7400914136,44.8611089,-0.6341645,OpenStreetMap via Overpass API
France,Carrefour,Carrefour Express,Cours Portal,20,33000,Bordeaux,Cours Portal 20 33000 Bordeaux France,node,6971785158,44.8527083,-0.5730495,OpenStreetMap via Overpass API
France,Carrefour,Carrefour City,Cours de la Martinique,54,33000,Bordeaux,Cours de la Martinique 54 33000 Bordeaux France,node,2491303538,44.8536652,-0.5710032,OpenStreetMap via Overpass API
France,Carrefour,Carrefour Express,Place Nansouty,1,33800,Bordeaux,Place Nansouty 1 33800 Bordeaux France,node,6684354506,44.8205204,-0.5720054,OpenStreetMap via Overpass API
France,Carrefour,Carrefour City,Quai de Bacalan,24,33300,Bordeaux,Quai de Bacalan 24 33300 Bordeaux France,node,2426715509,44.8577502,-0.5598503,OpenStreetMap via Overpass API
France,Carrefour,Carrefour City,Rue Camille Godard,69,33000,Bordeaux,Rue Camille Godard 69 33000 Bordeaux France,node,11347270417,44.8550969,-0.5771453,OpenStreetMap via Overpass API
France,Carrefour,Carrefour City,Rue François de Sourdis,65,33000,Bordeaux,Rue François de Sourdis 65 33000 Bordeaux France,way,155598828,44.83272,-0.5881535,OpenStreetMap via Overpass API
France,Carrefour,Carrefour Express,Rue Huguerie,34,33000,Bordeaux,Rue Huguerie 34 33000 Bordeaux France,node,7966785664,44.8444824,-0.580088,OpenStreetMap via Overpass API
France,Carrefour,Carrefour City,Rue Notre-Dame,8,33000,Bordeaux,Rue Notre-Dame 8 33000 Bordeaux France,node,8077249446,44.849593,-0.5724176,OpenStreetMap via Overpass API
France,Carrefour,Carrefour Express,Rue de l'École Normale,72,33200,Bordeaux,Rue de l'École Normale 72 33200 Bordeaux France,node,496839823,44.8476411,-0.6018223,OpenStreetMap via Overpass API
France,Carrefour,Carrefour City,Rue des Argentiers,35-37,33000,Bordeaux,Rue des Argentiers 35-37 33000 Bordeaux France,node,2567785879,44.83862,-0.5696746,OpenStreetMap via Overpass API
France,Carrefour,Carrefour City,Rue Yves Kermen,47,92100,Boulogne-Billancourt,Rue Yves Kermen 47 92100 Boulogne-Billancourt France,node,3393874335,48.8273329,2.2412798,OpenStreetMap via Overpass API
France,Carrefour,Carrefour Market,Boulevard de la Liane,,62200,Boulogne-sur-Mer,Boulevard de la Liane 62200 Boulogne-sur-Mer France,node,4830942567,50.7199396,1.6048313,OpenStreetMap via Overpass API
France,Carrefour,Carrefour City,Rue Saint-Louis,94,62200,Boulogne-sur-Mer,Rue Saint-Louis 94 62200 Boulogne-sur-Mer France,node,4705222846,50.7265785,1.6065488,OpenStreetMap via Overpass API
France,Carrefour,Carrefour Express,Rue de la Porte Neuve,29,62200,Boulogne-sur-Mer,Rue de la Porte Neuve 29 62200 Boulogne-sur-Mer France,node,4934529307,50.7274649,1.6175809,OpenStreetMap via Overpass API
France,Carrefour,Carrefour Contact,Rue de l'Armor,,22390,Bourbriac,Rue de l'Armor 22390 Bourbriac France,way,407343333,48.477358,-3.1874065,OpenStreetMap via Overpass API
France,Carrefour,Carrefour Market,Rue des Portes,405,27310,Bourg-Achard,Rue des Portes 405 27310 Bourg-Achard France,way,294022391,49.3569505,0.815711,OpenStreetMap via Overpass API
France,Carrefour,Carrefour Contact,Rue des Nouettes,1,35890,Bourg-des-Comptes,Rue des Nouettes 1 35890 Bourg-des-Comptes France,way,70266009,47.9300237,-1.7430799,OpenStreetMap via Overpass API
France,Carrefour,Carrefour Market,Boulevard du Maréchal Joffre,,92340,Bourg-la-Reine,Boulevard du Maréchal Joffre 92340 Bourg-la-Reine France,node,658054553,48.7827179,2.3146415,OpenStreetMap via Overpass API
France,Carrefour,Carrefour City,Avenue de Gionne,8,18000,Bourges,Avenue de Gionne 8 18000 Bourges France,node,12062875142,47.0742881,2.4044751,OpenStreetMap via Overpass API
France,Carrefour,Carrefour Market,Avenue de Lattre de Tassigny,2,18000,Bourges,Avenue de Lattre de Tassigny 2 18000 Bourges France,node,2954724659,47.1034403,2.4112148,OpenStreetMap via Overpass API
France,Carrefour,Carrefour City,Rue Moyenne,8,18000,Bourges,Rue Moyenne 8 18000 Bourges France,node,11763352482,47.084345,2.3952414,OpenStreetMap via Overpass API
France,Carrefour,Carrefour Express,Grand'Rue,66,67330,Bouxwiller,Grand'Rue 66 67330 Bouxwiller France,node,13017161033,48.8257665,7.4798392,OpenStreetMap via Overpass API
France,Carrefour,Carrefour Express,Rue de Trépail,13bis,51150,Bouzy,Rue de Trépail 13bis 51150 Bouzy France,node,4487264599,49.0795039,4.1516253,OpenStreetMap via Overpass API
France,Carrefour,Carrefour,Avenue de la Libération,,77480,Bray-sur-Seine,Avenue de la Libération 77480 Bray-sur-Seine France,way,232705205,48.4133283,3.2433034,OpenStreetMap via Overpass API
France,Carrefour,Carrefour Contact,Rue du Castel,,80340,Bray-sur-Somme,Rue du Castel 80340 Bray-sur-Somme France,node,5085739714,49.9382757,2.7182959,OpenStreetMap via Overpass API
France,Carrefour,Carrefour City,Avenue de Provence,40,29200,Brest,Avenue de Provence 40 29200 Brest France,node,12157697215,48.407663,-4.5155367,OpenStreetMap via Overpass API
France,Carrefour,Carrefour,Boulevard de Plymouth,126,29200,Brest,Boulevard de Plymouth 126 29200 Brest France,node,1550934885,48.3883089,-4.5246761,OpenStreetMap via Overpass API
France,Carrefour,Carrefour Express,Rampe du Vieux Bourg,7,29200,Brest,Rampe du Vieux Bourg 7 29200 Brest France,node,7836916286,48.3974831,-4.4537248,OpenStreetMap via Overpass API
France,Carrefour,Carrefour Contact,Rue Auguste Rodin,4,29200,Brest,Rue Auguste Rodin 4 29200 Brest France,node,3953454502,48.3965363,-4.4636811,OpenStreetMap via Overpass API
France,Carrefour,Carrefour Express,Rue Maréchal Franchet d'Esperey,,29200,Brest,Rue Maréchal Franchet d'Esperey 29200 Brest France,node,5645671951,48.3813526,-4.5099503,OpenStreetMap via Overpass API
France,Carrefour,Carrefour,Rue de Siam,41,29200,Brest,Rue de Siam 41 29200 Brest France,node,13172737995,48.3863887,-4.4910326,OpenStreetMap via Overpass API
France,Carrefour,Carrefour Market Breuillet Bart,Avenue Jean Bart,23,91650,Breuillet,Avenue Jean Bart 23 91650 Breuillet France,node,7425453047,48.5757839,2.1916953,OpenStreetMap via Overpass API
France,Carrefour,Carrefour,Rue de la Libération,1115,62700,Bruay-la-Buissière,Rue de la Libération 1115 62700 Bruay-la-Buissière France,node,1679018769,50.4952312,2.5682297,OpenStreetMap via Overpass API
France,Carrefour,Carrefour Express,Place des Farineau,14,59860,Bruay-sur-l'Escaut,Place des Farineau 14 59860 Bruay-sur-l'Escaut France,node,11958780377,50.3971202,3.5377929,OpenStreetMap via Overpass API
France,Carrefour,Carrefour Express,Rue du Général Duport,1,67170,Brumath,Rue du Général Duport 1 67170 Brumath France,node,560749732,48.7308714,7.7080775,OpenStreetMap via Overpass API
France,Carrefour,Carrefour Market,Rue de Montfort,53,35310,Bréal-sous-Montfort,Rue de Montfort 53 35310 Bréal-sous-Montfort France,node,444685989,48.0573664,-1.870954,OpenStreetMap via Overpass API
France,Carrefour,Carrefour Contact,Chemin du Tranot,,70700,Bucey-lès-Gy,Chemin du Tranot 70700 Bucey-lès-Gy France,way,119914828,47.4239877,5.8389026,OpenStreetMap via Overpass API
France,Carrefour,Carrefour Express,Rue Florival,42,68530,Buhl,Rue Florival 42 68530 Buhl France,way,70799339,47.9263866,7.1867308,OpenStreetMap via Overpass API
France,Carrefour,Carrefour Market,Rue Casimir Beugnet,,62160,Bully-les-Mines,Rue Casimir Beugnet 62160 Bully-les-Mines France,way,1162272189,50.4470645,2.7213829,OpenStreetMap via Overpass API
France,Carrefour,Carrefour,Rue Casimir Beugnet,18,62160,Bully-les-Mines,Rue Casimir Beugnet 18 62160 Bully-les-Mines France,node,10249134854,50.446803,2.7210611,OpenStreetMap via Overpass API
France,Carrefour,Carrefour City,Avenue de la Liberté,298,86180,Buxerolles,Avenue de la Liberté 298 86180 Buxerolles France,node,13818677549,46.6080669,0.3641859,OpenStreetMap via Overpass API
France,Carrefour,Carrefour City,Avenue Jean Moulin,,34500,Béziers,Avenue Jean Moulin 34500 Béziers France,node,4753046640,43.3463065,3.2187724,OpenStreetMap via Overpass API
France,Carrefour,Carrefour Market,Boulevard Achille Colin,6,14390,Cabourg,Boulevard Achille Colin 6 14390 Cabourg France,way,125158817,49.2794572,-0.1364062,OpenStreetMap via Overpass API
France,Carrefour,Carrefour Market,Avenue Louis Georgeon,15;17,94230,Cachan,Avenue Louis Georgeon 15;17 94230 Cachan France,node,1490284317,48.7930659,2.335197,OpenStreetMap via Overpass API
France,Carrefour,Carrefour Express,Avenue Henry Chéron,48,14000,Caen,Avenue Henry Chéron 48 14000 Caen France,node,4771558917,49.1734416,-0.3931361,OpenStreetMap via Overpass API
France,Carrefour,Carrefour City,Boulevard André Detolle,45,14000,Caen,Boulevard André Detolle 45 14000 Caen France,node,9156132857,49.1795465,-0.3883268,OpenStreetMap via Overpass API
France,Carrefour,Carrefour,Boulevard Maréchal Juin,1,14000,Caen,Boulevard Maréchal Juin 1 14000 Caen France,node,4325394073,49.2085165,-0.3645109,OpenStreetMap via Overpass API
France,Carrefour,Carrefour Express,Place Champlain,26,14000,Caen,Place Champlain 26 14000 Caen France,node,2344904868,49.1980949,-0.3488726,OpenStreetMap via Overpass API
France,Carrefour,Carrefour City,Rue de la Défense Passive,,14000,Caen,Rue de la Défense Passive 14000 Caen France,node,266647123,49.1990105,-0.3654443,OpenStreetMap via Overpass API
France,Carrefour,Carrefour Market,Boulevard Jacquard,8,62100,Calais,Boulevard Jacquard 8 62100 Calais France,node,11099084228,50.9484675,1.8569115,OpenStreetMap via Overpass API
France,Carrefour,Carrefour City,Boulevard Léon Gambetta,133,62100,Calais,Boulevard Léon Gambetta 133 62100 Calais France,way,104546457,50.9461925,1.844787,OpenStreetMap via Overpass API
France,Carrefour,Carrefour Market,Rue Neuve,3,62100,Calais,Rue Neuve 3 62100 Calais France,node,1964444744,50.9481722,1.8569348,OpenStreetMap via Overpass API
France,Carrefour,Carrefour Market,Route de Saint-Côme,,50500,Carentan,Route de Saint-Côme 50500 Carentan France,way,154020657,49.309421,-1.256345,OpenStreetMap via Overpass API
France,Carrefour,Carrefour Express,Rue du Docteur Caillard,6,50500,Carentan,Rue du Docteur Caillard 6 50500 Carentan France,node,2485725849,49.3039184,-1.2454254,OpenStreetMap via Overpass API
France,Carrefour,Carrefour Contact,Route de Carpentras,169,84330,Caromb,Route de Carpentras 169 84330 Caromb France,node,5661451681,44.1010281,5.1022655,OpenStreetMap via Overpass API
France,Carrefour,Carrefour Contact,Avenue Albert Mahieu,769,59670,Cassel,Avenue Albert Mahieu 769 59670 Cassel France,way,81360582,50.7978996,2.4937375,OpenStreetMap via Overpass API
France,Carrefour,Carrefour City,Avenue du Lauragais,3,31320,Castanet-Tolosan,Avenue du Lauragais 3 31320 Castanet-Tolosan France,node,2439030935,43.5151748,1.4991753,OpenStreetMap via Overpass API
France,Carrefour,Carrefour Market,Avenue de l'Europe,1326,34170,Castelnau-le-Lez,Avenue de l'Europe 1326 34170 Castelnau-le-Lez France,way,103667360,43.631536,3.91169,OpenStreetMap via Overpass API
France,Carrefour,Carrefour Express,Faubourg Saint-Sébastien,3,84510,Caumont-sur-Durance,Faubourg Saint-Sébastien 3 84510 Caumont-sur-Durance France,way,624088754,43.8926568,4.9446777,OpenStreetMap via Overpass API
France,Carrefour,Carrefour Contact,Rue du Maréchal Foch,184,80410,Cayeux-sur-Mer,Rue du Maréchal Foch 184 80410 Cayeux-sur-Mer France,way,294504246,50.181494,1.49408,OpenStreetMap via Overpass API
France,Carrefour,Carrefour City,Avenue Jean Jaurès,56B,33150,Cenon,Avenue Jean Jaurès 56B 33150 Cenon France,node,7339634577,44.8557589,-0.535061,OpenStreetMap via Overpass API
France,Carrefour,Carrefour,Rue Thomas Dumorey,,71100,Chalon-sur-Saône,Rue Thomas Dumorey 71100 Chalon-sur-Saône France,way,366005598,46.774418,4.8618812,OpenStreetMap via Overpass API
France,Carrefour,Carrefour,Route de Mantes,,78240,Chambourcy,Route de Mantes 78240 Chambourcy France,way,85963951,48.9087391,2.0342509,OpenStreetMap via Overpass API
France,Carrefour,Carrefour City,Avenue de Turin,,73000,Chambéry,Avenue de Turin 73000 Chambéry France,node,2997241892,45.5692897,5.9315888,OpenStreetMap via Overpass API
France,Carrefour,Carrefour City,Faubourg Montmélian,,73000,Chambéry,Faubourg Montmélian 73000 Chambéry France,node,1177006476,45.5661631,5.9321962,OpenStreetMap via Overpass API
France,Carrefour,Carrefour Market,Route Blanche,339,74400,Chamonix-Mont-Blanc,Route Blanche 339 74400 Chamonix-Mont-Blanc France,way,97318746,45.9185375,6.874733,OpenStreetMap via Overpass API
France,Carrefour,Carrefour Contact,Route de Langres,1,70600,Champlitte,Route de Langres 1 70600 Champlitte France,way,1317563235,47.6203215,5.5097728,OpenStreetMap via Overpass API
France,Carrefour,Carrefour,Avenue des Pyramides,,77420,Champs-sur-Marne,Avenue des Pyramides 77420 Champs-sur-Marne France,node,8812409093,48.8541829,2.58156,OpenStreetMap via Overpass API
France,Carrefour,Carrefour Contact,Rue Jules Chaussé,,69630,Chaponost,Rue Jules Chaussé 69630 Chaponost France,node,556953273,45.7092477,4.7439647,OpenStreetMap via Overpass API
France,Carrefour,Carrefour Market,LES PRES BOUVERIE,,27380,Charleval,LES PRES BOUVERIE 27380 Charleval France,node,1837666928,49.3712727,1.3867286,OpenStreetMap via Overpass API
France,Carrefour,Carrefour Express,Avenue Charles Boutet,35,08000,Charleville-Mézières,Avenue Charles Boutet 35 08000 Charleville-Mézières France,node,13404376235,49.7750973,4.7132635,OpenStreetMap via Overpass API
France,Carrefour,Carrefour Contact,Avenue de Saint-Julien,38,08000,Charleville-Mézières,Avenue de Saint-Julien 38 08000 Charleville-Mézières France,way,91138516,49.7618525,4.7082395,OpenStreetMap via Overpass API
France,Carrefour,Carrefour City,Place de la Mairie,138,69390,Charly,Place de la Mairie 138 69390 Charly France,node,5533318733,45.6491397,4.7952039,OpenStreetMap via Overpass API
France,Carrefour,Carrefour Contact,Rue Général Leclerc,25,71120,Charolles,Rue Général Leclerc 25 71120 Charolles France,way,144263020,46.4352925,4.2749115,OpenStreetMap via Overpass API
France,Carrefour,Carrefour Contact,Place De La Gare,,16120,Chateauneuf sur Charente,Place De La Gare 16120 Chateauneuf sur Charente France,way,122904944,45.5985551,-0.0497557,OpenStreetMap via Overpass API
France,Carrefour,Carrefour Contact,Boulevard des Tilleuls,245,79180,Chauray,Boulevard des Tilleuls 245 79180 Chauray France,way,673355276,46.3532277,-0.3859433,OpenStreetMap via Overpass API
France,Carrefour,Carrefour City,Rue Gambetta,,77500,Chelles,Rue Gambetta 77500 Chelles France,node,6927085103,48.8788735,2.5922781,OpenStreetMap via Overpass API
France,Carrefour,Carrefour Express,Rue du Val de Saire,55,50100,Cherbourg-en-Cotentin,Rue du Val de Saire 55 50100 Cherbourg-en-Cotentin France,node,5304684688,49.6388873,-1.6158302,OpenStreetMap via Overpass API
France,Carrefour,Carrefour City,Rue d'Ariane,12,77700,Chessy,Rue d'Ariane 12 77700 Chessy France,node,12137827567,48.8574372,2.7714795,OpenStreetMap via Overpass API
France,Carrefour,Carrefour City,Place du Général de Gaulle,20,37500,Chinon,Place du Général de Gaulle 20 37500 Chinon France,node,12612794894,47.1666037,0.239686,OpenStreetMap via Overpass API
France,Carrefour,Carrefour Contact,Rue de la Sommevue,37,08360,Château-Porcien,Rue de la Sommevue 37 08360 Château-Porcien France,way,154344551,49.530172,4.2486628,OpenStreetMap via Overpass API
France,Carrefour,Carrefour City,Place Jean de la Fontaine,4,02400,Château-Thierry,Place Jean de la Fontaine 4 02400 Château-Thierry France,node,9861885714,49.0447099,3.4033942,OpenStreetMap via Overpass API
France,Carrefour,Carrefour Market,Avenue de la Division Leclerc,,92290,Châtenay-Malabry,Avenue de la Division Leclerc 92290 Châtenay-Malabry France,node,5779375868,48.7616396,2.2869192,OpenStreetMap via Overpass API
France,Carrefour,Carrefour City,Cours du Commerce,42,92290,Châtenay-Malabry,Cours du Commerce 42 92290 Châtenay-Malabry France,node,12486108116,48.763683,2.2883754,OpenStreetMap via Overpass API
France,Carrefour,Carrefour Express,Rue du Maréchal Foch,42,67730,Châtenois,Rue du Maréchal Foch 42 67730 Châtenois France,node,1315543089,48.2726265,7.398906,OpenStreetMap via Overpass API
France,Carrefour,Carrefour City,Route Nationale,81,59152,Chéreng,Route Nationale 81 59152 Chéreng France,way,70255916,50.6109874,3.204586,OpenStreetMap via Overpass API
France,Carrefour,Carrefour City,Rue de Bièvres,6,92140,Clamart,Rue de Bièvres 6 92140 Clamart France,node,4467479488,48.7995735,2.264629,OpenStreetMap via Overpass API
France,Carrefour,Carrefour Contact,Avenue de la Piscine,,34800,Clermont l'Hérault,Avenue de la Piscine 34800 Clermont l'Hérault France,way,98014897,43.6317325,3.4317895,OpenStreetMap via Overpass API
France,Carrefour,Carrefour Market,Rue Barrière de Jaude,,63000,Clermont-Ferrand,Rue Barrière de Jaude 63000 Clermont-Ferrand France,node,470239682,45.7742726,3.0806607,OpenStreetMap via Overpass API
France,Carrefour,Carrefour Express,Rue Madame de Sanzillon,5Bis,92110,Clichy,Rue Madame de Sanzillon 5Bis 92110 Clichy France,node,8076124401,48.9033573,2.3138539,OpenStreetMap via Overpass API
France,Carrefour,Carrefour Express,Rue de Neuilly,57,92110,Clichy,Rue de Neuilly 57 92110 Clichy France,node,7989324586,48.9018356,2.3017799,OpenStreetMap via Overpass API
France,Carrefour,Carrefour,Avenue Georges Clemenceau,913,74300,Cluses,Avenue Georges Clemenceau 913 74300 Cluses France,node,1218102951,46.0682488,6.5680497,OpenStreetMap via Overpass API
France,Carrefour,Carrefour,Rue du Général de Gaulle,2,77090,Collégien,Rue du Général de Gaulle 2 77090 Collégien France,node,2022004233,48.8372484,2.6610341,OpenStreetMap via Overpass API
France,Carrefour,Carrefour Market,Avenue de l'Europe,25/27,92700,Colombes,Avenue de l'Europe 25/27 92700 Colombes France,node,3725505565,48.9257453,2.2433364,OpenStreetMap via Overpass API
France,Carrefour,Carrefour Contact,Avenue de Quincy,11,77380,Combs-la-Ville,Avenue de Quincy 11 77380 Combs-la-Ville France,node,13094010710,48.6659527,2.5464034,OpenStreetMap via Overpass API
France,Carrefour,Carrefour Express,Avenue de la Gare,,87140,Compreignac,Avenue de la Gare 87140 Compreignac France,way,790715881,45.9931925,1.2716234,OpenStreetMap via Overpass API
France,Carrefour,Carrefour,Boulevard du Kent,,62231,Coquelles,Boulevard du Kent 62231 Coquelles France,node,7325144419,50.9328362,1.8089244,OpenStreetMap via Overpass API
France,Carrefour,Carrefour City,Boulevard Georges Clemenceau,5,92400,Courbevoie,Boulevard Georges Clemenceau 5 92400 Courbevoie France,node,2193826831,48.902636,2.273989,OpenStreetMap via Overpass API
France,Carrefour,Carrefour Express,Rue de Colombes,,92400,Courbevoie,Rue de Colombes 92400 Courbevoie France,node,1211064567,48.8972317,2.2563086,OpenStreetMap via Overpass API
France,Carrefour,Carrefour,Rue Raoul Briquet,120,62710,Courrières,Rue Raoul Briquet 120 62710 Courrières France,way,240840434,50.4458279,2.9463599,OpenStreetMap via Overpass API
France,Carrefour,Carrefour Contact,Route de Touffreville,,76910,Crie-sur-Mer,Route de Touffreville 76910 Crie-sur-Mer France,way,177210111,50.0115747,1.3151327,OpenStreetMap via Overpass API
France,Carrefour,Carrefour City,Rue du Professeur Langevin,8-14,59170,Croix,Rue du Professeur Langevin 8-14 59170 Croix France,node,5888532711,50.6823278,3.1594478,OpenStreetMap via Overpass API
France,Carrefour,Carrefour Contact,Rue Alsace Lorraine,7,29160,Crozon,Rue Alsace Lorraine 7 29160 Crozon France,node,1912298246,48.2456039,-4.4894159,OpenStreetMap via Overpass API
France,Carrefour,Carrefour Market,Route d'Annecy,629,74350,Cruseilles,Route d'Annecy 629 74350 Cruseilles France,way,178624986,46.027904,6.1066822,OpenStreetMap via Overpass API
France,Carrefour,Carrefour City,Rue Nationale,65,60800,Crépy-en-Valois,Rue Nationale 65 60800 Crépy-en-Valois France,node,4679422409,49.2371649,2.8877031,OpenStreetMap via Overpass API
France,Carrefour,Carrefour City,Avenue du Maréchal de Lattre de Tassigny,33,94000,Créteil,Avenue du Maréchal de Lattre de Tassigny 33 94000 Créteil France,node,2408661361,48.7969802,2.4566735,OpenStreetMap via Overpass API
France,Carrefour,Carrefour Market,Boulevard Gambetta,,83390,Cuers,Boulevard Gambetta 83390 Cuers France,node,1770073300,43.2375511,6.079227,OpenStreetMap via Overpass API
France,Carrefour,Carrefour Contact,Chemin de la Curasse,27,13780,Cuges les Pins,Chemin de la Curasse 27 13780 Cuges les Pins France,way,156584372,43.275701,5.7165895,OpenStreetMap via Overpass API
France,Carrefour,Carrefour Market,Route de Charmeil,,03300,Cusset,Route de Charmeil 03300 Cusset France,way,133426053,46.1386875,3.4482975,OpenStreetMap via Overpass API
France,Carrefour,Carrefour Market,Rue Nationale,62,72330,Cérans-Foulletourte,Rue Nationale 62 72330 Cérans-Foulletourte France,way,161800994,47.83018,0.0771645,OpenStreetMap via Overpass API
France,Carrefour,Carrefour Market,Rue Georges Chaulet,28,40100,Dax,Rue Georges Chaulet 28 40100 Dax France,way,146758392,43.717361,-1.0507565,OpenStreetMap via Overpass API
France,Carrefour,Carrefour Market,Route de Boulogne,,62240,Desvres,Route de Boulogne 62240 Desvres France,way,244686418,50.669779,1.823812,OpenStreetMap via Overpass API
France,Carrefour,Carrefour City,Rue de la Barre,59,76200,Dieppe,Rue de la Barre 59 76200 Dieppe France,node,7844128319,49.924264,1.0740421,OpenStreetMap via Overpass API
France,Carrefour,Carrefour Contact,Route de Denneville,,50100,Digosville,Route de Denneville 50100 Digosville France,node,5304684780,49.6527544,-1.5477334,OpenStreetMap via Overpass API
France,Carrefour,Carrefour City,Avenue Victor Hugo,64,21000,Dijon,Avenue Victor Hugo 64 21000 Dijon France,node,12126169579,47.3292154,5.0254807,OpenStreetMap via Overpass API
France,Carrefour,Carrefour Market Divonne,Avenue du Crêt d'Eau,691,01220,Divonne-les-Bains,Avenue du Crêt d'Eau 691 01220 Divonne-les-Bains France,node,3550420386,46.3435704,6.1414423,OpenStreetMap via Overpass API
France,Carrefour,Carrefour Express,Allée Saint-Pierre,,35113,Domagné,Allée Saint-Pierre 35113 Domagné France,way,85443229,48.0710462,-1.3937442,OpenStreetMap via Overpass API
France,Carrefour,Carrefour,Rue du Mont Margantin,18,61700,Domfront-en-Poiraie,Rue du Mont Margantin 18 61700 Domfront-en-Poiraie France,way,126886358,48.589613,-0.6444525,OpenStreetMap via Overpass API
France,Carrefour,Carrefour Express,Place Suzanne Lanoy,1,59500,Douai,Place Suzanne Lanoy 1 59500 Douai France,node,5126158019,50.3683711,3.0786233,OpenStreetMap via Overpass API
France,Carrefour,Carrefour Contact,Rue des Fontaines,38,74210,Doussard,Rue des Fontaines 38 74210 Doussard France,node,1511267945,45.7744346,6.2200979,OpenStreetMap via Overpass API
France,Carrefour,Carrefour Market,Rue des Vignes de Bachelard,8,74140,Douvaine,Rue des Vignes de Bachelard 8 74140 Douvaine France,way,813396518,46.3107021,6.3129768,OpenStreetMap via Overpass API
France,Carrefour,Carrefour,Place Jacques Resplandin,,83300,Draguignan,Place Jacques Resplandin 83300 Draguignan France,way,888916486,43.5283224,6.45029,OpenStreetMap via Overpass API
France,Carrefour,Carrefour,Rue des Bas Buissons,,28100,Dreux,Rue des Bas Buissons 28100 Dreux France,way,933407905,48.7493794,1.3446496,OpenStreetMap via Overpass API
France,Carrefour,Carrefour Contact,Rue du Collège,1,67410,Drusenheim,Rue du Collège 1 67410 Drusenheim France,node,769072629,48.7605605,7.9538624,OpenStreetMap via Overpass API
France,Carrefour,Carrefour Market Ducey-Les Chéris,Rue Émile Dehousse,,50220,Ducey,Rue Émile Dehousse 50220 Ducey France,way,899415215,48.6177658,-1.2797839,OpenStreetMap via Overpass API
France,Carrefour,Carrefour Market,Rue de Ronnenberg,,76480,Duclair,Rue de Ronnenberg 76480 Duclair France,way,71192036,49.4809053,0.8720823,OpenStreetMap via Overpass API
France,Carrefour,Carrefour,pP Ernst,6,95600,Eaubonne,pP Ernst 6 95600 Eaubonne France,node,8957361669,48.9930122,2.2820561,OpenStreetMap via Overpass API
France,Carrefour,Carrefour City,Rue des Martyrs,11,76500,Elbeuf,Rue des Martyrs 11 76500 Elbeuf France,way,180023287,49.2876435,1.0075,OpenStreetMap via Overpass API
France,Carrefour,Carrefour Contact,Place Gambetta,20 bis,59124,Escaudain,Place Gambetta 20 bis 59124 Escaudain France,node,1719067384,50.3346729,3.3435995,OpenStreetMap via Overpass API
France,Carrefour,Carrefour Express,Avenue de Calmont,1,12500,Espalion,Avenue de Calmont 1 12500 Espalion France,way,152865482,44.520119,2.76269,OpenStreetMap via Overpass API
France,Carrefour,Carrefour Montagne,Place Montblanc,1,65120,Esquièze-Sère,Place Montblanc 1 65120 Esquièze-Sère France,node,2438089331,42.8752756,-0.0036159,OpenStreetMap via Overpass API
France,Carrefour,Carrefour City,Rue Ferrer,,59155,Faches-Thumesnil,Rue Ferrer 59155 Faches-Thumesnil France,node,3120319011,50.6089577,3.0653867,OpenStreetMap via Overpass API
France,Carrefour,Carrefour Contact,Rue Roger Salengro,37,59300,Famars,Rue Roger Salengro 37 59300 Famars France,node,639969107,50.320051,3.5187311,OpenStreetMap via Overpass API
France,Carrefour,Carrefour Express,Place Charles de Gaulle,,74210,Faverges-Seythenex,Place Charles de Gaulle 74210 Faverges-Seythenex France,node,4209371490,45.7459389,6.2945959,OpenStreetMap via Overpass API
France,Carrefour,Carrefour Market,Route d'Annecy,195,74210,Faverges-Seythenex,Route d'Annecy 195 74210 Faverges-Seythenex France,way,822454917,45.7484275,6.2879689,OpenStreetMap via Overpass API
France,Carrefour,Carrefour Contact,Rue de l'Enfer,,45450,Fay-aux-Loges,Rue de l'Enfer 45450 Fay-aux-Loges France,node,1711937878,47.9236759,2.135953,OpenStreetMap via Overpass API
France,Carrefour,Carrefour Market,Centre commercial d'Aunis,,17170,Ferrières d’Aunis,Centre commercial d'Aunis 17170 Ferrières d’Aunis France,way,161189091,46.2282613,-0.8730797,OpenStreetMap via Overpass API
France,Carrefour,Carrefour Contact,Route Nationale,,82700,Finhan,Route Nationale 82700 Finhan France,node,8259220042,43.9134403,1.2251052,OpenStreetMap via Overpass API
France,Carrefour,Carrefour Market,Centre Commercial Lamballe,,45400,Fleury-les-Aubrais,Centre Commercial Lamballe 45400 Fleury-les-Aubrais France,node,11519254870,47.9276142,1.9189938,OpenStreetMap via Overpass API
France,Carrefour,Carrefour Express,Rue Bayle,14,09000,Foix,Rue Bayle 14 09000 Foix France,node,4361332154,42.9647278,1.6071634,OpenStreetMap via Overpass API
France,Carrefour,Carrefour Contact,Rue Bruilhols,,09000,Foix,Rue Bruilhols 09000 Foix France,node,2347029365,42.9758472,1.6079177,OpenStreetMap via Overpass API
France,Carrefour,Carrefour Express,Carrefour de la Libération,,77300,Fontainebleau,Carrefour de la Libération 77300 Fontainebleau France,way,289356763,48.4078324,2.6879992,OpenStreetMap via Overpass API
France,Carrefour,Carrefour City,Place de la République,4,77300,Fontainebleau,Place de la République 4 77300 Fontainebleau France,node,566551856,48.4063343,2.7017442,OpenStreetMap via Overpass API
France,Carrefour,Carrefour Market,Rue Boucicaut,91,92260,Fontenay-aux-Roses,Rue Boucicaut 91 92260 Fontenay-aux-Roses France,node,553329948,48.7918512,2.2856377,OpenStreetMap via Overpass API
France,Carrefour,Carrefour Express,Rue Notre-Dame,7,94120,Fontenay-sous-Bois,Rue Notre-Dame 7 94120 Fontenay-sous-Bois France,node,1461869895,48.846061,2.4705116,OpenStreetMap via Overpass API
France,Carrefour,Carrefour,Avenue de l'Europe,,57602,Forbach,Avenue de l'Europe 57602 Forbach France,way,85185432,49.1737212,6.8824743,OpenStreetMap via Overpass API
France,Carrefour,Carrefour Market,Place de l'Europe,20,35300,Fougères,Place de l'Europe 20 35300 Fougères France,way,1127484040,48.3466076,-1.1942093,OpenStreetMap via Overpass API
France,Carrefour,Carrefour City,Rue Porte Roger,9,35300,Fougères,Rue Porte Roger 9 35300 Fougères France,node,4303007703,48.3547146,-1.2023169,OpenStreetMap via Overpass API
France,Carrefour,Carrefour Contact,Rue Gambetta,12,58600,Fourchambault,Rue Gambetta 12 58600 Fourchambault France,node,8438967511,47.0139878,3.082922,OpenStreetMap via Overpass API
France,Carrefour,Carrefour City,Place de la Grille,2,78112,Fourqueux,Place de la Grille 2 78112 Fourqueux France,way,234870944,48.8899212,2.0629619,OpenStreetMap via Overpass API
France,Carrefour,Carrefour Contact,Route du Tram,178,74270,Frangy,Route du Tram 178 74270 Frangy France,way,176393057,46.0176524,5.925515,OpenStreetMap via Overpass API
France,Carrefour,Carrefour Contact,Place du Marché,,57800,Freyming-Merlebach,Place du Marché 57800 Freyming-Merlebach France,way,90361303,49.1436059,6.802918,OpenStreetMap via Overpass API
France,Carrefour,Carrefour Express,Rue des Écoles,1,52320,Froncles,Rue des Écoles 1 52320 Froncles France,node,2544808768,48.2969153,5.1465262,OpenStreetMap via Overpass API
France,Carrefour,Carrefour Contact,Allée des Petits Châteaux de Villepey,,83600;83370,Fréjus,Allée des Petits Châteaux de Villepey 83600;83370 Fréjus France,node,4907783123,43.4072585,6.7089098,OpenStreetMap via Overpass API
France,Carrefour,Carrefour Express,Avenue de Provence,632,83600,Fréjus,Avenue de Provence 632 83600 Fréjus France,way,69808027,43.427371,6.7442843,OpenStreetMap via Overpass API
France,Carrefour,Carrefour Market,Rue des EVIGNES,,08170,Fumay,Rue des EVIGNES 08170 Fumay France,node,1297326362,49.9902745,4.6958472,OpenStreetMap via Overpass API
France,Carrefour,Carrefour City,Quai Berigny,83,76400,Fécamp,Quai Berigny 83 76400 Fécamp France,node,2830431001,49.760318,0.368151,OpenStreetMap via Overpass API
France,Carrefour,Carrefour,Rue Charles Le Borgne,,76400,Fécamp,Rue Charles Le Borgne 76400 Fécamp France,way,135944281,49.7532461,0.3711698,OpenStreetMap via Overpass API
France,Carrefour,Carrefour Market,Avenue des Portes Occitanes,1,03800,Gannat,Avenue des Portes Occitanes 1 03800 Gannat France,node,13766976640,46.0837303,3.201924,OpenStreetMap via Overpass API
France,Carrefour,Carrefour,Rue Louis Calmel,21-23,92230,Gennevilliers,Rue Louis Calmel 21-23 92230 Gennevilliers France,way,1016211341,48.9255702,2.2925302,OpenStreetMap via Overpass API
France,Carrefour,Carrefour City,Place de la République,7,08600,Givet,Place de la République 7 08600 Givet France,node,5434658290,50.134746,4.8287838,OpenStreetMap via Overpass API
France,Carrefour,Carrefour City,Avenue du Maréchal Joffre,8,93460,Gournay-sur-Marne,Avenue du Maréchal Joffre 8 93460 Gournay-sur-Marne France,way,1174527367,48.8639617,2.5752206,OpenStreetMap via Overpass API
France,Carrefour,Carrefour Contact,Rue Louis Fajolles,1,46500,Gramat,Rue Louis Fajolles 1 46500 Gramat France,way,113611310,44.781744,1.7271978,OpenStreetMap via Overpass API
France,Carrefour,Carrefour Contact,Rue Jean Jaurès,238,18310,Graçay,Rue Jean Jaurès 238 18310 Graçay France,way,617972568,47.143709,1.8481515,OpenStreetMap via Overpass API
France,Carrefour,Carrefour City Grenoble Viallet,Avenue Félix Viallet,2,38000,Grenoble,Avenue Félix Viallet 2 38000 Grenoble France,node,6887350793,45.1918461,5.724871,OpenStreetMap via Overpass API
France,Carrefour,Carrefour City,Avenue Rhin et Danube,2,38100,Grenoble,Avenue Rhin et Danube 2 38100 Grenoble France,node,8675745821,45.1794286,5.7048809,OpenStreetMap via Overpass API
France,Carrefour,Carrefour Express,Avenue des Martyrs,66,38000,Grenoble,Avenue des Martyrs 66 38000 Grenoble France,node,5902156100,45.201031,5.7064166,OpenStreetMap via Overpass API
France,Carrefour,Carrefour City,Cours Jean Jaurès,22,38000,Grenoble,Cours Jean Jaurès 22 38000 Grenoble France,node,1697821864,45.190522,5.7195894,OpenStreetMap via Overpass API
France,Carrefour,Carrefour City,Cours Jean Jaurès,31,38000,Grenoble,Cours Jean Jaurès 31 38000 Grenoble France,node,1627099856,45.1875603,5.7192223,OpenStreetMap via Overpass API
France,Carrefour,Carrefour City,Grande Rue,17-19,38000,Grenoble,Grande Rue 17-19 38000 Grenoble France,node,2388638747,45.1918388,5.7285818,OpenStreetMap via Overpass API
France,Carrefour,Carrefour Contact,Rue André Argouges,14,38100,Grenoble,Rue André Argouges 14 38100 Grenoble France,way,77670288,45.1782017,5.7439456,OpenStreetMap via Overpass API
France,Carrefour,Carrefour City,Rue Guétal,9,38000,Grenoble,Rue Guétal 9 38000 Grenoble France,node,12180235707,45.1890073,5.7265317,OpenStreetMap via Overpass API
France,Carrefour,Carrefour City,Rue de Strasbourg,18,38000,Grenoble,Rue de Strasbourg 18 38000 Grenoble France,node,2616081113,45.1867404,5.7312049,OpenStreetMap via Overpass API
France,Carrefour,Carrefour Contact,Rue de Paris,54,77220,Gretz-Armainvilliers,Rue de Paris 54 77220 Gretz-Armainvilliers France,way,113412049,48.741477,2.7368655,OpenStreetMap via Overpass API
France,Carrefour,Carrefour Market,Rue du Plot,81,74570,Groisy,Rue du Plot 81 74570 Groisy France,way,113059662,46.0024765,6.182506,OpenStreetMap via Overpass API
France,Carrefour,Carrefour,Avenue Marchande,15,57520,Grosbliederstroff,Avenue Marchande 15 57520 Grosbliederstroff France,way,90428070,49.1352189,7.045415,OpenStreetMap via Overpass API
France,Carrefour,Carrefour Express,Rue de la République,2,57520,Grosbliederstroff,Rue de la République 2 57520 Grosbliederstroff France,node,12495732334,49.1541666,7.0272228,OpenStreetMap via Overpass API
France,Carrefour,Carrefour,Rue de l'Abbaye,,76210,Gruchet-le-Valasse,Rue de l'Abbaye 76210 Gruchet-le-Valasse France,way,64205952,49.5500483,0.4933165,OpenStreetMap via Overpass API
France,Carrefour,Carrefour Market,Rue des Châtaigniers,,56380,Guer,Rue des Châtaigniers 56380 Guer France,way,252064177,47.9109925,-2.1220325,OpenStreetMap via Overpass API
France,Carrefour,Carrefour Express,Rue Luc Urbain,1,35580,Guichen,Rue Luc Urbain 1 35580 Guichen France,way,66857122,47.9662917,-1.7962267,OpenStreetMap via Overpass API
France,Carrefour,Carrefour City,Rue Édouard Ollivro,25,22200,Guingamp,Rue Édouard Ollivro 25 22200 Guingamp France,node,1823149168,48.5619326,-3.1521873,OpenStreetMap via Overpass API
France,Carrefour,Carrefour Express,Rue de l'Église,11,29880,Guissény,Rue de l'Église 11 29880 Guissény France,node,2296101752,48.63411,-4.4096826,OpenStreetMap via Overpass API
France,Carrefour,Carrefour Market,Rue Catherine d'Aragon,165,62340,Guînes,Rue Catherine d'Aragon 165 62340 Guînes France,way,203848524,50.8619958,1.8851754,OpenStreetMap via Overpass API
France,Carrefour,Carrefour Market,Avenue Lubet Barbon,,40700,Hagetmau,Avenue Lubet Barbon 40700 Hagetmau France,node,6463658229,43.6577884,-0.587365,OpenStreetMap via Overpass API
France,Carrefour,Carrefour City,Rue Jehan de Grouchy,6,76700,Harfleur,Rue Jehan de Grouchy 6 76700 Harfleur France,node,4475340404,49.5059404,0.1990315,OpenStreetMap via Overpass API
France,Carrefour,Carrefour Express,Rue Argi,,64240,Hasparren,Rue Argi 64240 Hasparren France,node,10921996754,43.3859873,-1.305392,OpenStreetMap via Overpass API
France,Carrefour,Carrefour Contact,Rue Principale,17,67690,Hatten,Rue Principale 17 67690 Hatten France,way,132128617,48.9030204,7.9686172,OpenStreetMap via Overpass API
France,Carrefour,Carrefour City,Rue Sadi Carnot,35-19,59320,Haubourdin,Rue Sadi Carnot 35-19 59320 Haubourdin France,node,710910024,50.6114823,2.9846496,OpenStreetMap via Overpass API
France,Carrefour,Carrefour City,Place du Général de Gaulle,,59330,Hautmont,Place du Général de Gaulle 59330 Hautmont France,node,1663407629,50.250476,3.9200449,OpenStreetMap via Overpass API
France,Carrefour,Carrefour Express,Rue Trottier,21,56700,Hennebont,Rue Trottier 21 56700 Hennebont France,node,6504840926,47.8049113,-3.278608,OpenStreetMap via Overpass API
France,Carrefour,Carrefour Contact,Rue du Collège,2 a,67850,Herrlisheim,Rue du Collège 2 a 67850 Herrlisheim France,way,38535324,48.7312287,7.9023402,OpenStreetMap via Overpass API
France,Carrefour,Carrefour Market,Rue de Cantelaude,1b,33990,Hourtin,Rue de Cantelaude 1b 33990 Hourtin France,way,842489999,45.1866821,-1.0537408,OpenStreetMap via Overpass API
France,Carrefour,Carrefour Contact,Rue de la Longeville,18,62650,Hucqueliers,Rue de la Longeville 18 62650 Hucqueliers France,way,245799300,50.5676625,1.9106951,OpenStreetMap via Overpass API
France,Carrefour,Carrefour Contact,Rue du Général Leclerc,45,62410,Hulluch,Rue du Général Leclerc 45 62410 Hulluch France,way,241528441,50.4862165,2.8118925,OpenStreetMap via Overpass API
France,Carrefour,Carrefour City,Promenade des Squares,14,14200,Hérouville-Saint-Clair,Promenade des Squares 14 14200 Hérouville-Saint-Clair France,node,3710578509,49.2022995,-0.3357478,OpenStreetMap via Overpass API
France,Carrefour,Carrefour Express,Rue Pierre Lescot,20,91430,Igny,Rue Pierre Lescot 20 91430 Igny France,node,2311546301,48.7332216,2.2220885,OpenStreetMap via Overpass API
France,Carrefour,Carrefour City,Route de Neufchâtel,1170,76230,Isneauville,Route de Neufchâtel 1170 76230 Isneauville France,node,13234074544,49.4947312,1.1488921,OpenStreetMap via Overpass API
France,Carrefour,Carrefour Market,Promenée Marat,22,94200,Ivry-sur-Seine,Promenée Marat 22 94200 Ivry-sur-Seine France,node,442110686,48.810919,2.3847431,OpenStreetMap via Overpass API
France,Carrefour,Carrefour Express,Place de la Grange,7,37300,Joué-lès-Tours,Place de la Grange 7 37300 Joué-lès-Tours France,node,2199344164,47.3566,0.6638655,OpenStreetMap via Overpass API
France,Carrefour,Carrefour Express,Faubourg de Mulhouse,72,68260,Kingersheim,Faubourg de Mulhouse 72 68260 Kingersheim France,way,148569626,47.7897174,7.3361515,OpenStreetMap via Overpass API
France,Carrefour,Carrefour Contact,Place du Marché,14,85260,L'Herbergement,Place du Marché 14 85260 L'Herbergement France,node,1896000281,46.9080099,-1.37781,OpenStreetMap via Overpass API
France,Carrefour,Carrefour City,Route de Saint-Germain,2,78620,L'Étang-la-Ville,Route de Saint-Germain 2 78620 L'Étang-la-Ville France,node,2293676845,48.8707212,2.0741282,OpenStreetMap via Overpass API
France,Carrefour,Carrefour City,Avenue du Maréchal Gallieni,10,13600,La Ciotat,Avenue du Maréchal Gallieni 10 13600 La Ciotat France,node,3635506453,43.1759003,5.6051894,OpenStreetMap via Overpass API
France,Carrefour,Carrefour Montagne,Place de l'Église,45,74220,La Clusaz,Place de l'Église 45 74220 La Clusaz France,node,7679873589,45.9050731,6.4233682,OpenStreetMap via Overpass API
France,Carrefour,Casino,Rue Salpétrière,,38260,La Côte-Saint-André,Rue Salpétrière 38260 La Côte-Saint-André France,way,73345939,45.3918647,5.2591174,OpenStreetMap via Overpass API
France,Carrefour,Carrefour Contact,Avenue Thiers,9,61600,La Ferté-Macé,Avenue Thiers 9 61600 La Ferté-Macé France,way,172154413,48.5931645,-0.3573565,OpenStreetMap via Overpass API
France,Carrefour,Carrefour Contact,Avenue Maréchal de Lattre de Tassigny,683,83130,La Garde,Avenue Maréchal de Lattre de Tassigny 683 83130 La Garde France,way,197096212,43.1135835,5.9911385,OpenStreetMap via Overpass API
France,Carrefour,Carrefour Express,Place du Général Leclerc,4,92250,La Garenne-Colombes,Place du Général Leclerc 4 92250 La Garenne-Colombes France,node,8393561917,48.9096296,2.2414151,OpenStreetMap via Overpass API
France,Carrefour,Carrefour Express,Allée des Goélands,2,34280,La Grande-Motte,Allée des Goélands 2 34280 La Grande-Motte France,node,3639160497,43.5637749,4.0934977,OpenStreetMap via Overpass API
France,Carrefour,Carrefour Express,Avenue de l'Europe,115,34280,La Grande-Motte,Avenue de l'Europe 115 34280 La Grande-Motte France,node,3076630554,43.5591927,4.089973,OpenStreetMap via Overpass API
France,Carrefour,Carrefour Market,Place du Général de Gaulle,19,50250,La Haye-du-Puits,Place du Général de Gaulle 19 50250 La Haye-du-Puits France,way,198498342,49.2897115,-1.544381,OpenStreetMap via Overpass API
France,Carrefour,Carrefour Express,Rue Bayard,4,38350,La Mure,Rue Bayard 4 38350 La Mure France,node,5896687886,44.9062967,5.7864952,OpenStreetMap via Overpass API
France,Carrefour,Carrefour Contact,Avenue de l'Océan,3,17570,La Palmyre,Avenue de l'Océan 3 17570 La Palmyre France,node,919574225,45.6895856,-1.1783694,OpenStreetMap via Overpass API
France,Carrefour,Carrefour Express,Place du Martray,24,22450,La Roche-Jaudy,Place du Martray 24 22450 La Roche-Jaudy France,node,3987762557,48.7461275,-3.2608371,OpenStreetMap via Overpass API
France,Carrefour,Carrefour City,Avenue des Corsaires,,17000,La Rochelle,Avenue des Corsaires 17000 La Rochelle France,way,525466085,46.1688944,-1.1714526,OpenStreetMap via Overpass API
France,Carrefour,Carrefour City,Place de la Poste,,44420,La Turballe,Place de la Poste 44420 La Turballe France,node,2891170674,47.3475925,-2.5071009,OpenStreetMap via Overpass API
France,Carrefour,Carrefour Contact,Rue du Rival Bas,383,82130,Lafrançaise,Rue du Rival Bas 383 82130 Lafrançaise France,way,605385376,44.1274133,1.2261153,OpenStreetMap via Overpass API
France,Carrefour,Carrefour Express,Z.A du Chéri Buisson,,88320,Lamarche,Z.A du Chéri Buisson 88320 Lamarche France,way,1312673307,48.0754545,5.7893364,OpenStreetMap via Overpass API
France,Carrefour,Carrefour Express,Route de la Lézarde,,97129,Lamentin,Route de la Lézarde 97129 Lamentin France,node,12337675977,16.242224,-61.6546388,OpenStreetMap via Overpass API
France,Carrefour,Carrefour Contact,Rue Jean Monnet,,62250,Landrethun-le-Nord,Rue Jean Monnet 62250 Landrethun-le-Nord France,way,245032199,50.839829,1.77464,OpenStreetMap via Overpass API
France,Carrefour,Carrefour Market,Rue Carnot,,37130,Langeais,Rue Carnot 37130 Langeais France,way,68957584,47.3320778,0.4252459,OpenStreetMap via Overpass API
France,Carrefour,Carrefour Market,Route de La Barthe,,65300,Lannemezan,Route de La Barthe 65300 Lannemezan France,node,9010718346,43.1024651,0.3848971,OpenStreetMap via Overpass API
France,Carrefour,Carrefour Express,Rue des Vigeres,,43560,Lantriac,Rue des Vigeres 43560 Lantriac France,node,4670705256,44.999954,4.0085178,OpenStreetMap via Overpass API
France,Carrefour,Carrefour Market,Rue Fernand Christ,16,02000,Laon,Rue Fernand Christ 16 02000 Laon France,way,146671258,49.5703376,3.6085907,OpenStreetMap via Overpass API
France,Carrefour,Carrefour City,Chemin du Port de l'Homme,,33360,Latresne,Chemin du Port de l'Homme 33360 Latresne France,way,78334552,44.7849485,-0.5071375,OpenStreetMap via Overpass API
France,Carrefour,Carrefour Drive,Avenue Georges Frêche,,34970,Lattes,Avenue Georges Frêche 34970 Lattes France,node,12531825278,43.5834591,3.9298863,OpenStreetMap via Overpass API
France,Carrefour,Carrefour,Avenue Georges Frêche,,34970,Lattes,Avenue Georges Frêche 34970 Lattes France,way,413309474,43.5828733,3.9289232,OpenStreetMap via Overpass API
France,Carrefour,Carrefour Express,Allée du Vieux Saint-Louis,23,53000,Laval,Allée du Vieux Saint-Louis 23 53000 Laval France,node,6753575105,48.072371,-0.77358,OpenStreetMap via Overpass API
France,Carrefour,Carrefour City,Avenue Robert Buron,65,53000,Laval,Avenue Robert Buron 65 53000 Laval France,node,3876574820,48.0738071,-0.7629691,OpenStreetMap via Overpass API
France,Carrefour,Carrefour Market,Boulevard Félix Grat,61,53000,Laval,Boulevard Félix Grat 61 53000 Laval France,way,67775845,48.0680809,-0.7606793,OpenStreetMap via Overpass API
France,Carrefour,Carrefour City,Place Jean Moulin,37,53000,Laval,Place Jean Moulin 37 53000 Laval France,node,11197924282,48.0701063,-0.7656742,OpenStreetMap via Overpass API
France,Carrefour,Carrefour Contact,Route d'Alairac,,11290,Lavalette,Route d'Alairac 11290 Lavalette France,node,8091534169,43.1854948,2.2601446,OpenStreetMap via Overpass API
France,Carrefour,Carrefour Market,Rue du 8 Mai 1945,,09300,Lavelanet,Rue du 8 Mai 1945 09300 Lavelanet France,node,3693290244,42.9278133,1.8573971,OpenStreetMap via Overpass API
France,Carrefour,Carrefour Contact,Place Raymond Dupeux,,17580,Le Bois-Plage-en-Ré,Place Raymond Dupeux 17580 Le Bois-Plage-en-Ré France,way,110595101,46.1852589,-1.3931981,OpenStreetMap via Overpass API
France,Carrefour,Carrefour Express,Avenue Jean Jaurès,63,34260,Le Bousquet-d'Orb,Avenue Jean Jaurès 63 34260 Le Bousquet-d'Orb France,node,12168188854,43.6894728,3.1701528,OpenStreetMap via Overpass API
France,Carrefour,Carrefour Express,Route du Cap Ferret,141,33950,Le Canon,Route du Cap Ferret 141 33950 Le Canon France,node,1144559175,44.7031414,-1.2278304,OpenStreetMap via Overpass API
France,Carrefour,Carrefour Market,Rue Émile Zola,5,42500,Le Chambon-Feugerolles,Rue Émile Zola 5 42500 Le Chambon-Feugerolles France,node,1777859340,45.3967002,4.322771,OpenStreetMap via Overpass API
France,Carrefour,Carrefour Express,Rue du Lac de Bairon,10,08390,Le Chesne,Rue du Lac de Bairon 10 08390 Le Chesne France,node,12093115733,49.5146672,4.7653,OpenStreetMap via Overpass API
France,Carrefour,Carrefour Contact,Avenue Denis Thermes,,73630,Le Châtelard,Avenue Denis Thermes 73630 Le Châtelard France,way,180895309,45.6886445,6.135076,OpenStreetMap via Overpass API
France,Carrefour,Carrefour Contact,Rue du 8 Mai,,80550,Le Crotoy,Rue du 8 Mai 80550 Le Crotoy France,way,240643802,50.218161,1.6249943,OpenStreetMap via Overpass API
France,Carrefour,Carrefour,Route de Nîmes,,34920,Le Crès,Route de Nîmes 34920 Le Crès France,way,533608840,43.6429866,3.941349,OpenStreetMap via Overpass API
France,Carrefour,Carrefour Market,rue de Quimper,,56320,Le Faouët,rue de Quimper 56320 Le Faouët France,way,70308127,48.0309457,-3.4946815,OpenStreetMap via Overpass API
France,Carrefour,Carrefour Express,Avenue du Palais de la Mer,299,30240,Le Grau-du-Roi,Avenue du Palais de la Mer 299 30240 Le Grau-du-Roi France,node,8736098798,43.5274093,4.1459939,OpenStreetMap via Overpass API
France,Carrefour,Carrefour City,Avenue Général Archinard,25,76600,Le Havre,Avenue Général Archinard 25 76600 Le Havre France,node,2325884870,49.4917254,0.1164447,OpenStreetMap via Overpass API
France,Carrefour,Carrefour Contact,Avenue du 8 Mai 1945,267,76610,Le Havre,Avenue du 8 Mai 1945 267 76610 Le Havre France,way,71131322,49.5105302,0.1760128,OpenStreetMap via Overpass API
France,Carrefour,Carrefour City,Rue Anatole France,102,76600,Le Havre,Rue Anatole France 102 76600 Le Havre France,node,2720708428,49.4957128,0.1181876,OpenStreetMap via Overpass API
France,Carrefour,Carrefour Market,Rue Aristide Briand,260,76600,Le Havre,Rue Aristide Briand 260 76600 Le Havre France,node,2017662195,49.5001493,0.1354237,OpenStreetMap via Overpass API
France,Carrefour,Carrefour City,Rue Aristide Briand,370,76600,Le Havre,Rue Aristide Briand 370 76600 Le Havre France,node,2703033352,49.5006993,0.1428171,OpenStreetMap via Overpass API
France,Carrefour,Carrefour Market,Rue Frédéric Bellanger,77,76600,Le Havre,Rue Frédéric Bellanger 77 76600 Le Havre France,node,2014623677,49.4955506,0.0989643,OpenStreetMap via Overpass API
France,Carrefour,Carrefour City,Rue Henry Génestal,7,76600,Le Havre,Rue Henry Génestal 7 76600 Le Havre France,node,9039429832,49.4953242,0.1053048,OpenStreetMap via Overpass API
France,Carrefour,Carrefour City,Rue Irène Joliot-Curie,150,76620,Le Havre,Rue Irène Joliot-Curie 150 76620 Le Havre France,node,12848715541,49.5123509,0.1041555,OpenStreetMap via Overpass API
France,Carrefour,Carrefour Express,Rue Louis Blanc,31,76600,Le Havre,Rue Louis Blanc 31 76600 Le Havre France,node,11414421615,49.5074582,0.1255247,OpenStreetMap via Overpass API
France,Carrefour,Carrefour City,Rue Maréchal Joffre,18,76600,Le Havre,Rue Maréchal Joffre 18 76600 Le Havre France,node,2013881007,49.4986504,0.1190907,OpenStreetMap via Overpass API
France,Carrefour,Carrefour Market,Rue Romain Rolland,2,76620,Le Havre,Rue Romain Rolland 2 76620 Le Havre France,node,1014785270,49.5050352,0.1014564,OpenStreetMap via Overpass API
France,Carrefour,Carrefour Market,Rue Turenne,30,76600,Le Havre,Rue Turenne 30 76600 Le Havre France,node,1867198104,49.4949552,0.1253365,OpenStreetMap via Overpass API
France,Carrefour,Carrefour City,Rue de Paris,156-158,76600,Le Havre,Rue de Paris 156-158 76600 Le Havre France,node,1867436425,49.4895423,0.1077106,OpenStreetMap via Overpass API
France,Carrefour,Carrefour Contact,Rue de Verdun,152,76600,Le Havre,Rue de Verdun 152 76600 Le Havre France,node,12844692029,49.5019875,0.1580929,OpenStreetMap via Overpass API
France,Carrefour,Carrefour City,Rue de l'Artois,1,76620,Le Havre,Rue de l'Artois 1 76620 Le Havre France,node,6769578029,49.5111377,0.1202481,OpenStreetMap via Overpass API
France,Carrefour,Carrefour Market,Rue de la Vallée,35,76600,Le Havre,Rue de la Vallée 35 76600 Le Havre France,way,75391194,49.4937774,0.1505296,OpenStreetMap via Overpass API
France,Carrefour,Carrefour Express,Place du Champ de Foire,3,72800,Le Lude,Place du Champ de Foire 3 72800 Le Lude France,way,271208366,47.6434425,0.1571485,OpenStreetMap via Overpass API
France,Carrefour,Carrefour Contact,Rue du Haut Quesnoy,20,59134,Le Maisnil,Rue du Haut Quesnoy 20 59134 Le Maisnil France,way,69812648,50.6131725,2.8820713,OpenStreetMap via Overpass API
France,Carrefour,Carrefour Market,Avenue Louis Cordelet,,72000,Le Mans,Avenue Louis Cordelet 72000 Le Mans France,node,414655735,48.0141245,0.1866279,OpenStreetMap via Overpass API
France,Carrefour,Carrefour City - Le Mans Bollée,Avenue Léon Bollée,101,72000,Le Mans,Avenue Léon Bollée 101 72000 Le Mans France,way,66200850,48.0013606,0.2108369,OpenStreetMap via Overpass API
France,Carrefour,Carrefour City,Avenue du Général Leclerc,68,72000,Le Mans,Avenue du Général Leclerc 68 72000 Le Mans France,node,835321630,47.9979101,0.1943211,OpenStreetMap via Overpass API
France,Carrefour,Carrefour City,Place George Washington,1,72000,Le Mans,Place George Washington 1 72000 Le Mans France,way,65552228,47.9961084,0.2022919,OpenStreetMap via Overpass API
France,Carrefour,Carrefour Express,Rue Chanzy,72,72000,Le Mans,Rue Chanzy 72 72000 Le Mans France,node,11756669289,47.9988013,0.2028689,OpenStreetMap via Overpass API
France,Carrefour,Carrefour City,Rue Maurice Loutreuil,4 et 12,72000,Le Mans,Rue Maurice Loutreuil 4 et 12 72000 Le Mans France,node,6400533187,48.012546,0.2058568,OpenStreetMap via Overpass API
France,Carrefour,Carrefour Market,Rue d'Arnage,168,72100,Le Mans,Rue d'Arnage 168 72100 Le Mans France,way,65552907,47.9855009,0.1844484,OpenStreetMap via Overpass API
France,Carrefour,Carrefour Market,Rue d'Arnage,168,72100,Le Mans,Rue d'Arnage 168 72100 Le Mans France,way,669211796,47.9854637,0.1839894,OpenStreetMap via Overpass API
France,Carrefour,Carrefour City,Rue des Maraîchers,15,72100,Le Mans,Rue des Maraîchers 15 72100 Le Mans France,way,65567663,47.9919349,0.194671,OpenStreetMap via Overpass API
France,Carrefour,Carrefour City,Rue du Port,,72000,Le Mans,Rue du Port 72000 Le Mans France,node,11087431172,48.0028464,0.1935629,OpenStreetMap via Overpass API
France,Carrefour,Carrefour Market,Route de Paris,2,76240,Le Mesnil-Esnard,Route de Paris 2 76240 Le Mesnil-Esnard France,node,8131641961,49.4069838,1.1515621,OpenStreetMap via Overpass API
France,Carrefour,Carrefour City,Avenue Ledru-Rollin,10,94170,Le Perreux-sur-Marne,Avenue Ledru-Rollin 10 94170 Le Perreux-sur-Marne France,node,1459465786,48.8385759,2.4953801,OpenStreetMap via Overpass API
France,Carrefour,Carrefour Market,Avenue Jean Jaurès,,76140,Le Petit-Quevilly,Avenue Jean Jaurès 76140 Le Petit-Quevilly France,node,4731354655,49.4271965,1.061959,OpenStreetMap via Overpass API
France,Carrefour,Carrefour Express,Rue Simone Veil,,76140,Le Petit-Quevilly,Rue Simone Veil 76140 Le Petit-Quevilly France,node,12708161628,49.4300773,1.0537011,OpenStreetMap via Overpass API
France,Carrefour,Carrefour Market,Grand'Place,3,92350,Le Plessis-Robinson,Grand'Place 3 92350 Le Plessis-Robinson France,node,288033070,48.7810787,2.2629767,OpenStreetMap via Overpass API
France,Carrefour,Carrefour Express,Rue Carnot,12,62480,Le Portel,Rue Carnot 12 62480 Le Portel France,node,11793054959,50.7071385,1.5752064,OpenStreetMap via Overpass API
France,Carrefour,Carrefour City,Rue Gabriel Péri,4,93310,Le Pré-Saint-Gervais,Rue Gabriel Péri 4 93310 Le Pré-Saint-Gervais France,node,8101192514,48.8853802,2.4042064,OpenStreetMap via Overpass API
France,Carrefour,Carrefour City,Boulevard du Maréchal Fayolle,11,43000,Le Puy-en-Velay,Boulevard du Maréchal Fayolle 11 43000 Le Puy-en-Velay France,node,12337104442,45.042216,3.886048,OpenStreetMap via Overpass API
France,Carrefour,Carrefour City,Rond-Point de Montfermeil,,93340,Le Raincy,Rond-Point de Montfermeil 93340 Le Raincy France,node,5639329106,48.8957961,2.5261174,OpenStreetMap via Overpass API
France,Carrefour,Carrefour City,Rue Charles Baudelaire,5,97430,Le Tampon,Rue Charles Baudelaire 5 97430 Le Tampon France,node,2001641155,-21.261455,55.5042886,OpenStreetMap via Overpass API
France,Carrefour,Carrefour,Rue Denis Papin,35,76580,Le Trait,Rue Denis Papin 35 76580 Le Trait France,way,63619948,49.4825336,0.8067931,OpenStreetMap via Overpass API
France,Carrefour,Carrefour Express,Place de la Briance,6,87110,Le Vigen,Place de la Briance 6 87110 Le Vigen France,node,12839689237,45.7499632,1.2882078,OpenStreetMap via Overpass API
France,Carrefour,Carrefour City,Rue de Sully,2,78110,Le Vésinet,Rue de Sully 2 78110 Le Vésinet France,node,9863548463,48.8975567,2.1135666,OpenStreetMap via Overpass API
France,Carrefour,Carrefour Contact,Rue du Centre Commercial,28,09350,Les Bordes-sur-Arize,Rue du Centre Commercial 28 09350 Les Bordes-sur-Arize France,way,389558873,43.1078676,1.3746183,OpenStreetMap via Overpass API
France,Carrefour,Carrefour Montagne Les Gets,Rue du Centre,548,74260,Les Gets,Rue du Centre 548 74260 Les Gets France,node,1217789006,46.1574244,6.6670758,OpenStreetMap via Overpass API
France,Carrefour,Carrefour Contact,Place de la Mairie,32,74310,Les Houches,Place de la Mairie 32 74310 Les Houches France,node,7660688212,45.8894341,6.7980899,OpenStreetMap via Overpass API
France,Carrefour,Carrefour City,Avenue Aristide Briand,87,85100,Les Sables-d'Olonne,Avenue Aristide Briand 87 85100 Les Sables-d'Olonne France,node,2990910833,46.4890042,-1.7685703,OpenStreetMap via Overpass API
France,Carrefour,Carrefour City,Quai Ernest de Franqueville,7,85100,Les Sables-d'Olonne,Quai Ernest de Franqueville 7 85100 Les Sables-d'Olonne France,node,3841755190,46.4973366,-1.7865415,OpenStreetMap via Overpass API
France,Carrefour,Carrefour Market,Rue de la Petite Garlière,,85100,Les Sables-d'Olonne,Rue de la Petite Garlière 85100 Les Sables-d'Olonne France,way,179503566,46.502966,-1.7856535,OpenStreetMap via Overpass API
France,Carrefour,Carrefour,Rue Jean Jaurès,8,64230,Lescar,Rue Jean Jaurès 8 64230 Lescar France,node,6123886564,43.3160284,-0.4286069,OpenStreetMap via Overpass API
France,Carrefour,Carrefour City,Rue de Villiers,,92300,Levallois-Perret,Rue de Villiers 92300 Levallois-Perret France,node,3532312694,48.8883298,2.2817459,OpenStreetMap via Overpass API
France,Carrefour,Carrefour City,Avenue de Bretagne,166bis,59000,Lille,Avenue de Bretagne 166bis 59000 Lille France,node,12361270613,50.6341841,3.020182,OpenStreetMap via Overpass API
France,Carrefour,Carrefour Express,Avenue de Dunkerque,654,59160,Lille,Avenue de Dunkerque 654 59160 Lille France,node,5788114780,50.6472627,3.0039691,OpenStreetMap via Overpass API
France,Carrefour,Carrefour Express,Avenue de la République,732,59800,Lille,Avenue de la République 732 59800 Lille France,way,84930523,50.6564055,3.0888811,OpenStreetMap via Overpass API
France,Carrefour,Carrefour Market,Rue Adolphe Dekeiser,,62190,Lillers,Rue Adolphe Dekeiser 62190 Lillers France,way,189182732,50.5685066,2.465345,OpenStreetMap via Overpass API
France,Carrefour,Carrefour,Place de Beaubreuil,1,87280,Limoges,Place de Beaubreuil 1 87280 Limoges France,way,70213079,45.8789261,1.2922676,OpenStreetMap via Overpass API
France,Carrefour,Carrefour Market,Rue d'Arpajon,,91470,Limours,Rue d'Arpajon 91470 Limours France,way,134957699,48.642837,2.089961,OpenStreetMap via Overpass API
France,Carrefour,Carrefour Contact,Boulevard Paul Doumer,,14780,Lion-sur-Mer,Boulevard Paul Doumer 14780 Lion-sur-Mer France,way,139725525,49.301141,-0.318989,OpenStreetMap via Overpass API
France,Carrefour,Carrefour Express,Route de Locoal,,56550,Locoal-Mendon,Route de Locoal 56550 Locoal-Mendon France,way,94139798,47.7099595,-3.105892,OpenStreetMap via Overpass API
France,Carrefour,Carrefour Contact,Chemin de Lavernose,,31410,Longages,Chemin de Lavernose 31410 Longages France,way,1373301908,43.3562362,1.2371847,OpenStreetMap via Overpass API
France,Carrefour,Carrefour Contact,Rue du 8 Mai 1945,,80510,Longpré-les-Corps-Saints,Rue du 8 Mai 1945 80510 Longpré-les-Corps-Saints France,way,294398357,50.0098792,2.0036242,OpenStreetMap via Overpass API
France,Carrefour,Carrefour,Place de la République,2,62750,Loos-en-Gohelle,Place de la République 2 62750 Loos-en-Gohelle France,node,7335517089,50.4571594,2.7927839,OpenStreetMap via Overpass API
France,Carrefour,Carrefour City,Rue Auguste Nayel,28,56100,Lorient,Rue Auguste Nayel 28 56100 Lorient France,node,12941389440,47.7477022,-3.3634281,OpenStreetMap via Overpass API
France,Carrefour,Carrefour Express,Rue de Lanveur,56,56100,Lorient,Rue de Lanveur 56 56100 Lorient France,node,9400939665,47.7432156,-3.3898396,OpenStreetMap via Overpass API
France,Carrefour,Carrefour Express,Place Charlemagne,,28600,Luisant,Place Charlemagne 28600 Luisant France,node,11765850673,48.4284651,1.4743487,OpenStreetMap via Overpass API
France,Carrefour,Carrefour Express,Allée du Fumoir,97,74470,Lullin,Allée du Fumoir 97 74470 Lullin France,node,7366261839,46.2832411,6.5212407,OpenStreetMap via Overpass API
France,Carrefour,Carrefour Market,Avenue Gambetta,106,34400,Lunel,Avenue Gambetta 106 34400 Lunel France,node,6993868277,43.6773771,4.1324281,OpenStreetMap via Overpass API
France,Carrefour,Carrefour Express,Rue de la Gare,5,70200,Lure,Rue de la Gare 5 70200 Lure France,node,3912895910,47.6833122,6.49575,OpenStreetMap via Overpass API
France,Carrefour,Carrefour,Place Augé de Coufitte,,65120,Luz-Saint-Sauveur,Place Augé de Coufitte 65120 Luz-Saint-Sauveur France,node,5023038712,42.8727965,-0.0036331,OpenStreetMap via Overpass API
France,Carrefour,Carrefour City,Rue Louise,10,69003,Lyon,Rue Louise 10 69003 Lyon France,node,5039727655,45.7501749,4.8854483,OpenStreetMap via Overpass API
France,Carrefour,Carrefour City,Rue de la République,17,69002,Lyon,Rue de la République 17 69002 Lyon France,node,4434078950,45.7650821,4.8360876,OpenStreetMap via Overpass API
France,Carrefour,Carrefour City,Avenue du Général de Gaulle,13,78600,Maisons-Laffitte,Avenue du Général de Gaulle 13 78600 Maisons-Laffitte France,node,5841403915,48.9451449,2.1432325,OpenStreetMap via Overpass API
France,Carrefour,Carrefour Express,Boulevard de Stalingrad,29,92240,Malakoff,Boulevard de Stalingrad 29 92240 Malakoff France,node,446144216,48.814414,2.2867588,OpenStreetMap via Overpass API
France,Carrefour,Carrefour City,Place Jean Queinnec,12,56140,Malestroit,Place Jean Queinnec 12 56140 Malestroit France,way,178686899,47.810351,-2.384575,OpenStreetMap via Overpass API
France,Carrefour,Carrefour Market,Route de Montreuil,,62140,Marconnelle,Route de Montreuil 62140 Marconnelle France,way,171006041,50.3709829,2.0277369,OpenStreetMap via Overpass API
France,Carrefour,Carrefour Contact,Allée Gabriel,96,59700,Marcq-en-Barœul,Allée Gabriel 96 59700 Marcq-en-Barœul France,way,58722141,50.6550086,3.0972897,OpenStreetMap via Overpass API
France,Carrefour,Carrefour Express,Rue Roger Salengro,13,95670,Marly-la-Ville,Rue Roger Salengro 13 95670 Marly-la-Ville France,node,1005449279,49.0797761,2.5021459,OpenStreetMap via Overpass API
France,Carrefour,Carrefour Market,Avenue de l'Amiral Lemonnier,,78160,Marly-le-Roi,Avenue de l'Amiral Lemonnier 78160 Marly-le-Roi France,node,1711636521,48.8792355,2.0998045,OpenStreetMap via Overpass API
France,Carrefour,Carrefour City,Place Aristide Briand,149,76150,Maromme Demi-Lune,Place Aristide Briand 149 76150 Maromme Demi-Lune France,node,9148481414,49.4810212,1.0477332,OpenStreetMap via Overpass API
France,Carrefour,Carrefour Market,Route de Bessan,,34340,Marseillan,Route de Bessan 34340 Marseillan France,way,640825587,43.356335,3.519688,OpenStreetMap via Overpass API
France,Carrefour,Carrefour,Avenue de Hambourg,112,13008,Marseille,Avenue de Hambourg 112 13008 Marseille France,way,154483244,43.2484939,5.3894705,OpenStreetMap via Overpass API
France,Carrefour,Carrefour Express,Place Claude Bernard,8,13012,Marseille,Place Claude Bernard 8 13012 Marseille France,way,158110643,43.3177505,5.4236725,OpenStreetMap via Overpass API
France,Carrefour,Carrefour City,Plage de l'Estaque,26,13016,Marseille,Plage de l'Estaque 26 13016 Marseille France,node,1485011633,43.360028,5.3157484,OpenStreetMap via Overpass API
France,Carrefour,Carrefour Market,Rue Léon Meisserel,,13012,Marseille,Rue Léon Meisserel 13012 Marseille France,node,1650409894,43.3046027,5.4180916,OpenStreetMap via Overpass API
France,Carrefour,Carrefour Contact,Boulevard du 14 Juillet,43,13500,Martigues,Boulevard du 14 Juillet 43 13500 Martigues France,node,1767564933,43.4088379,5.0562139,OpenStreetMap via Overpass API
France,Carrefour,Carrefour,Boulevard Théophile Roussel,,48100,Marvejols,Boulevard Théophile Roussel 48100 Marvejols France,way,70443294,44.5591912,3.2899169,OpenStreetMap via Overpass API
France,Carrefour,Carrefour Express,Place Rioust des Villes Audrains,1,22550,Matignon,Place Rioust des Villes Audrains 1 22550 Matignon France,node,10293665379,48.5967737,-2.2916457,OpenStreetMap via Overpass API
France,Carrefour,Carrefour,Avenue Alphonse-de-Lamartine,,59600,Maubeuge,Avenue Alphonse-de-Lamartine 59600 Maubeuge France,way,41129709,50.2902822,3.967667,OpenStreetMap via Overpass API
France,Carrefour,Carrefour Express,Rue Charles de Gaulle,251,53100,Mayenne,Rue Charles de Gaulle 251 53100 Mayenne France,node,10076621290,48.304013,-0.6192795,OpenStreetMap via Overpass API
France,Carrefour,Carrefour Contact,Avenue du 14 Juillet,,72360,Mayet,Avenue du 14 Juillet 72360 Mayet France,node,8553215490,47.7644537,0.2738791,OpenStreetMap via Overpass API
France,Carrefour,Carrefour Express,Place des Marronniers,,79310,Mazières-en-Gâtine,Place des Marronniers 79310 Mazières-en-Gâtine France,way,64524240,46.5339584,-0.3223778,OpenStreetMap via Overpass API
France,Carrefour,Carrefour,Route Nationale,681,74120,Megève,Route Nationale 681 74120 Megève France,way,68158460,45.8633659,6.6255458,OpenStreetMap via Overpass API
France,Carrefour,Carrefour Montagne,Rue Ambroise Martin,156,74120,Megève,Rue Ambroise Martin 156 74120 Megève France,node,7663476067,45.856945,6.6158194,OpenStreetMap via Overpass API
France,Carrefour,Carrefour Market,Allée du Marché,,77000,Melun,Allée du Marché 77000 Melun France,node,2354731119,48.5387743,2.6647427,OpenStreetMap via Overpass API
France,Carrefour,Carrefour Express,Route de Woerth,12,67250,Merkwiller-Pechelbronn,Route de Woerth 12 67250 Merkwiller-Pechelbronn France,node,13019077107,48.939475,7.8258925,OpenStreetMap via Overpass API
France,Carrefour,Carrefour Contact,Avenue du Havre,36,14810,Merville-Franceville-Plage,Avenue du Havre 36 14810 Merville-Franceville-Plage France,way,188104986,49.2830865,-0.2021115,OpenStreetMap via Overpass API
France,Carrefour,Carrefour Market,Route des Lacs,2447,40660,Messanges,Route des Lacs 2447 40660 Messanges France,way,30928403,43.7952718,-1.3892772,OpenStreetMap via Overpass API
France,Carrefour,Carrefour Market,Avenue du Général de Gaulle,23,92360,Meudon,Avenue du Général de Gaulle 23 92360 Meudon France,node,9076994840,48.7871594,2.2270074,OpenStreetMap via Overpass API
France,Carrefour,Carrefour Express,Rue du Maréchal Foch,29,78250,Meulan-en-Yvelines,Rue du Maréchal Foch 29 78250 Meulan-en-Yvelines France,node,3808223599,49.0050603,1.9086604,OpenStreetMap via Overpass API
France,Carrefour,Carrefour Express,Place Gilbert Dufour,2,54135,Mexy,Place Gilbert Dufour 2 54135 Mexy France,node,13586602714,49.5013506,5.7818228,OpenStreetMap via Overpass API
France,Carrefour,Carrefour Express,Place de l'Hôtel de Ville,9,67120,Molsheim,Place de l'Hôtel de Ville 9 67120 Molsheim France,node,13019077109,48.5422754,7.4929207,OpenStreetMap via Overpass API
France,Carrefour,Carrefour,Centre Commercial Mondeville 2,,14120,Mondeville,Centre Commercial Mondeville 2 14120 Mondeville France,way,144779207,49.165965,-0.2917288,OpenStreetMap via Overpass API
France,Carrefour,Carrefour Contact,Avenue Jean Paul Glanet,,33580,Monségur,Avenue Jean Paul Glanet 33580 Monségur France,way,325197793,44.6494305,0.087198,OpenStreetMap via Overpass API
France,Carrefour,Carrefour Express,"Le Claoux, La Remise",,48190,Mont Lozère et Goulet,"Le Claoux, La Remise 48190 Mont Lozère et Goulet France",node,1467628205,44.490099,3.7401915,OpenStreetMap via Overpass API
France,Carrefour,Carrefour,Avenue du Maréchal Juin,760,40000,Mont-de-Marsan,Avenue du Maréchal Juin 760 40000 Mont-de-Marsan France,way,44950099,43.9016577,-0.4796677,OpenStreetMap via Overpass API
France,Carrefour,Carrefour Market,Boulevard Yves Mainguy,19,40000,Mont-de-Marsan,Boulevard Yves Mainguy 19 40000 Mont-de-Marsan France,way,45339044,43.8832638,-0.4819769,OpenStreetMap via Overpass API
France,Carrefour,Carrefour Express,Avenue de l'Europe,1435,38330,Montbonnot-Saint-Martin,Avenue de l'Europe 1435 38330 Montbonnot-Saint-Martin France,node,9364073918,45.2227123,5.8132738,OpenStreetMap via Overpass API
France,Carrefour,Carrefour Express,Rue de la Souaberie,9,25200,Montbéliard,Rue de la Souaberie 9 25200 Montbéliard France,node,1682931908,47.5109838,6.7997337,OpenStreetMap via Overpass API
France,Carrefour,Carrefour Market,Chemin des Rouges,2,82300,Monteils,Chemin des Rouges 2 82300 Monteils France,way,84340076,44.1627386,1.552194,OpenStreetMap via Overpass API
France,Carrefour,Carrefour Contact,Avenue Jean Jaurès,520,40380,Montfort-en-Chalosse,Avenue Jean Jaurès 520 40380 Montfort-en-Chalosse France,way,102615393,43.710222,-0.8348232,OpenStreetMap via Overpass API
France,Carrefour,Carrefour Express,Rue de l'Hôtel de Ville,30,88410,Monthureux-sur-Saône,Rue de l'Hôtel de Ville 30 88410 Monthureux-sur-Saône France,node,13502786149,48.0306172,5.9726864,OpenStreetMap via Overpass API
France,Carrefour,Carrefour City,Rue Jean Goujon,3,78180,Montigny-le-Bretonneux,Rue Jean Goujon 3 78180 Montigny-le-Bretonneux France,node,2698586940,48.7677503,2.017771,OpenStreetMap via Overpass API
France,Carrefour,Carrefour,Rue Joël le Theule,,78180,Montigny-le-Bretonneux,Rue Joël le Theule 78180 Montigny-le-Bretonneux France,node,354427308,48.7848388,2.044181,OpenStreetMap via Overpass API
France,Carrefour,Carrefour,Quai Ledru-Rollin,211,03100,Montluçon,Quai Ledru-Rollin 211 03100 Montluçon France,node,2317358073,46.3464856,2.6015412,OpenStreetMap via Overpass API
France,Carrefour,Carrefour City,Rue Chaptal,37,34000,Montpellier,Rue Chaptal 37 34000 Montpellier France,node,3157818642,43.604261,3.8688239,OpenStreetMap via Overpass API
France,Carrefour,Carrefour City,Rue Saint-Louis,,34000,Montpellier,Rue Saint-Louis 34000 Montpellier France,node,6565043980,43.6110167,3.8667225,OpenStreetMap via Overpass API
France,Carrefour,Carrefour Contact,Rue du Pas du Loup,672,34000,Montpellier,Rue du Pas du Loup 672 34000 Montpellier France,way,76492207,43.5964503,3.8442589,OpenStreetMap via Overpass API
France,Carrefour,Carrefour,Rue Étienne Marcel,235,93100,Montreuil,Rue Étienne Marcel 235 93100 Montreuil France,node,7173693620,48.8552962,2.4163069,OpenStreetMap via Overpass API
France,Carrefour,Carrefour Market,Rue du Jura,68,01460,Montréal-la-Cluse,Rue du Jura 68 01460 Montréal-la-Cluse France,node,1676710403,46.1726886,5.5763852,OpenStreetMap via Overpass API
France,Carrefour,Carrefour City,Boulevard Meynot,4,26200,Montélimar,Boulevard Meynot 4 26200 Montélimar France,node,6542888674,44.5553723,4.7514039,OpenStreetMap via Overpass API
France,Carrefour,Carrefour Montagne,Place Centrale,,74110,Morzine,Place Centrale 74110 Morzine France,node,336371586,46.1913877,6.7760501,OpenStreetMap via Overpass API
France,Carrefour,Carrefour Market,Route du Plan,141 bis,74110,Morzine,Route du Plan 141 bis 74110 Morzine France,node,634174359,46.1798673,6.7066266,OpenStreetMap via Overpass API
France,Carrefour,Carrefour Contact,Route de Saint-Hilaire,,41160,Morée,Route de Saint-Hilaire 41160 Morée France,way,338185187,47.9101225,1.230944,OpenStreetMap via Overpass API
France,Carrefour,Carrefour,Route de Lyon,169,03000,Moulins,Route de Lyon 169 03000 Moulins France,node,9460512203,46.5396627,3.3431689,OpenStreetMap via Overpass API
France,Carrefour,Carrefour City,Rue Régis Corselle,,59420,Mouvaux,Rue Régis Corselle 59420 Mouvaux France,node,8296237689,50.7018017,3.1355245,OpenStreetMap via Overpass API
France,Carrefour,Carrefour,Avenue des Salines Royales,,73600,Moûtiers,Avenue des Salines Royales 73600 Moûtiers France,node,7241053606,45.4858386,6.5262356,OpenStreetMap via Overpass API
France,Carrefour,Carrefour,Rue de Belfort,258,68200,Mulhouse,Rue de Belfort 258 68200 Mulhouse France,node,1891053247,47.7406789,7.2918657,OpenStreetMap via Overpass API
France,Carrefour,Carrefour Express,Rue du Maréchal Foch,21,67190,Mutzig,Rue du Maréchal Foch 21 67190 Mutzig France,node,808856345,48.538499,7.4564012,OpenStreetMap via Overpass API
France,Carrefour,Carrefour Market,Avenue de Montpellier,,34140,Mèze,Avenue de Montpellier 34140 Mèze France,way,273975636,43.430136,3.607803,OpenStreetMap via Overpass API
France,Carrefour,Carrefour City,Cours d'Ornano,7,33700,Mérignac,Cours d'Ornano 7 33700 Mérignac France,way,164144572,44.832763,-0.6128785,OpenStreetMap via Overpass API
France,Carrefour,Carrefour Market,Avenue de Verdun,45,77370,Nangis,Avenue de Verdun 45 77370 Nangis France,way,406061697,48.5574512,3.0247645,OpenStreetMap via Overpass API
France,Carrefour,Carrefour Express,Rue du Général Leclerc,29,77370,Nangis,Rue du Général Leclerc 29 77370 Nangis France,node,12617730951,48.5562519,3.0121879,OpenStreetMap via Overpass API
France,Carrefour,Carrefour City,Mail Pablo Picasso,16 bis,44000,Nantes,Mail Pablo Picasso 16 bis 44000 Nantes France,node,5990552064,47.2156851,-1.5358484,OpenStreetMap via Overpass API
France,Carrefour,Carrefour City,Rue du Calvaire de Grillaud,30,44100,Nantes,Rue du Calvaire de Grillaud 30 44100 Nantes France,node,882100223,47.2197236,-1.5805845,OpenStreetMap via Overpass API
France,Carrefour,Carrefour City,Rue du Pontereau,9-19,44300,Nantes,Rue du Pontereau 9-19 44300 Nantes France,node,439752086,47.2359509,-1.5043309,OpenStreetMap via Overpass API
France,Carrefour,Carrefour Express,Rue du Faubourg,,64190,Navarrenx,Rue du Faubourg 64190 Navarrenx France,way,62596086,43.3199716,-0.7565787,OpenStreetMap via Overpass API
France,Carrefour,Carrefour Contact,Rue de Tourcoing,,59960,Neuville-en-Ferrain,Rue de Tourcoing 59960 Neuville-en-Ferrain France,way,78586015,50.7498992,3.1551557,OpenStreetMap via Overpass API
France,Carrefour,Supeco,Boulevard Saint-Exupéry,,58000,Nevers,Boulevard Saint-Exupéry 58000 Nevers France,way,126001566,47.0030992,3.1641767,OpenStreetMap via Overpass API
France,Carrefour,Carrefour Market,Rue Étienne Litaud,7,58000,Nevers,Rue Étienne Litaud 7 58000 Nevers France,node,3810579899,46.9943117,3.161167,OpenStreetMap via Overpass API
France,Carrefour,Carrefour City,Avenue Alfred Borriglione,44,06100,Nice,Avenue Alfred Borriglione 44 06100 Nice France,node,3737591716,43.7148354,7.2616868,OpenStreetMap via Overpass API
France,Carrefour,Carrefour Express,Avenue Cyrille Besset,88,06000,Nice,Avenue Cyrille Besset 88 06000 Nice France,node,364682421,43.71907,7.2528478,OpenStreetMap via Overpass API
France,Carrefour,Carrefour Express,Boulevard Saint-Roch,34,06300,Nice,Boulevard Saint-Roch 34 06300 Nice France,way,142215947,43.711226,7.2930375,OpenStreetMap via Overpass API
France,Carrefour,Carrefour Express,Rue du Général de Gaulle,8,67110,Niederbronn-les-Bains,Rue du Général de Gaulle 8 67110 Niederbronn-les-Bains France,node,391223027,48.9506113,7.6438847,OpenStreetMap via Overpass API
France,Carrefour,Carrefour City,Rue Victor Hugo,10,79000,Niort,Rue Victor Hugo 10 79000 Niort France,node,5133071479,46.3251717,-0.4627341,OpenStreetMap via Overpass API
France,Carrefour,Carrefour Market,Rue du Pont Aux Juifs,,28210,Nogent-le-Roi,Rue du Pont Aux Juifs 28210 Nogent-le-Roi France,way,310333708,48.648612,1.5357549,OpenStreetMap via Overpass API
France,Carrefour,Carrefour City,Grande Rue Charle de Gaulle 94130,2,94130,Nogent-sur-Marne,Grande Rue Charle de Gaulle 94130 2 94130 Nogent-sur-Marne France,node,471987282,48.8352232,2.474078,OpenStreetMap via Overpass API
France,Carrefour,Carrefour Contact,Avenue Saint-Exupéry,2,60180,Nogent-sur-Oise,Avenue Saint-Exupéry 2 60180 Nogent-sur-Oise France,way,80813366,49.2730844,2.4660127,OpenStreetMap via Overpass API
France,Carrefour,Carrefour City,Cours des Roches,12,77186,Noisiel,Cours des Roches 12 77186 Noisiel France,node,1312783464,48.8453216,2.6149306,OpenStreetMap via Overpass API
France,Carrefour,Carrefour Market,Rue de la Cité Neuve,,27320,Nonancourt,Rue de la Cité Neuve 27320 Nonancourt France,way,478475138,48.7637603,1.2154409,OpenStreetMap via Overpass API
France,Carrefour,Carrefour City,Avenue Georges Pompidou,21,30900,Nîmes,Avenue Georges Pompidou 21 30900 Nîmes France,node,7260620263,43.8336147,4.3483515,OpenStreetMap via Overpass API
France,Carrefour,Carrefour,Avenue Pierre Mendes France,1755,30000,Nîmes,Avenue Pierre Mendes France 1755 30000 Nîmes France,way,30487230,43.8188224,4.3927093,OpenStreetMap via Overpass API
France,Carrefour,Carrefour City,Place Gabriel Péri,7,30000,Nîmes,Place Gabriel Péri 7 30000 Nîmes France,node,4729017989,43.8392065,4.3643741,OpenStreetMap via Overpass API
France,Carrefour,Carrefour City,Rue de la République,34,30000,Nîmes,Rue de la République 34 30000 Nîmes France,node,8154576565,43.8310626,4.356824,OpenStreetMap via Overpass API
France,Carrefour,Carrefour City,Rue Émile Jamais,8,30900,Nîmes,Rue Émile Jamais 8 30900 Nîmes France,node,534379686,43.8364466,4.3551803,OpenStreetMap via Overpass API
France,Carrefour,Carrefour Market,Rue de la Paix,30,67205,Oberhausbergen,Rue de la Paix 30 67205 Oberhausbergen France,node,4599512417,48.607578,7.6855082,OpenStreetMap via Overpass API
France,Carrefour,Carrefour Express,Route de Gambsheim,1,67850,Offendorf,Route de Gambsheim 1 67850 Offendorf France,node,2041961616,48.7107247,7.9124497,OpenStreetMap via Overpass API
France,Carrefour,Carrefour Market,Avenue de la Hétraie,,76550,Offranville,Avenue de la Hétraie 76550 Offranville France,way,32212313,49.8723303,1.0492014,OpenStreetMap via Overpass API
France,Carrefour,Carrefour Express,Impasse Arcopole,9,12510,Olemps,Impasse Arcopole 9 12510 Olemps France,node,9489493518,44.3377384,2.5559648,OpenStreetMap via Overpass API
France,Carrefour,Carrefour,Chemin de la Bouyère,55,83190,Ollioules,Chemin de la Bouyère 55 83190 Ollioules France,way,165113279,43.1227675,5.876512,OpenStreetMap via Overpass API
France,Carrefour,Carrefour Market,Route Nationale 8,3256,13190,Ollioules,Route Nationale 8 3256 13190 Ollioules France,way,414766306,43.1274892,5.8818152,OpenStreetMap via Overpass API
France,Carrefour,Carrefour City,Avenue du 11 Novembre 1918,,40440,Ondres,Avenue du 11 Novembre 1918 40440 Ondres France,node,3064588939,43.5632273,-1.4460436,OpenStreetMap via Overpass API
France,Carrefour,Carrefour,Rue Nicolas Copernic,2,45000,Orléans,Rue Nicolas Copernic 2 45000 Orléans France,node,391809939,47.9084228,1.9059222,OpenStreetMap via Overpass API
France,Carrefour,Carrefour Express,Rue de Bourgogne,249,45000,Orléans,Rue de Bourgogne 249 45000 Orléans France,node,3271197500,47.8999519,1.9062095,OpenStreetMap via Overpass API
France,Carrefour,Carrefour City,Rue de la Manufacture,2,45000,Orléans,Rue de la Manufacture 2 45000 Orléans France,node,1335003437,47.904712,1.9157175,OpenStreetMap via Overpass API
France,Carrefour,Carrefour Express,Rue du Faubourg de Bourgogne,60,45000,Orléans,Rue du Faubourg de Bourgogne 60 45000 Orléans France,node,7345873393,47.9019386,1.9252625,OpenStreetMap via Overpass API
France,Carrefour,Carrefour City,Rue du Grenier à Sel,1,45000,Orléans,Rue du Grenier à Sel 1 45000 Orléans France,node,3231935227,47.9018882,1.9008247,OpenStreetMap via Overpass API
France,Carrefour,Carrefour,Route de Provins,85,94490,Ormesson-sur-Marne,Route de Provins 85 94490 Ormesson-sur-Marne France,node,297796274,48.7936719,2.5543389,OpenStreetMap via Overpass API
France,Carrefour,Carrefour Express,Rue de la Chapelle,3,67540,Ostwald,Rue de la Chapelle 3 67540 Ostwald France,node,6687915300,48.5547014,7.7123841,OpenStreetMap via Overpass API
France,Carrefour,Carrefour Express,Rue de la Loire,150,44521,Oudon,Rue de la Loire 150 44521 Oudon France,node,3407017889,47.3461446,-1.2837718,OpenStreetMap via Overpass API
France,Carrefour,Carrefour City,Place Saint-Melaine,,35740,Pacé,Place Saint-Melaine 35740 Pacé France,node,365366519,48.1480106,-1.7725497,OpenStreetMap via Overpass API
France,Carrefour,Carrefour Express,Place de la République,10,09100,Pamiers,Place de la République 10 09100 Pamiers France,node,2141418337,43.1160137,1.6111778,OpenStreetMap via Overpass API
France,Carrefour,Carrefour City,Rue Averroes,13,93500,Pantin,Rue Averroes 13 93500 Pantin France,node,12165195428,48.9139754,2.4126021,OpenStreetMap via Overpass API
France,Carrefour,Carrefour Express,Rue Victor Hugo,28,71600,Paray-le-Monial,Rue Victor Hugo 28 71600 Paray-le-Monial France,node,2888513514,46.4508439,4.1193519,OpenStreetMap via Overpass API
France,Carrefour,Carrefour Market,Avenue Jean Jaurès,59,75019,Paris,Avenue Jean Jaurès 59 75019 Paris France,node,4966875442,48.8846111,2.3763655,OpenStreetMap via Overpass API
France,Carrefour,Carrefour City,Avenue Ledru-Rollin,142,75011,Paris,Avenue Ledru-Rollin 142 75011 Paris France,node,7647245188,48.8548146,2.3784013,OpenStreetMap via Overpass API
France,Carrefour,Carrefour City,Avenue Théophile Gautier,16,75016,Paris,Avenue Théophile Gautier 16 75016 Paris France,node,5180477153,48.8506927,2.2737805,OpenStreetMap via Overpass API
France,Carrefour,Carrefour City,Avenue de Flandre,108 bis,75019,Paris,Avenue de Flandre 108 bis 75019 Paris France,node,6585166085,48.8914842,2.3784006,OpenStreetMap via Overpass API
France,Carrefour,Carrefour City,Avenue de Flandre,155,75019,Paris,Avenue de Flandre 155 75019 Paris France,node,1330584284,48.8936308,2.3801106,OpenStreetMap via Overpass API
France,Carrefour,Carrefour City,Avenue de Flandre,44 bis,75019,Paris,Avenue de Flandre 44 bis 75019 Paris France,node,6100665131,48.8870223,2.3728189,OpenStreetMap via Overpass API
France,Carrefour,Carrefour City,Avenue de Saint-Ouen,63,75017,Paris,Avenue de Saint-Ouen 63 75017 Paris France,way,75750832,48.8918336,2.3267425,OpenStreetMap via Overpass API
France,Carrefour,Carrefour City,Avenue de la Motte-Picquet,42,75007,Paris,Avenue de la Motte-Picquet 42 75007 Paris France,node,582750092,48.8548362,2.3059829,OpenStreetMap via Overpass API
France,Carrefour,Carrefour City,Boulevard Beaumarchais,5,75004,Paris,Boulevard Beaumarchais 5 75004 Paris France,node,9301423820,48.8541657,2.3685603,OpenStreetMap via Overpass API
France,Carrefour,Carrefour City,Boulevard Voltaire,189,75011,Paris,Boulevard Voltaire 189 75011 Paris France,node,2517201889,48.8535998,2.3877196,OpenStreetMap via Overpass API
France,Carrefour,Carrefour Market,Boulevard de Charonne,103,75011,Paris,Boulevard de Charonne 103 75011 Paris France,node,8015885168,48.8557588,2.3946252,OpenStreetMap via Overpass API
France,Carrefour,Carrefour Market,Place Françoise Dorin,7,75017,Paris,Place Françoise Dorin 7 75017 Paris France,node,6738523599,48.8890169,2.3141289,OpenStreetMap via Overpass API
France,Carrefour,Carrefour Market,Rue Amelot,94,75011,Paris,Rue Amelot 94 75011 Paris France,node,2349484533,48.8616611,2.3677865,OpenStreetMap via Overpass API
France,Carrefour,Carrefour Express,Rue Bobillot,33,75013,Paris,Rue Bobillot 33 75013 Paris France,node,4405728591,48.8290376,2.3536742,OpenStreetMap via Overpass API
France,Carrefour,Carrefour City,Rue Eugène Jumin,28,75019,Paris,Rue Eugène Jumin 28 75019 Paris France,node,2041654157,48.8880271,2.3922791,OpenStreetMap via Overpass API
France,Carrefour,Carrefour City,Rue Fessart,,75019,Paris,Rue Fessart 75019 Paris France,node,2393743943,48.8770063,2.3823746,OpenStreetMap via Overpass API
France,Carrefour,Carrefour City,Rue La Boétie,58,75008,Paris,Rue La Boétie 58 75008 Paris France,node,9811847582,48.8734413,2.3124979,OpenStreetMap via Overpass API
France,Carrefour,Carrefour Express,Rue Michel-Ange,77 ter,75016,Paris,Rue Michel-Ange 77 ter 75016 Paris France,node,3385567398,48.8419008,2.2593513,OpenStreetMap via Overpass API
France,Carrefour,Carrefour Express,Rue Montmartre,7,75001,Paris,Rue Montmartre 7 75001 Paris France,node,7995599793,48.86395,2.3454353,OpenStreetMap via Overpass API
France,Carrefour,Carrefour City,Rue Notre-Dame-de-Lorette,8,75009,Paris,Rue Notre-Dame-de-Lorette 8 75009 Paris France,node,5590892910,48.8773243,2.3388197,OpenStreetMap via Overpass API
France,Carrefour,Carrefour City,Rue Notre-Dame-des-Champs,84,75006,Paris,Rue Notre-Dame-des-Champs 84 75006 Paris France,node,805871694,48.8417016,2.3323619,OpenStreetMap via Overpass API
France,Carrefour,Carrefour City,Rue Popincourt,18,75011,Paris,Rue Popincourt 18 75011 Paris France,node,12197423985,48.8577979,2.3772001,OpenStreetMap via Overpass API
France,Carrefour,Carrefour City,Rue Raffet,33,75016,Paris,Rue Raffet 33 75016 Paris France,node,6224856685,48.8519716,2.2643132,OpenStreetMap via Overpass API
France,Carrefour,Carrefour Express,Rue Rambuteau,77,75001,Paris,Rue Rambuteau 77 75001 Paris France,node,7028008473,48.8619991,2.3497161,OpenStreetMap via Overpass API
France,Carrefour,Carrefour City,Rue Saint-Antoine,115-117,75004,Paris,Rue Saint-Antoine 115-117 75004 Paris France,node,2465878817,48.8550264,2.3607135,OpenStreetMap via Overpass API
France,Carrefour,Carrefour Express,Rue Saint-Honoré,205,75001,Paris,Rue Saint-Honoré 205 75001 Paris France,node,3980764070,48.865056,2.331471,OpenStreetMap via Overpass API
France,Carrefour,Carrefour Express,Rue Saint-Louis en l'Île,33,75004,Paris,Rue Saint-Louis en l'Île 33 75004 Paris France,node,9414038866,48.8517422,2.3566086,OpenStreetMap via Overpass API
France,Carrefour,Carrefour City,Rue Sarrette,21,75014,Paris,Rue Sarrette 21 75014 Paris France,node,5667589358,48.8267177,2.33047,OpenStreetMap via Overpass API
France,Carrefour,Carrefour City,Rue Serge Prokofiev,,75016,Paris,Rue Serge Prokofiev 75016 Paris France,node,9426890981,48.8546192,2.2688701,OpenStreetMap via Overpass API
France,Carrefour,Carrefour Express,Rue Singer,64,75016,Paris,Rue Singer 64 75016 Paris France,node,13246475632,48.8570356,2.2737702,OpenStreetMap via Overpass API
France,Carrefour,Carrefour City,Rue de Belleville,296,75020,Paris,Rue de Belleville 296 75020 Paris France,node,985512410,48.8763044,2.4041371,OpenStreetMap via Overpass API
France,Carrefour,Carrefour Express,Rue de Boulainvilliers,16,75016,Paris,Rue de Boulainvilliers 16 75016 Paris France,node,6375908099,48.8532263,2.2758657,OpenStreetMap via Overpass API
France,Carrefour,Carrefour Market,Rue de Lyon,37,75012,Paris,Rue de Lyon 37 75012 Paris France,node,4966187139,48.8484997,2.3709505,OpenStreetMap via Overpass API
France,Carrefour,Carrefour City,Rue de Rémusat,6,75016,Paris,Rue de Rémusat 6 75016 Paris France,node,1827365953,48.8479114,2.2725082,OpenStreetMap via Overpass API
France,Carrefour,Carrefour Market,Rue de Sèvres,42,75007,Paris,Rue de Sèvres 42 75007 Paris France,way,426165149,48.8491406,2.3207169,OpenStreetMap via Overpass API
France,Carrefour,Sitis market,Rue de Tocqueville,72,75017,Paris,Rue de Tocqueville 72 75017 Paris France,node,9441929549,48.8853618,2.3105741,OpenStreetMap via Overpass API
France,Carrefour,Carrefour Express,Rue des Archives,27,75004,Paris,Rue des Archives 27 75004 Paris France,node,2980014530,48.8591585,2.3557638,OpenStreetMap via Overpass API
France,Carrefour,Carrefour City,Rue des Lombards,23,75004,Paris,Rue des Lombards 23 75004 Paris France,node,2685469205,48.8592694,2.3492176,OpenStreetMap via Overpass API
France,Carrefour,Carrefour Express,Rue des Poissonniers,68,75018,Paris,Rue des Poissonniers 68 75018 Paris France,node,12458627205,48.8905444,2.3516192,OpenStreetMap via Overpass API
France,Carrefour,Carrefour City,Rue du Faubourg Saint-Antoine,,75012,Paris,Rue du Faubourg Saint-Antoine 75012 Paris France,node,530275192,48.8510874,2.3763367,OpenStreetMap via Overpass API
France,Carrefour,Carrefour Express,Rue du Faubourg Saint-Antoine,175,75011,Paris,Rue du Faubourg Saint-Antoine 175 75011 Paris France,node,13796242775,48.8505456,2.3807827,OpenStreetMap via Overpass API
France,Carrefour,Carrefour City,Rue Étienne Dolet,13-15,75020,Paris,Rue Étienne Dolet 13-15 75020 Paris France,node,1672310015,48.8678799,2.3840623,OpenStreetMap via Overpass API
France,Carrefour,Carrefour City,Villa Croix Nivert,27,75015,Paris,Villa Croix Nivert 27 75015 Paris France,node,4569195146,48.8456239,2.3009981,OpenStreetMap via Overpass API
France,Carrefour,Carrefour Express,Avenue Edmé-Pierre Chauvot de Beauchêne,3c,89100,Paron,Avenue Edmé-Pierre Chauvot de Beauchêne 3c 89100 Paron France,node,8194757037,48.187796,3.2464951,OpenStreetMap via Overpass API
France,Carrefour,Carrefour Express,Immeuble SALMON,,98890,Païta,Immeuble SALMON 98890 Païta France,node,873236702,-22.1300358,166.3680976,OpenStreetMap via Overpass API
France,Carrefour,Carrefour Market Pechbonnieu,Rue du 8 Mai 1945,2,31140,Pechbonnieu,Rue du 8 Mai 1945 2 31140 Pechbonnieu France,node,1786231039,43.7073221,1.4656478,OpenStreetMap via Overpass API
France,Carrefour,Carrefour Market,Rue de Lannion,31,22710,Penvénan,Rue de Lannion 31 22710 Penvénan France,way,77818570,48.8091443,-3.2985701,OpenStreetMap via Overpass API
France,Carrefour,Carrefour Market,Route de Champagnole,,39570,Perrigny,Route de Champagnole 39570 Perrigny France,way,243362325,46.670385,5.5752155,OpenStreetMap via Overpass API
France,Carrefour,Carrefour City,Place de l'Église,5,22700,Perros-Guirec,Place de l'Église 5 22700 Perros-Guirec France,way,81957866,48.8135411,-3.4432909,OpenStreetMap via Overpass API
France,Carrefour,Carrefour Market,Rue Léonard de Vinci,360,84120,Pertuis,Rue Léonard de Vinci 360 84120 Pertuis France,way,287309842,43.6809994,5.501265,OpenStreetMap via Overpass API
France,Carrefour,Carrefour City,Esplanade Charles de Gaulle,,33600,Pessac,Esplanade Charles de Gaulle 33600 Pessac France,node,4816185952,44.8050057,-0.6323199,OpenStreetMap via Overpass API
France,Carrefour,Carrefour Market,Avenue de Toulouse,65,31820,Pibrac,Avenue de Toulouse 65 31820 Pibrac France,way,31985908,43.6089236,1.2848765,OpenStreetMap via Overpass API
France,Carrefour,Carrefour Contact,Rue de Senives,6,45300,Pithiviers,Rue de Senives 6 45300 Pithiviers France,node,12484537576,48.1719698,2.2556358,OpenStreetMap via Overpass API
France,Carrefour,Carrefour Express,Route de Pleumeur Gautier,11,22610,Pleubian,Route de Pleumeur Gautier 11 22610 Pleubian France,way,78835501,48.841032,-3.138732,OpenStreetMap via Overpass API
France,Carrefour,Carrefour Express,Hent Kergoff,,29700,Plomelin,Hent Kergoff 29700 Plomelin France,way,86170886,47.9363125,-4.1544425,OpenStreetMap via Overpass API
France,Carrefour,Carrefour Market,Rue Brizeux,1,29780,Plouhinec,Rue Brizeux 1 29780 Plouhinec France,node,333775755,48.016469,-4.501999,OpenStreetMap via Overpass API
France,Carrefour,Carrefour Market,Place Georges Brassens,3,38320,Poisat,Place Georges Brassens 3 38320 Poisat France,node,528565036,45.1591935,5.760242,OpenStreetMap via Overpass API
France,Carrefour,Carrefour City,Rue du Général de Gaulle,131,78300,Poissy,Rue du Général de Gaulle 131 78300 Poissy France,node,5983325168,48.9279773,2.04536,OpenStreetMap via Overpass API
France,Carrefour,Carrefour Express,Avenue de la Libération,74,86000,Poitiers,Avenue de la Libération 74 86000 Poitiers France,node,1156627091,46.570755,0.3246253,OpenStreetMap via Overpass API
France,Carrefour,Carrefour Market,Avenue Général de Gaulle,1573,30130,Pont-Saint-Esprit,Avenue Général de Gaulle 1573 30130 Pont-Saint-Esprit France,way,73763682,44.2415373,4.6417624,OpenStreetMap via Overpass API
France,Carrefour,Carrefour Market,Avenue de la République,,77340,Pontault-Combault,Avenue de la République 77340 Pontault-Combault France,node,1722014294,48.7994052,2.6074111,OpenStreetMap via Overpass API
France,Carrefour,Carrefour Contact,Rue Alfred Massé,7,58320,Pougues les Eaux,Rue Alfred Massé 7 58320 Pougues les Eaux France,way,1155925531,47.0729342,3.0988915,OpenStreetMap via Overpass API
France,Carrefour,Carrefour Express,Rue de Pont-l'Abbé,2,29710,Pouldreuzic,Rue de Pont-l'Abbé 2 29710 Pouldreuzic France,node,9330642680,47.9541692,-4.3602088,OpenStreetMap via Overpass API
France,Carrefour,Carrefour Market,"avenue de Sète, ZA Les Clachs",,34560,Poussan,"avenue de Sète, ZA Les Clachs 34560 Poussan France",way,264592811,43.4751485,3.6771655,OpenStreetMap via Overpass API
France,Carrefour,Carrefour Express,Rue du Bourg,111,76160,Préaux,Rue du Bourg 111 76160 Préaux France,node,12861294948,49.4918783,1.2155853,OpenStreetMap via Overpass API
France,Carrefour,Carrefour City,Rue Jean Jaurès,135,92800,Puteaux,Rue Jean Jaurès 135 92800 Puteaux France,node,2161521578,48.8805159,2.2375873,OpenStreetMap via Overpass API
France,Carrefour,Carrefour City,Rue Paul Lafargue,13,92800,Puteaux,Rue Paul Lafargue 13 92800 Puteaux France,node,5516298641,48.8858535,2.2459655,OpenStreetMap via Overpass API
France,Carrefour,Carrefour Express,Avenue de la République,1,63170,Pérignat-lès-Sarliève,Avenue de la République 1 63170 Pérignat-lès-Sarliève France,node,7468386942,45.7392202,3.1408118,OpenStreetMap via Overpass API
France,Carrefour,Carrefour Market,Rue Jean Grimaud,14,56230,Questembert,Rue Jean Grimaud 14 56230 Questembert France,way,177437181,47.662562,-2.4583112,OpenStreetMap via Overpass API
France,Carrefour,Carrefour City,Rue de Verdun,2,56170,Quiberon,Rue de Verdun 2 56170 Quiberon France,node,1906997867,47.4810666,-3.1209397,OpenStreetMap via Overpass API
France,Carrefour,Carrefour Express,Boulevard Jean Bourrel,,11500,Quillan,Boulevard Jean Bourrel 11500 Quillan France,node,1051460579,42.8747098,2.1836622,OpenStreetMap via Overpass API
France,Carrefour,Carrefour Market,ZA Plage Sud,,11500,Quillan,ZA Plage Sud 11500 Quillan France,way,260592852,42.893233,2.193009,OpenStreetMap via Overpass API
France,Carrefour,Carrefour Express,Place de la Mairie,58,76230,Quincampoix,Place de la Mairie 58 76230 Quincampoix France,node,7342731688,49.5229702,1.1865717,OpenStreetMap via Overpass API
France,Carrefour,Carrefour Market,Rue de Bersat,210,74930,Reignier- Ésery,Rue de Bersat 210 74930 Reignier- Ésery France,way,814871093,46.1306256,6.2694452,OpenStreetMap via Overpass API
France,Carrefour,Carrefour City,Avenue Jean Jaurès,141,51100,Reims,Avenue Jean Jaurès 141 51100 Reims France,node,1834375226,49.2611411,4.0491347,OpenStreetMap via Overpass API
France,Carrefour,Carrefour Express,Avenue Jean Jaurès,20,51100,Reims,Avenue Jean Jaurès 20 51100 Reims France,node,1834390616,49.2581447,4.04168,OpenStreetMap via Overpass API
France,Carrefour,Carrefour City,Boulevard Pommery,102,51000,Reims,Boulevard Pommery 102 51000 Reims France,way,90722589,49.2537552,4.0539603,OpenStreetMap via Overpass API
France,Carrefour,Carrefour Express,Rue Cérès,47,51100,Reims,Rue Cérès 47 51100 Reims France,node,6284562180,49.2569042,4.0374546,OpenStreetMap via Overpass API
France,Carrefour,Carrefour Market,Rue du Tacot,2,42370,Renaison,Rue du Tacot 2 42370 Renaison France,way,193334304,46.0526399,3.9312141,OpenStreetMap via Overpass API
France,Carrefour,Carrefour City,Avenue Aristide Briand,3,35000,Rennes,Avenue Aristide Briand 3 35000 Rennes France,node,4843334022,48.110423,-1.6705368,OpenStreetMap via Overpass API
France,Carrefour,Carrefour Market,Avenue Sir Winston Churchill,,35000,Rennes,Avenue Sir Winston Churchill 35000 Rennes France,way,27486482,48.1210915,-1.711496,OpenStreetMap via Overpass API
France,Carrefour,Carrefour City,Boulevard Georges Clemenceau,113,35000,Rennes,Boulevard Georges Clemenceau 113 35000 Rennes France,node,8684480594,48.0938232,-1.6724084,OpenStreetMap via Overpass API
France,Carrefour,Carrefour City,Boulevard Léon Bourgeois,25,35000,Rennes,Boulevard Léon Bourgeois 25 35000 Rennes France,node,1232498354,48.0992736,-1.6533059,OpenStreetMap via Overpass API
France,Carrefour,Carrefour Market,Boulevard Paul Hutin-Desgrées,,35000,Rennes,Boulevard Paul Hutin-Desgrées 35000 Rennes France,way,80726479,48.091255,-1.6415289,OpenStreetMap via Overpass API
France,Carrefour,Carrefour City,Boulevard de Verdun,47bis,35000,Rennes,Boulevard de Verdun 47bis 35000 Rennes France,node,1162487186,48.1185024,-1.6894273,OpenStreetMap via Overpass API
France,Carrefour,Carrefour City,Mail François Mitterrand,89bis,35000,Rennes,Mail François Mitterrand 89bis 35000 Rennes France,node,2561380511,48.1083878,-1.6934135,OpenStreetMap via Overpass API
France,Carrefour,Carrefour Express,Rue Maréchal Joffre,18bis,35000,Rennes,Rue Maréchal Joffre 18bis 35000 Rennes France,node,4309554841,48.1081077,-1.6779542,OpenStreetMap via Overpass API
France,Carrefour,Carrefour City,Rue Paul Lerebourg Pigeonnière,1,35000,Rennes,Rue Paul Lerebourg Pigeonnière 1 35000 Rennes France,node,1363879435,48.100643,-1.7058085,OpenStreetMap via Overpass API
France,Carrefour,Carrefour Market,Rue d'Isly,18,35000,Rennes,Rue d'Isly 18 35000 Rennes France,node,302887710,48.1054544,-1.6784058,OpenStreetMap via Overpass API
France,Carrefour,Carrefour Express,Rue de Saint-Malo,202,35000,Rennes,Rue de Saint-Malo 202 35000 Rennes France,node,11366367551,48.1225275,-1.6839332,OpenStreetMap via Overpass API
France,Carrefour,Carrefour City,Rue de l'Alma,49,35000,Rennes,Rue de l'Alma 49 35000 Rennes France,node,4410324923,48.0982671,-1.6749768,OpenStreetMap via Overpass API
France,Carrefour,Carrefour,Rue du Bosphore,5,35200,Rennes,Rue du Bosphore 5 35200 Rennes France,way,379435666,48.083046,-1.6813415,OpenStreetMap via Overpass API
France,Carrefour,Carrefour Market,Rue Charles Rivière,42,44400,Rezé,Rue Charles Rivière 42 44400 Rezé France,node,1686313744,47.174498,-1.5438033,OpenStreetMap via Overpass API
France,Carrefour,Carrefour Contact,Rue de Loudun,26,37120,Richelieu,Rue de Loudun 26 37120 Richelieu France,way,525377941,47.0119282,0.3225454,OpenStreetMap via Overpass API
France,Carrefour,Carrefour Market,Avenue du Castéras,,31370,Rieumes,Avenue du Castéras 31370 Rieumes France,way,153162313,43.414137,1.117006,OpenStreetMap via Overpass API
France,Carrefour,Carrefour Contact,Rue Jean Monnet,19,87570,Rilhac-Rancon,Rue Jean Monnet 19 87570 Rilhac-Rancon France,node,2749312690,45.8984058,1.3101179,OpenStreetMap via Overpass API
France,Carrefour,Carrefour Express,Avenue des Insurrections Anti-Esclavagistes,,97211,Rivière-Pilote,Avenue des Insurrections Anti-Esclavagistes 97211 Rivière-Pilote France,way,182354630,14.4869027,-60.9030521,OpenStreetMap via Overpass API
France,Carrefour,Carrefour Contact,Boulevard du 122e Régiment d'Infanterie,4,12000,Rodez,Boulevard du 122e Régiment d'Infanterie 4 12000 Rodez France,way,77688797,44.3526479,2.5690671,OpenStreetMap via Overpass API
France,Carrefour,Carrefour City,Rue de Lille,399,59223,Roncq,Rue de Lille 399 59223 Roncq France,way,123030518,50.7527425,3.120266,OpenStreetMap via Overpass API
France,Carrefour,Carrefour Market,Impasse des Figuiers,,83520,Roquebrune-sur-Argens,Impasse des Figuiers 83520 Roquebrune-sur-Argens France,way,230670553,43.4615375,6.635073,OpenStreetMap via Overpass API
France,Carrefour,Carrefour,Avenue du Général de Gaulle,,93110,Rosny-sous-Bois,Avenue du Général de Gaulle 93110 Rosny-sous-Bois France,node,443454836,48.8847815,2.4762073,OpenStreetMap via Overpass API
France,Carrefour,Carrefour Express,Rue de Schirmeck,6,67570,Rothau,Rue de Schirmeck 6 67570 Rothau France,node,13022459232,48.4573958,7.2081314,OpenStreetMap via Overpass API
France,Carrefour,Carrefour City,Boulevard du Général de Gaulle,77,59100,Roubaix,Boulevard du Général de Gaulle 77 59100 Roubaix France,way,79527385,50.6828189,3.1700434,OpenStreetMap via Overpass API
France,Carrefour,Carrefour Express,Rue La Rochefoucauld,92,59100,Roubaix,Rue La Rochefoucauld 92 59100 Roubaix France,node,10853564305,50.6779131,3.1786721,OpenStreetMap via Overpass API
France,Carrefour,Carrefour Express,Avenue Jean Rondeaux,8 c,76100,Rouen,Avenue Jean Rondeaux 8 c 76100 Rouen France,node,12823901075,49.4357502,1.0769397,OpenStreetMap via Overpass API
France,Carrefour,Carrefour City,Avenue Pasteur,6,76000,Rouen,Avenue Pasteur 6 76000 Rouen France,node,660517569,49.4433651,1.0784192,OpenStreetMap via Overpass API
France,Carrefour,Carrefour City,Boulevard des Belges,87,76000,Rouen,Boulevard des Belges 87 76000 Rouen France,node,9371201748,49.4457362,1.0858393,OpenStreetMap via Overpass API
France,Carrefour,Carrefour City,Place Saint-Marc,,76000,Rouen,Place Saint-Marc 76000 Rouen France,node,4888346686,49.4381715,1.1004998,OpenStreetMap via Overpass API
France,Carrefour,Carrefour City,Place des Carmes,46,76000,Rouen,Place des Carmes 46 76000 Rouen France,node,9085485440,49.4424239,1.0954586,OpenStreetMap via Overpass API
France,Carrefour,Carrefour City,Route de Lyons-la-Forêt,72,76000,Rouen,Route de Lyons-la-Forêt 72 76000 Rouen France,node,10982782987,49.4376365,1.1117656,OpenStreetMap via Overpass API
France,Carrefour,Carrefour City,Rue Grand Pont,24,76000,Rouen,Rue Grand Pont 24 76000 Rouen France,node,7125156124,49.4390263,1.0925932,OpenStreetMap via Overpass API
France,Carrefour,Carrefour City,Rue Saint-Hilaire,102-105,76000,Rouen,Rue Saint-Hilaire 102-105 76000 Rouen France,node,4466658194,49.4423582,1.1082522,OpenStreetMap via Overpass API
France,Carrefour,Carrefour City,Rue Saint-Julien,146,76100,Rouen,Rue Saint-Julien 146 76100 Rouen France,node,1824344898,49.426108,1.0745746,OpenStreetMap via Overpass API
France,Carrefour,Carrefour Express,Rue de la République,35,76000,Rouen,Rue de la République 35 76000 Rouen France,node,4159957853,49.4401728,1.0972906,OpenStreetMap via Overpass API
France,Carrefour,Carrefour Market,Rue des Bons Raisins,59,92500,Rueil-Malmaison,Rue des Bons Raisins 59 92500 Rueil-Malmaison France,node,9746971760,48.8729685,2.1989022,OpenStreetMap via Overpass API
France,Carrefour,Carrefour Express,Rue Paul Bert,58,59172,Rœulx,Rue Paul Bert 58 59172 Rœulx France,node,7562082763,50.3096482,3.3356377,OpenStreetMap via Overpass API
France,Carrefour,Carrefour City,Place Raphaël Élizé,12,72300,Sablé-sur-Sarthe,Place Raphaël Élizé 12 72300 Sablé-sur-Sarthe France,node,4426128328,47.8403455,-0.3338822,OpenStreetMap via Overpass API
France,Carrefour,Carrefour Market,Route de La Flèche,,72300,Sablé-sur-Sarthe,Route de La Flèche 72300 Sablé-sur-Sarthe France,node,4975375028,47.8307776,-0.3149701,OpenStreetMap via Overpass API
France,Carrefour,Carrefour,Rue de la Lys,,62840,Sailly-sur-la-Lys,Rue de la Lys 62840 Sailly-sur-la-Lys France,node,7331494431,50.6587573,2.7709536,OpenStreetMap via Overpass API
France,Carrefour,Carrefour Contact,Rue de la Lys,1173,62840,Sailly-sur-la-Lys,Rue de la Lys 1173 62840 Sailly-sur-la-Lys France,way,241668972,50.6588246,2.7703387,OpenStreetMap via Overpass API
France,Carrefour,Carrefour,Avenue du Général de Gaulle,93,18200,Saint-Amand-Montrond,Avenue du Général de Gaulle 93 18200 Saint-Amand-Montrond France,node,725890526,46.7310309,2.4930155,OpenStreetMap via Overpass API
France,Carrefour,Carrefour Express,Chemin de la Côte des Ânes,69,82140,Saint-Antonin-Noble-Val,Chemin de la Côte des Ânes 69 82140 Saint-Antonin-Noble-Val France,node,2661554365,44.1526444,1.7583885,OpenStreetMap via Overpass API
France,Carrefour,Carrefour Market,Rue de la Résistance,,76410,Saint-Aubin-lès-Elbeuf,Rue de la Résistance 76410 Saint-Aubin-lès-Elbeuf France,way,178046178,49.3032975,1.035757,OpenStreetMap via Overpass API
France,Carrefour,Carrefour Express,Rue du Général Hirschauer,21,57500,Saint-Avold,Rue du Général Hirschauer 21 57500 Saint-Avold France,node,9459918356,49.1035487,6.7075488,OpenStreetMap via Overpass API
France,Carrefour,Carrefour,Route de Ganges,,34980,Saint-Clément-de-Rivière,Route de Ganges 34980 Saint-Clément-de-Rivière France,way,512046970,43.6495405,3.8419207,OpenStreetMap via Overpass API
France,Carrefour,Carrefour City,Rue Victor Hugo,19,83270,Saint-Cyr sur Mer,Rue Victor Hugo 19 83270 Saint-Cyr sur Mer France,node,9027792105,43.1826737,5.7122443,OpenStreetMap via Overpass API
France,Carrefour,Carrefour Express,Place de Bliesen,1,45590,Saint-Cyr-en-Val,Place de Bliesen 1 45590 Saint-Cyr-en-Val France,node,11390083020,47.8320635,1.9679307,OpenStreetMap via Overpass API
France,Carrefour,Carrefour Contact,Boulevard Carnot,,46400,Saint-Céré,Boulevard Carnot 46400 Saint-Céré France,way,75744228,44.8619601,1.8900412,OpenStreetMap via Overpass API
France,Carrefour,Carrefour,Place du Caquet,,93200,Saint-Denis,Place du Caquet 93200 Saint-Denis France,node,1311530762,48.9373262,2.3599093,OpenStreetMap via Overpass API
France,Carrefour,Carrefour Market,Rue Jean Chatel,,97400,Saint-Denis,Rue Jean Chatel 97400 Saint-Denis France,node,6783199586,-20.8821732,55.4510127,OpenStreetMap via Overpass API
France,Carrefour,Carrefour Market,Rue du Chalet,,45560,Saint-Denis-en-Val,Rue du Chalet 45560 Saint-Denis-en-Val France,node,12180198652,47.8807792,1.9528514,OpenStreetMap via Overpass API
France,Carrefour,Carrefour Express,Place Foch,3,43140,Saint-Didier-en-Velay,Place Foch 3 43140 Saint-Didier-en-Velay France,node,3034324698,45.3019057,4.2760131,OpenStreetMap via Overpass API
France,Carrefour,Carrefour City,Place des Déportés,,88100,Saint-Dié-des-Vosges,Place des Déportés 88100 Saint-Dié-des-Vosges France,way,46892044,48.2845488,6.9480062,OpenStreetMap via Overpass API
France,Carrefour,Carrefour Market,Rue de Genève,,01630,Saint-Genis-Pouilly,Rue de Genève 01630 Saint-Genis-Pouilly France,way,121763448,46.241434,6.0288435,OpenStreetMap via Overpass API
France,Carrefour,Carrefour Market,Rue de L'Aurore,12,78100,Saint-Germain-en-Laye,Rue de L'Aurore 12 78100 Saint-Germain-en-Laye France,node,1831360058,48.8947915,2.0715147,OpenStreetMap via Overpass API
France,Carrefour,Carrefour Express,Rue du Mont Blanc,28,74170,Saint-Gervais-les-Bains,Rue du Mont Blanc 28 74170 Saint-Gervais-les-Bains France,node,3016302051,45.8923575,6.7120751,OpenStreetMap via Overpass API
France,Carrefour,Carrefour Contact,Rue de Saint-Brieuc,31,35590,Saint-Gilles,Rue de Saint-Brieuc 31 35590 Saint-Gilles France,way,964632184,48.1558877,-1.8328871,OpenStreetMap via Overpass API
France,Carrefour,Carrefour Contact,Avenue d'Aulot,30,09200,Saint-Girons,Avenue d'Aulot 30 09200 Saint-Girons France,node,617866037,42.9812046,1.1498048,OpenStreetMap via Overpass API
France,Carrefour,Carrefour Market,Avenue de la Résistance,1075,09200,Saint-Girons,Avenue de la Résistance 1075 09200 Saint-Girons France,node,440756100,42.9730465,1.1534536,OpenStreetMap via Overpass API
France,Carrefour,Carrefour City,Chemin des Prêles,400,38330,Saint-Ismier,Chemin des Prêles 400 38330 Saint-Ismier France,node,11637596875,45.2411828,5.8452081,OpenStreetMap via Overpass API
France,Carrefour,Carrefour Express Saint-James,Rue d'Antrain,3,50240,Saint-James,Rue d'Antrain 3 50240 Saint-James France,node,4577506336,48.5226822,-1.3241107,OpenStreetMap via Overpass API
France,Carrefour,Carrefour Express,Route des Grandes Alpes,2121,74430,Saint-Jean-d'Aulps,Route des Grandes Alpes 2121 74430 Saint-Jean-d'Aulps France,node,7609775206,46.2315204,6.6567224,OpenStreetMap via Overpass API
France,Carrefour,Carrefour Market,Route des Grandes Alpes,4679,74430,Saint-Jean-d'Aulps,Route des Grandes Alpes 4679 74430 Saint-Jean-d'Aulps France,way,361136254,46.210065,6.6733971,OpenStreetMap via Overpass API
France,Carrefour,Carrefour Market,Rue de la Mairie,,45800,Saint-Jean-de-Braye,Rue de la Mairie 45800 Saint-Jean-de-Braye France,node,11553538258,47.9109585,1.9699277,OpenStreetMap via Overpass API
France,Carrefour,Carrefour Express,Place Aimé Dupont,64,74450,Saint-Jean-de-Sixt,Place Aimé Dupont 64 74450 Saint-Jean-de-Sixt France,node,2393811668,45.9230697,6.4107977,OpenStreetMap via Overpass API
France,Carrefour,Carrefour,Route de Sète,,34430,Saint-Jean-de-Védas,Route de Sète 34430 Saint-Jean-de-Védas France,way,423095021,43.5724403,3.8471468,OpenStreetMap via Overpass API
France,Carrefour,Carrefour,Route de Sète,,34430,Saint-Jean-de-Védas,Route de Sète 34430 Saint-Jean-de-Védas France,way,761214097,43.5731529,3.8473502,OpenStreetMap via Overpass API
France,Carrefour,Carrefour Market,Avenue de Mössingen,2,74160,Saint-Julien-en-Genevois,Avenue de Mössingen 2 74160 Saint-Julien-en-Genevois France,node,281692826,46.1473338,6.0861961,OpenStreetMap via Overpass API
France,Carrefour,Carrefour Market,Rue Amédée VIII de Savoie,5,74160,Saint-Julien-en-Genevois,Rue Amédée VIII de Savoie 5 74160 Saint-Julien-en-Genevois France,node,281692795,46.1444162,6.0801011,OpenStreetMap via Overpass API
France,Carrefour,Carrefour Montagne,Rue de Soulan,2,65170,Saint-Lary-Soulan,Rue de Soulan 2 65170 Saint-Lary-Soulan France,node,3659301953,42.8172594,0.3223264,OpenStreetMap via Overpass API
France,Carrefour,Carrefour Contact,Avenue Jean Aicard,87,06700,Saint-Laurent-du-Var,Avenue Jean Aicard 87 06700 Saint-Laurent-du-Var France,node,6750694749,43.6830244,7.1875052,OpenStreetMap via Overpass API
France,Carrefour,Carrefour Express,Place Nationale,7,31470,Saint-Lys,Place Nationale 7 31470 Saint-Lys France,node,6225089109,43.5134709,1.1763522,OpenStreetMap via Overpass API
France,Carrefour,Carrefour Market,Avenue Jean Moulin,8,87400,Saint-Léonard de Noblat,Avenue Jean Moulin 8 87400 Saint-Léonard de Noblat France,way,71042798,45.8313426,1.4988219,OpenStreetMap via Overpass API
France,Carrefour,Carrefour Contact,Avenue des Fontenelles,,35400,Saint-Malo,Avenue des Fontenelles 35400 Saint-Malo France,way,52498786,48.6682659,-1.9794858,OpenStreetMap via Overpass API
France,Carrefour,Carrefour City,Avenue du Général de Gaulle,76,94160,Saint-Mandé,Avenue du Général de Gaulle 76 94160 Saint-Mandé France,node,9573004624,48.8405465,2.4174336,OpenStreetMap via Overpass API
France,Carrefour,Carrefour City,Avenue du Collège,,38160,Saint-Marcellin,Avenue du Collège 38160 Saint-Marcellin France,node,5542512903,45.1542737,5.3196386,OpenStreetMap via Overpass API
France,Carrefour,Carrefour,Avenue du Maréchal Joffre,46,62500,Saint-Martin-au-Laërt,Avenue du Maréchal Joffre 46 62500 Saint-Martin-au-Laërt France,way,167244308,50.7537225,2.244107,OpenStreetMap via Overpass API
France,Carrefour,Carrefour Express,Avenue Benoît Frachon,97,38400,Saint-Martin-d'Hères,Avenue Benoît Frachon 97 38400 Saint-Martin-d'Hères France,node,1379857940,45.1784524,5.7558904,OpenStreetMap via Overpass API
France,Carrefour,Carrefour City,Avenue de la République,3ter,94100,Saint-Maur-des-Fossés,Avenue de la République 3ter 94100 Saint-Maur-des-Fossés France,node,741515096,48.8039195,2.4862251,OpenStreetMap via Overpass API
France,Carrefour,Carrefour City,Avenue du Maréchal de Lattre de Tassigny,46,94410,Saint-Maurice,Avenue du Maréchal de Lattre de Tassigny 46 94410 Saint-Maurice France,node,1896597261,48.8217547,2.4200063,OpenStreetMap via Overpass API
France,Carrefour,Carrefour Contact,Route de Jourgnac,181,87800,Saint-Maurice-les-Brousses,Route de Jourgnac 181 87800 Saint-Maurice-les-Brousses France,node,12977751242,45.7080678,1.2398772,OpenStreetMap via Overpass API
France,Carrefour,carrefour express,Rue de l'Abbaye,6,85580,Saint-Michel-en-l'Herm,Rue de l'Abbaye 6 85580 Saint-Michel-en-l'Herm France,node,951784253,46.3525283,-1.2504869,OpenStreetMap via Overpass API
France,Carrefour,Carrefour Express,Route d'Albi,788,82370,Saint-Nauphary,Route d'Albi 788 82370 Saint-Nauphary France,way,352300675,43.9649157,1.4276125,OpenStreetMap via Overpass API
France,Carrefour,Carrefour City,Boulevard Victor Hugo,76,93400,Saint-Ouen-sur-Seine,Boulevard Victor Hugo 76 93400 Saint-Ouen-sur-Seine France,node,9965568101,48.9083384,2.3275412,OpenStreetMap via Overpass API
France,Carrefour,Carrefour,Avenue du Portou,4,64990,Saint-Pierre-d'Irube,Avenue du Portou 4 64990 Saint-Pierre-d'Irube France,node,11380846131,43.4812392,-1.4455154,OpenStreetMap via Overpass API
France,Carrefour,Carrefour Market,Route de Montmarault,,03500,Saint-Pourçain-sur-Sioule,Route de Montmarault 03500 Saint-Pourçain-sur-Sioule France,node,4209766701,46.3101575,3.2823216,OpenStreetMap via Overpass API
France,Carrefour,Carrefour Market,Rue du Maillon,,76430,Saint-Romain-de-Colbosc,Rue du Maillon 76430 Saint-Romain-de-Colbosc France,node,4211043968,49.5254422,0.3654196,OpenStreetMap via Overpass API
France,Carrefour,Carrefour Market,Avenue Emmanuel Brion,97,76680,Saint-Saëns,Avenue Emmanuel Brion 97 76680 Saint-Saëns France,way,283759113,49.6699313,1.284616,OpenStreetMap via Overpass API
France,Carrefour,Carrefour Market,Avenue des Terres Noires,,81370,Saint-Sulpice-La-Pointe,Avenue des Terres Noires 81370 Saint-Sulpice-La-Pointe France,node,788953828,43.7722826,1.6762173,OpenStreetMap via Overpass API
France,Carrefour,Carrefour Express,Rue du Commerce,22,87160,Saint-Sulpice-les-Feuilles,Rue du Commerce 22 87160 Saint-Sulpice-les-Feuilles France,way,183642903,46.3163187,1.3687682,OpenStreetMap via Overpass API
France,Carrefour,Carrefour Market,Avenue Emmanuel Clément,182,69590,Saint-Symphorien-sur-Coise,Avenue Emmanuel Clément 182 69590 Saint-Symphorien-sur-Coise France,node,6037470647,45.6358211,4.4619349,OpenStreetMap via Overpass API
France,Carrefour,Carrefour Express,Place des Pilotes,27,80230,Saint-Valery-sur-Somme,Place des Pilotes 27 80230 Saint-Valery-sur-Somme France,node,13762793372,50.186513,1.6379918,OpenStreetMap via Overpass API
France,Carrefour,Carrefour Express,Rue de Prédieu,1 bis,38120,Saint-Égrève,Rue de Prédieu 1 bis 38120 Saint-Égrève France,node,7359117874,45.2227771,5.688008,OpenStreetMap via Overpass API
France,Carrefour,Carrefour Market,Rue Édith Cavell,3,76310,Sainte-Adresse,Rue Édith Cavell 3 76310 Sainte-Adresse France,node,1297639515,49.5081169,0.0834881,OpenStreetMap via Overpass API
France,Carrefour,Carrefour City,Rue du Bosquet,9,97490,Sainte-Clotilde,Rue du Bosquet 9 97490 Sainte-Clotilde France,node,2294547692,-20.905837,55.4821625,OpenStreetMap via Overpass API
France,Carrefour,Carrefour City,Route de Longpont,140,91700,Sainte-Geneviève-des-Bois,Route de Longpont 140 91700 Sainte-Geneviève-des-Bois France,way,549024940,48.6485225,2.302862,OpenStreetMap via Overpass API
France,Carrefour,Carrefour Contact,Rue de la Cadoire,2,44980,Sainte-Luce-sur-Loire,Rue de la Cadoire 2 44980 Sainte-Luce-sur-Loire France,node,1575724917,47.2560564,-1.4882846,OpenStreetMap via Overpass API
France,Carrefour,Carrefour Market,La Chaud,,43600,Sainte-Sigolène,La Chaud 43600 Sainte-Sigolène France,node,3222284828,45.248874,4.2395699,OpenStreetMap via Overpass API
France,Carrefour,Carrefour Market,Route du Martinet,2,33770,Salles,Route du Martinet 2 33770 Salles France,way,288053183,44.5467055,-0.8744322,OpenStreetMap via Overpass API
France,Carrefour,Carrefour Market,Route de Taninges,1365,74340,Samoëns,Route de Taninges 1365 74340 Samoëns France,way,126621093,46.0842587,6.7055996,OpenStreetMap via Overpass API
France,Carrefour,Carrefour,Rue Nationale 20,2601,45770,Saran,Rue Nationale 20 2601 45770 Saran France,node,11516232969,47.9601688,1.8859902,OpenStreetMap via Overpass API
France,Carrefour,Carrefour Contact Sarzeau,Rue du Général de Gaulle,6,56370,Sarzeau,Rue du Général de Gaulle 6 56370 Sarzeau France,node,1560785769,47.526755,-2.769823,OpenStreetMap via Overpass API
France,Carrefour,Carrefour Contact,Rond-Point du Poisson Rouge,,49400,Saumur,Rond-Point du Poisson Rouge 49400 Saumur France,way,219771638,47.246466,-0.0765025,OpenStreetMap via Overpass API
France,Carrefour,Carrefour Express,Rue de Mulhouse,2,68390,Sausheim,Rue de Mulhouse 2 68390 Sausheim France,node,11742734390,47.7849361,7.3673006,OpenStreetMap via Overpass API
France,Carrefour,Carrefour Express,Rue de Bretagne,17,44880,Sautron,Rue de Bretagne 17 44880 Sautron France,node,8509369173,47.2615617,-1.6686713,OpenStreetMap via Overpass API
France,Carrefour,Carrefour Express,Rue du Lion d'Or,3,09700,Saverdun,Rue du Lion d'Or 3 09700 Saverdun France,node,942777958,43.2354109,1.5754953,OpenStreetMap via Overpass API
France,Carrefour,Carrefour Contact,Grande Rue du Bourg,3,70360,Scey-sur-Saône-et-Saint-Albin,Grande Rue du Bourg 3 70360 Scey-sur-Saône-et-Saint-Albin France,node,1993347952,47.6644973,5.9719049,OpenStreetMap via Overpass API
France,Carrefour,Carrefour Market,Engelgrund Auf Die Strasse,468,67630,Scheibenhard,Engelgrund Auf Die Strasse 468 67630 Scheibenhard France,way,29000930,48.9758024,8.1581548,OpenStreetMap via Overpass API
France,Carrefour,Carrefour City,Route de Bischwiller,25,67300,Schiltigheim,Route de Bischwiller 25 67300 Schiltigheim France,node,538843846,48.6026473,7.7457358,OpenStreetMap via Overpass API
France,Carrefour,Carrefour Market,Avenue des Lacs,161,74950,Scionzier,Avenue des Lacs 161 74950 Scionzier France,way,818012837,46.0652189,6.550495,OpenStreetMap via Overpass API
France,Carrefour,Carrefour Contact,Rue de la Paix,2b,67160,Seebach,Rue de la Paix 2b 67160 Seebach France,way,726827590,48.970768,7.9901146,OpenStreetMap via Overpass API
France,Carrefour,Carrefour,Rue de la Paix,2c,67160,Seebach,Rue de la Paix 2c 67160 Seebach France,node,6811938026,48.9707285,7.9895792,OpenStreetMap via Overpass API
France,Carrefour,Carrefour,Route de Saint-Jean-de-Braye,1375,45400,Semoy,Route de Saint-Jean-de-Braye 1375 45400 Semoy France,node,6036792654,47.9250571,1.9573015,OpenStreetMap via Overpass API
France,Carrefour,Carrefour City,Avenue Claude Debussy,3,60300,Senlis,Avenue Claude Debussy 3 60300 Senlis France,way,142258401,49.206107,2.5659865,OpenStreetMap via Overpass API
France,Carrefour,Carrefour Contact,Route de Bordeaux,,64121,Serres-Castet,Route de Bordeaux 64121 Serres-Castet France,way,606031563,43.3770188,-0.3798099,OpenStreetMap via Overpass API
France,Carrefour,Carrefour Market,Route des Pontets,75,74320,Sevrier,Route des Pontets 75 74320 Sevrier France,way,70565269,45.8453418,6.1504316,OpenStreetMap via Overpass API
France,Carrefour,Carrefour Market,Place Saint-Jean,10,74600,Seynod,Place Saint-Jean 10 74600 Seynod France,way,822961300,45.8875427,6.101328,OpenStreetMap via Overpass API
France,Carrefour,Carrefour Market,Route de Genève,28,74910,Seyssel,Route de Genève 28 74910 Seyssel France,way,821364046,45.9644682,5.8375581,OpenStreetMap via Overpass API
France,Carrefour,Carrefour City,Boulevard de l'Europe,29,38170,Seyssinet-Pariset,Boulevard de l'Europe 29 38170 Seyssinet-Pariset France,node,7810069085,45.1800391,5.6948603,OpenStreetMap via Overpass API
France,Carrefour,Carrefour Express,Place de l'Église,22,08380,Signy-le-Petit,Place de l'Église 22 08380 Signy-le-Petit France,node,4250055206,49.9029994,4.2792035,OpenStreetMap via Overpass API
France,Carrefour,Carrefour City,Avenue du Général de Gaulle,9,95230,Soisy-sous-Montmorency,Avenue du Général de Gaulle 9 95230 Soisy-sous-Montmorency France,node,4481730486,48.9868011,2.3006313,OpenStreetMap via Overpass API
France,Carrefour,Carrefour Market,Rue du Moulin Gillier,3,42290,Sorbiers,Rue du Moulin Gillier 3 42290 Sorbiers France,way,79207748,45.4811026,4.442778,OpenStreetMap via Overpass API
France,Carrefour,Carrefour Market,Place de l'Hôtel de Ville,,76300,Sotteville-lès-Rouen,Place de l'Hôtel de Ville 76300 Sotteville-lès-Rouen France,way,64950702,49.4138616,1.0907568,OpenStreetMap via Overpass API
France,Carrefour,Carrefour City,Rue Léon Blum,12,76300,Sotteville-lès-Rouen,Rue Léon Blum 12 76300 Sotteville-lès-Rouen France,node,8025896534,49.4234046,1.0886785,OpenStreetMap via Overpass API
France,Carrefour,Carrefour Express,Place du Général de Gaulle,5,67460,Souffelweyersheim,Place du Général de Gaulle 5 67460 Souffelweyersheim France,node,741546871,48.6358888,7.7416635,OpenStreetMap via Overpass API
France,Carrefour,Carrefour Express,Grand Rue,8,67620,Soufflenheim,Grand Rue 8 67620 Soufflenheim France,node,13019077108,48.8296229,7.9654851,OpenStreetMap via Overpass API
France,Carrefour,Carrefour Express,Avenue de Labouyrie,,40140,Soustons,Avenue de Labouyrie 40140 Soustons France,node,8345433424,43.7541106,-1.3288777,OpenStreetMap via Overpass API
France,Carrefour,Carrefour Express,Place de la Charente,26,57350,Spicheren,Place de la Charente 26 57350 Spicheren France,way,434923296,49.1910645,6.965218,OpenStreetMap via Overpass API
France,Carrefour,Carrefour City,Allée des Açores,2,67000,Strasbourg,Allée des Açores 2 67000 Strasbourg France,node,8675241104,48.5988878,7.7636595,OpenStreetMap via Overpass API
France,Carrefour,Carrefour Express,Avenue Aristide Briand,32,67100,Strasbourg,Avenue Aristide Briand 32 67100 Strasbourg France,node,4578251567,48.5685085,7.7771343,OpenStreetMap via Overpass API
France,Carrefour,Carrefour,Avenue de la Forêt Noire,77,67000,Strasbourg,Avenue de la Forêt Noire 77 67000 Strasbourg France,node,497385694,48.5807685,7.7770382,OpenStreetMap via Overpass API
France,Carrefour,Carrefour City,Avenue de la Marseillaise,30,67000,Strasbourg,Avenue de la Marseillaise 30 67000 Strasbourg France,node,3049597230,48.5843937,7.7578392,OpenStreetMap via Overpass API
France,Carrefour,Carrefour City,Place de l'Esplanade,7,67000,Strasbourg,Place de l'Esplanade 7 67000 Strasbourg France,node,1198890418,48.5769828,7.768209,OpenStreetMap via Overpass API
France,Carrefour,Carrefour City,Place du Schluthfeld,6,67100,Strasbourg,Place du Schluthfeld 6 67100 Strasbourg France,node,1394498861,48.5687257,7.7526549,OpenStreetMap via Overpass API
France,Carrefour,Carrefour Express,Route d'Altenheim,95,67100,Strasbourg,Route d'Altenheim 95 67100 Strasbourg France,node,4111088150,48.536102,7.7713366,OpenStreetMap via Overpass API
France,Carrefour,Carrefour City,Route de Mittelhausbergen,85,67200,Strasbourg,Route de Mittelhausbergen 85 67200 Strasbourg France,node,11553362805,48.5941911,7.7196871,OpenStreetMap via Overpass API
France,Carrefour,Carrefour City,Route du Polygone,105,67100,Strasbourg,Route du Polygone 105 67100 Strasbourg France,node,1639772966,48.5649136,7.7603061,OpenStreetMap via Overpass API
France,Carrefour,Carrefour City,Rue Edmond Michelet,10,67100,Strasbourg,Rue Edmond Michelet 10 67100 Strasbourg France,node,11298359669,48.5732773,7.7669936,OpenStreetMap via Overpass API
France,Carrefour,Carrefour Express,Rue Ehrmann,15,67000,Strasbourg,Rue Ehrmann 15 67000 Strasbourg France,node,5573056155,48.5918362,7.7549301,OpenStreetMap via Overpass API
France,Carrefour,Carrefour City,Rue Geiler,36,67000,Strasbourg,Rue Geiler 36 67000 Strasbourg France,node,2217040257,48.5865207,7.7685546,OpenStreetMap via Overpass API
France,Carrefour,Carrefour City,Rue Lauth,1,67000,Strasbourg,Rue Lauth 1 67000 Strasbourg France,node,583341804,48.5940162,7.7611663,OpenStreetMap via Overpass API
France,Carrefour,Carrefour Express,Rue de Rathsamhausen,2,67100,Strasbourg,Rue de Rathsamhausen 2 67100 Strasbourg France,node,263359331,48.5694274,7.7627931,OpenStreetMap via Overpass API
France,Carrefour,Carrefour Express,Rue de l'Abbé François-Xavier Scherer,6,67000,Strasbourg,Rue de l'Abbé François-Xavier Scherer 6 67000 Strasbourg France,node,6728927258,48.5723961,7.794628,OpenStreetMap via Overpass API
France,Carrefour,Carrefour City,Rue de la Première Armée,29,67000,Strasbourg,Rue de la Première Armée 29 67000 Strasbourg France,node,3818925770,48.5767646,7.7523857,OpenStreetMap via Overpass API
France,Carrefour,Carrefour City,Rue du 22 Novembre,19,67000,Strasbourg,Rue du 22 Novembre 19 67000 Strasbourg France,node,7089160914,48.5828361,7.7434891,OpenStreetMap via Overpass API
France,Carrefour,Carrefour City,Rue du Maire Kuss,15,67000,Strasbourg,Rue du Maire Kuss 15 67000 Strasbourg France,node,501850512,48.5840464,7.7366778,OpenStreetMap via Overpass API
France,Carrefour,Carrefour Express,Rue du Parchemin,7,67000,Strasbourg,Rue du Parchemin 7 67000 Strasbourg France,node,5337210150,48.5845648,7.7537848,OpenStreetMap via Overpass API
France,Carrefour,Carrefour Express,Boulevard du Champ de Foire,2,45600,Sully-sur-Loire,Boulevard du Champ de Foire 2 45600 Sully-sur-Loire France,node,6639697343,47.76452,2.3753101,OpenStreetMap via Overpass API
France,Carrefour,Carrefour Market,Allée Jules Ferry,4,92150,Suresnes,Allée Jules Ferry 4 92150 Suresnes France,node,493809023,48.8690504,2.2247396,OpenStreetMap via Overpass API
France,Carrefour,Carrefour Express,Route de la Corniche de Neuburg,2,34200,Sète,Route de la Corniche de Neuburg 2 34200 Sète France,way,135812049,43.3941785,3.676518,OpenStreetMap via Overpass API
France,Carrefour,Carrefour City,Rue Daniel Mayer,38,37100,TOURS,Rue Daniel Mayer 38 37100 TOURS France,node,8147935679,47.419048,0.698203,OpenStreetMap via Overpass API
France,Carrefour,Carrefour Contact,Rue de la Libération,42,21240,Talant,Rue de la Libération 42 21240 Talant France,node,1401425165,47.3324161,5.009967,OpenStreetMap via Overpass API
France,Carrefour,Carrefour City,Avenue Julian Grimau,34,40220,Tarnos,Avenue Julian Grimau 34 40220 Tarnos France,node,4856195336,43.5472185,-1.4882999,OpenStreetMap via Overpass API
France,Carrefour,Carrefour,Boulevard Jacques Duclos,56,40220,Tarnos,Boulevard Jacques Duclos 56 40220 Tarnos France,node,3720031958,43.5256448,-1.462719,OpenStreetMap via Overpass API
France,Carrefour,Carrefour Express,Place Alexandre Viro,7,40220,Tarnos,Place Alexandre Viro 7 40220 Tarnos France,node,7113029394,43.5407007,-1.4610789,OpenStreetMap via Overpass API
France,Carrefour,Carrefour City,Rue de Paris,,95150,Taverny,Rue de Paris 95150 Taverny France,node,1197203597,49.0265694,2.2243963,OpenStreetMap via Overpass API
France,Carrefour,Carrefour Market,Route d'Eecke,144,59114,Terdeghem,Route d'Eecke 144 59114 Terdeghem France,way,107040178,50.8049973,2.5834688,OpenStreetMap via Overpass API
France,Carrefour,Carrefour Express,Place du Maréchal De Lattre de Tassigny,9,68800,Thann,Place du Maréchal De Lattre de Tassigny 9 68800 Thann France,way,283380993,47.8122689,7.0986056,OpenStreetMap via Overpass API
France,Carrefour,Carrefour Contact,Rue du Chemin dit du Fresne,2bis,14610,Thaon,Rue du Chemin dit du Fresne 2bis 14610 Thaon France,way,1252078270,49.2592808,-0.463286,OpenStreetMap via Overpass API
France,Carrefour,Carrefour Market,Rue de Rosmadec,,56450,Theix,Rue de Rosmadec 56450 Theix France,way,177191798,47.6298386,-2.6555737,OpenStreetMap via Overpass API
France,Carrefour,Carrefour Market,Avenue Jules Ferry,13,74200,Thonon-les-Bains,Avenue Jules Ferry 13 74200 Thonon-les-Bains France,way,67046082,46.3717793,6.4843459,OpenStreetMap via Overpass API
France,Carrefour,Carrefour Market,Chemin de Morcy,16,74200,Thonon-les-Bains,Chemin de Morcy 16 74200 Thonon-les-Bains France,way,814555834,46.3584029,6.4597258,OpenStreetMap via Overpass API
France,Carrefour,Carrefour City,Place Avet,31,74230,Thônes,Place Avet 31 74230 Thônes France,node,1793266942,45.8815944,6.3225942,OpenStreetMap via Overpass API
France,Carrefour,Carrefour Market,Rue du Bienheureux Pierre Favre,34,74230,Thônes,Rue du Bienheureux Pierre Favre 34 74230 Thônes France,way,231115753,45.8849755,6.328985,OpenStreetMap via Overpass API
France,Carrefour,Carrefour City,Boulevard Général Leclerc,176,83000,Toulon,Boulevard Général Leclerc 176 83000 Toulon France,node,2196651204,43.1256595,5.9280132,OpenStreetMap via Overpass API
France,Carrefour,Carrefour,Rue du Murier,Centre Mayol,83000,Toulon,Rue du Murier Centre Mayol 83000 Toulon France,node,3637405781,43.1201561,5.9352904,OpenStreetMap via Overpass API
France,Carrefour,Carrefour Express,Allées Charles de Fitte,99,31300,Toulouse,Allées Charles de Fitte 99 31300 Toulouse France,node,11125051465,43.600489,1.4286596,OpenStreetMap via Overpass API
France,Carrefour,Carrefour Market,Avenue Jean Rieux,57,31400,Toulouse,Avenue Jean Rieux 57 31400 Toulouse France,node,6348347268,43.5963536,1.4622941,OpenStreetMap via Overpass API
France,Carrefour,Carrefour Express,Avenue de Fronton,225,31200,Toulouse,Avenue de Fronton 225 31200 Toulouse France,node,12846664393,43.6470478,1.4329807,OpenStreetMap via Overpass API
France,Carrefour,Carrefour City,Avenue de Muret,231,31300,Toulouse,Avenue de Muret 231 31300 Toulouse France,way,63571536,43.5904659,1.4323392,OpenStreetMap via Overpass API
France,Carrefour,Carrefour City,Avenue de Muret,44,31300,Toulouse,Avenue de Muret 44 31300 Toulouse France,node,12880398815,43.5812467,1.4255116,OpenStreetMap via Overpass API
France,Carrefour,Carrefour,Avenue de la Gloire,8,31500,Toulouse,Avenue de la Gloire 8 31500 Toulouse France,node,11853098607,43.6074746,1.4704967,OpenStreetMap via Overpass API
France,Carrefour,Carrefour Market,Boulevard Silvio Trentin,83,31200,Toulouse,Boulevard Silvio Trentin 83 31200 Toulouse France,node,4742806728,43.6271442,1.4325816,OpenStreetMap via Overpass API
France,Carrefour,Carrefour Express,Boulevard de Bonrepos,15,31000,Toulouse,Boulevard de Bonrepos 15 31000 Toulouse France,node,4773386102,43.611798,1.4519415,OpenStreetMap via Overpass API
France,Carrefour,Carrefour Express,Boulevard de l'Embouchure,99 bis,31200,Toulouse,Boulevard de l'Embouchure 99 bis 31200 Toulouse France,node,7098486005,43.6120489,1.4225184,OpenStreetMap via Overpass API
France,Carrefour,Carrefour City,Boulevard des Minimes,36,31200,Toulouse,Boulevard des Minimes 36 31200 Toulouse France,node,10773192358,43.6154144,1.4435642,OpenStreetMap via Overpass API
France,Carrefour,Carrefour City,Boulevard des Récollets,11,31400,Toulouse,Boulevard des Récollets 11 31400 Toulouse France,node,9412641044,43.5842547,1.4407018,OpenStreetMap via Overpass API
France,Carrefour,Carrefour Express,Place Jeanne d'Arc,5,31000,Toulouse,Place Jeanne d'Arc 5 31000 Toulouse France,node,3439110571,43.6093742,1.4461475,OpenStreetMap via Overpass API
France,Carrefour,Carrefour City,Port Saint-Étienne,42,31500,Toulouse,Port Saint-Étienne 42 31500 Toulouse France,node,11174979120,43.6009462,1.4568232,OpenStreetMap via Overpass API
France,Carrefour,Carrefour City,Route d'Espagne,39,31100,Toulouse,Route d'Espagne 39 31100 Toulouse France,node,5613894807,43.5772716,1.4242827,OpenStreetMap via Overpass API
France,Carrefour,Carrefour City,Route de Bayonne,154,31300,Toulouse,Route de Bayonne 154 31300 Toulouse France,node,12348282772,43.6091197,1.380455,OpenStreetMap via Overpass API
France,Carrefour,Carrefour,Route de Bayonne,36,31300,Toulouse,Route de Bayonne 36 31300 Toulouse France,node,3693443526,43.6102511,1.3936863,OpenStreetMap via Overpass API
France,Carrefour,Carrefour Market,Rue Claudius Rougenet,6,31500,Toulouse,Rue Claudius Rougenet 6 31500 Toulouse France,way,498069988,43.5983452,1.4876911,OpenStreetMap via Overpass API
France,Carrefour,Carrefour City,Rue Louis Plana,58,31500,Toulouse,Rue Louis Plana 58 31500 Toulouse France,node,9388903798,43.6132846,1.4770848,OpenStreetMap via Overpass API
France,Carrefour,Carrefour City,Rue René Goscinny,2,31400,Toulouse,Rue René Goscinny 2 31400 Toulouse France,node,4439655414,43.5507836,1.4579001,OpenStreetMap via Overpass API
France,Carrefour,Carrefour City,Rue Thomas Dupuy,5,31300,Toulouse,Rue Thomas Dupuy 5 31300 Toulouse France,node,9450525421,43.6023498,1.40631,OpenStreetMap via Overpass API
France,Carrefour,Carrefour Contact,avenue de Bagnères,25,65190,Tournay,avenue de Bagnères 25 65190 Tournay France,way,270139919,43.176612,0.2401566,OpenStreetMap via Overpass API
France,Carrefour,Carrefour City,Boulevard Jean Royer,15,37000,Tours,Boulevard Jean Royer 15 37000 Tours France,node,9787444912,47.3799859,0.6912348,OpenStreetMap via Overpass API
France,Carrefour,Carrefour City,Rue Giraudeau,222,37000,Tours,Rue Giraudeau 222 37000 Tours France,node,10811089513,47.3791513,0.6775688,OpenStreetMap via Overpass API
France,Carrefour,Carrefour City,Rue de la Fuye,118,37000,Tours,Rue de la Fuye 118 37000 Tours France,node,10804547917,47.3876773,0.7031815,OpenStreetMap via Overpass API
France,Carrefour,Carrefour,Route du Plan,1555,83720,Trans-en-Provence,Route du Plan 1555 83720 Trans-en-Provence France,node,8254629667,43.5099798,6.4784325,OpenStreetMap via Overpass API
France,Carrefour,Carrefour,Route du Plan,1555,83720,Trans-en-Provence,Route du Plan 1555 83720 Trans-en-Provence France,node,9942550545,43.5103481,6.4779173,OpenStreetMap via Overpass API
France,Carrefour,Carrefour Market,Avenue de Verdun,86,77470,Trilport,Avenue de Verdun 86 77470 Trilport France,way,116198086,48.957183,2.9581815,OpenStreetMap via Overpass API
France,Carrefour,Carrefour Express,Rue Georges Clemenceau,76,10000,Troyes,Rue Georges Clemenceau 76 10000 Troyes France,node,4334145553,48.2976956,4.0749301,OpenStreetMap via Overpass API
France,Carrefour,Carrefour Express,Place Sainte-Anne,18,22730,Trégastel,Place Sainte-Anne 18 22730 Trégastel France,node,1708708079,48.8267587,-3.5103702,OpenStreetMap via Overpass API
France,Carrefour,Carrefour Express,Rue de Soultz,2,68700,Uffholtz,Rue de Soultz 2 68700 Uffholtz France,node,1722550569,47.8138819,7.1802198,OpenStreetMap via Overpass API
France,Carrefour,Carrefour Market Urt,Allée de la Croix,,64240,Urt,Allée de la Croix 64240 Urt France,way,74136908,43.4935866,-1.2935899,OpenStreetMap via Overpass API
France,Carrefour,Carrefour Express,Rue du Parc Mail,1,22460,Uzel,Rue du Parc Mail 1 22460 Uzel France,way,150924844,48.2809295,-2.839609,OpenStreetMap via Overpass API
France,Carrefour,Carrefour City,Avenue de la Gare,10,30700,Uzès,Avenue de la Gare 10 30700 Uzès France,node,1654881025,44.011602,4.4149348,OpenStreetMap via Overpass API
France,Carrefour,Carrefour,Rue de Caron,,73440,Val Thorens,Rue de Caron 73440 Val Thorens France,node,1165518207,45.2981997,6.5801851,OpenStreetMap via Overpass API
France,Carrefour,Carrefour City,Rue du Quesnoy,7,59300,Valenciennes,Rue du Quesnoy 7 59300 Valenciennes France,node,4430969120,50.3583413,3.5251,OpenStreetMap via Overpass API
France,Carrefour,Carrefour Market,Chemin des Artisans,37,74520,Valleiry,Chemin des Artisans 37 74520 Valleiry France,way,169083909,46.1091827,5.9753058,OpenStreetMap via Overpass API
France,Carrefour,Carrefour,Avenue de la Vallée d'Or,40,73450,Valloire,Avenue de la Vallée d'Or 40 73450 Valloire France,way,130913977,45.1637633,6.425388,OpenStreetMap via Overpass API
France,Carrefour,Carrefour Montagne,Place de Roche Noire,102,73450,Valmeinier,Place de Roche Noire 102 73450 Valmeinier France,node,2765625818,45.1729941,6.4981295,OpenStreetMap via Overpass API
France,Carrefour,Carrefour Contact,Rue Albert Bellavoine,2,76540,Valmont,Rue Albert Bellavoine 2 76540 Valmont France,way,391300025,49.7454262,0.5115764,OpenStreetMap via Overpass API
France,Carrefour,Carrefour,Avenue Jeanne d'Arc,,43750,Vals-près-le-Puy,Avenue Jeanne d'Arc 43750 Vals-près-le-Puy France,node,1716280002,45.0247978,3.8805939,OpenStreetMap via Overpass API
France,Carrefour,Carrefour Market,Avenue René de Kerviler,,56000,Vannes,Avenue René de Kerviler 56000 Vannes France,way,144829902,47.642966,-2.7411057,OpenStreetMap via Overpass API
France,Carrefour,Carrefour,Avenue de la Marne,95,56000,Vannes,Avenue de la Marne 95 56000 Vannes France,node,30079355,47.6586202,-2.7919534,OpenStreetMap via Overpass API
France,Carrefour,Carrefour City,Avenue du Maréchal de Lattre de Tassigny,22,56000,Vannes,Avenue du Maréchal de Lattre de Tassigny 22 56000 Vannes France,node,10867665204,47.6463749,-2.7592725,OpenStreetMap via Overpass API
France,Carrefour,Carrefour City,Rue Jacques de Thézac,3,56000,Vannes,Rue Jacques de Thézac 3 56000 Vannes France,node,4867624357,47.6589608,-2.7753675,OpenStreetMap via Overpass API
France,Carrefour,Carrefour City,Rue Robert Schuman,23,56000,Vannes,Rue Robert Schuman 23 56000 Vannes France,way,145201128,47.650361,-2.7701965,OpenStreetMap via Overpass API
France,Carrefour,Carrefour City,Rue Raymond Marcheron,16,92170,Vanves,Rue Raymond Marcheron 16 92170 Vanves France,node,9093930438,48.8184783,2.2861629,OpenStreetMap via Overpass API
France,Carrefour,Carrefour,Avenue de Chazeuil,98,03150,Varennes-sur-Allier,Avenue de Chazeuil 98 03150 Varennes-sur-Allier France,node,2392674813,46.3169348,3.397558,OpenStreetMap via Overpass API
France,Carrefour,Carrefour Contact,La Criere,,14410,Vassy,La Criere 14410 Vassy France,way,460973242,48.8533468,-0.6641102,OpenStreetMap via Overpass API
France,Carrefour,Carrefour Market,Avenue Henri Planchet,12,42340,Veauche,Avenue Henri Planchet 12 42340 Veauche France,way,63052568,45.5626273,4.2909365,OpenStreetMap via Overpass API
France,Carrefour,Carrefour Express,Rue des Fourches,16,25530,Vercel-Villedieu-le-Camp,Rue des Fourches 16 25530 Vercel-Villedieu-le-Camp France,way,127556810,47.1821645,6.3955705,OpenStreetMap via Overpass API
France,Carrefour,Carrefour Express,Aire des Portes d'Angers,,49480,Verrières-en-Anjou,Aire des Portes d'Angers 49480 Verrières-en-Anjou France,node,9692629899,47.5002968,-0.4901545,OpenStreetMap via Overpass API
France,Carrefour,Carrefour Contact,Rue des Petits Ruisseaux,1,91370,Verrières-le-Buisson,Rue des Petits Ruisseaux 1 91370 Verrières-le-Buisson France,node,1888337079,48.745863,2.2832119,OpenStreetMap via Overpass API
France,Carrefour,Carrefour City,Rue Albert Sarraut,1,78000,Versailles,Rue Albert Sarraut 1 78000 Versailles France,node,1414667125,48.7962784,2.1543205,OpenStreetMap via Overpass API
France,Carrefour,Carrefour City,Rue des États Généraux,41,78000,Versailles,Rue des États Généraux 41 78000 Versailles France,node,2004029048,48.7984434,2.1346242,OpenStreetMap via Overpass API
France,Carrefour,Carrefour City,Place du Grand Village,,77240,Vert-Saint-Denis,Place du Grand Village 77240 Vert-Saint-Denis France,node,3412803131,48.5651181,2.6107413,OpenStreetMap via Overpass API
France,Carrefour,Carrefour Market,Allées les Allees,,62180,Verton,Allées les Allees 62180 Verton France,way,123430590,50.409642,1.6460935,OpenStreetMap via Overpass API
France,Carrefour,Carrefour Market,Place Sohier,,02140,Vervins,Place Sohier 02140 Vervins France,node,1585980203,49.8349518,3.9093108,OpenStreetMap via Overpass API
France,Carrefour,Carrefour Market,Route de Gap,,05400,Veynes,Route de Gap 05400 Veynes France,way,112905125,44.543213,5.845147,OpenStreetMap via Overpass API
France,Carrefour,Carrefour,Allée des Ailes,,03200,Vichy,Allée des Ailes 03200 Vichy France,way,90602720,46.1445542,3.413304,OpenStreetMap via Overpass API
France,Carrefour,Carrefour,Route de Villoison,,91100,Villabé,Route de Villoison 91100 Villabé France,way,79650576,48.5835867,2.4499733,OpenStreetMap via Overpass API
France,Carrefour,Carrefour Express,Avenue de Bonatray,154,74370,Villaz,Avenue de Bonatray 154 74370 Villaz France,way,62448000,45.9510375,6.1920758,OpenStreetMap via Overpass API
France,Carrefour,Carrefour,Route de Vendôme,,41000,Villebarou,Route de Vendôme 41000 Villebarou France,way,250216352,47.6227301,1.2975586,OpenStreetMap via Overpass API
France,Carrefour,Carrefour City,Rue du Lieutenant Dagorno,51,94440,Villecresnes,Rue du Lieutenant Dagorno 51 94440 Villecresnes France,node,5525362047,48.722549,2.5334972,OpenStreetMap via Overpass API
France,Carrefour,Carrefour,Boulevard Burdeau,1110,69400,Villefranche-sur-Saône,Boulevard Burdeau 1110 69400 Villefranche-sur-Saône France,node,1389285791,45.9954501,4.7328443,OpenStreetMap via Overpass API
France,Carrefour,Carrefour,Rue de Roncevaux,124,69400,Villefranche-sur-Saône,Rue de Roncevaux 124 69400 Villefranche-sur-Saône France,node,7156148849,45.9953837,4.7173925,OpenStreetMap via Overpass API
France,Carrefour,Carrefour Market,Rue de Stalingrad,169,69400,Villefranche-sur-Saône,Rue de Stalingrad 169 69400 Villefranche-sur-Saône France,node,4394522858,45.9856124,4.7203695,OpenStreetMap via Overpass API
France,Carrefour,Carrefour Contact,Clos Chabot,,16140,Villejesus,Clos Chabot 16140 Villejesus France,way,299837401,45.9002355,0.01479,OpenStreetMap via Overpass API
France,Carrefour,Carrefour City,Allée des Jardins de Courréjean,,33140,Villenave-d'Ornon,Allée des Jardins de Courréjean 33140 Villenave-d'Ornon France,node,8146478093,44.774684,-0.528195,OpenStreetMap via Overpass API
France,Carrefour,Carrefour City,Place Aristide Briand,2,33140,Villenave-d'Ornon,Place Aristide Briand 2 33140 Villenave-d'Ornon France,node,12222564993,44.7822038,-0.5664079,OpenStreetMap via Overpass API
France,Carrefour,Carrefour Contact,Route de Léognan,63,33140,Villenave-d'Ornon,Route de Léognan 63 33140 Villenave-d'Ornon France,way,139704549,44.767527,-0.58049,OpenStreetMap via Overpass API
France,Carrefour,Carrefour Express,Avenue de Cugnaux,4,31270,Villeneuve-Tolosane,Avenue de Cugnaux 4 31270 Villeneuve-Tolosane France,node,3736086425,43.5261741,1.3410829,OpenStreetMap via Overpass API
France,Carrefour,Carrefour Contact,Route de Roques,2,31270,Villeneuve-Tolosane,Route de Roques 2 31270 Villeneuve-Tolosane France,node,13617851857,43.5184962,1.3443539,OpenStreetMap via Overpass API
France,Carrefour,Carrefour City,Place de Verdun,1,59650,Villeneuve-d'Ascq,Place de Verdun 1 59650 Villeneuve-d'Ascq France,node,5747642210,50.6208052,3.1444092,OpenStreetMap via Overpass API
France,Carrefour,Carrefour Market,Place de la République,10,59650,Villeneuve-d'Ascq,Place de la République 10 59650 Villeneuve-d'Ascq France,way,77891579,50.6255505,3.1505136,OpenStreetMap via Overpass API
France,Carrefour,Carrefour Express,Rue du Général Leclerc,6,59650,Villeneuve-d'Ascq,Rue du Général Leclerc 6 59650 Villeneuve-d'Ascq France,way,77463739,50.6367831,3.1282382,OpenStreetMap via Overpass API
France,Carrefour,Carrefour Market,Avenue Jean Jaurès,780,40190,Villeneuve-de-Marsan,Avenue Jean Jaurès 780 40190 Villeneuve-de-Marsan France,way,401210631,43.8855528,-0.3110563,OpenStreetMap via Overpass API
France,Carrefour,Carrefour Contact,Avenue de la Gare,,89190,Villeneuve-l'Archevêque,Avenue de la Gare 89190 Villeneuve-l'Archevêque France,way,173174417,48.23774,3.5533105,OpenStreetMap via Overpass API
France,Carrefour,Carrefour City,Avenue de Touraine,6,78450,Villepreux,Avenue de Touraine 6 78450 Villepreux France,node,12109909443,48.8273162,2.0009544,OpenStreetMap via Overpass API
France,Carrefour,Carrefour City,Avenue de Paris,101,94300,Vincennes,Avenue de Paris 101 94300 Vincennes France,node,3142574312,48.8459425,2.421386,OpenStreetMap via Overpass API
France,Carrefour,Carrefour Market,Place Jean-Spire-Lemaître,,94300,Vincennes,Place Jean-Spire-Lemaître 94300 Vincennes France,node,2868013767,48.8471147,2.4524637,OpenStreetMap via Overpass API
France,Carrefour,Carrefour City,Rue Massue,31,94300,Vincennes,Rue Massue 31 94300 Vincennes France,node,5216092836,48.8479618,2.4230723,OpenStreetMap via Overpass API
France,Carrefour,Carrefour City,Rue de Fontenay,134,94300,Vincennes,Rue de Fontenay 134 94300 Vincennes France,node,7419791053,48.8484809,2.4364786,OpenStreetMap via Overpass API
France,Carrefour,Carrefour Market,Chemin du Plan,,83560,Vinon-sur-Verdon,Chemin du Plan 83560 Vinon-sur-Verdon France,way,215761847,43.7288066,5.8021537,OpenStreetMap via Overpass API
France,Carrefour,Carrefour Market Drive,Chemin du Plan,,83560,Vinon-sur-Verdon,Chemin du Plan 83560 Vinon-sur-Verdon France,node,4474995996,43.7286567,5.8017104,OpenStreetMap via Overpass API
France,Carrefour,Carrefour Contact,Passage Grand Angle,9,74580,Viry,Passage Grand Angle 9 74580 Viry France,node,3873072901,46.1169909,6.038565,OpenStreetMap via Overpass API
France,Carrefour,Carrefour City,Avenue Eugène Pelletan,3,94400,Vitry-sur-Seine,Avenue Eugène Pelletan 3 94400 Vitry-sur-Seine France,node,2137684281,48.7925469,2.3860677,OpenStreetMap via Overpass API
France,Carrefour,Carrefour Market,Avenue du Général de Gaulle,78,78140,Vélizy-Villacoublay,Avenue du Général de Gaulle 78 78140 Vélizy-Villacoublay France,node,206194380,48.7844815,2.1818283,OpenStreetMap via Overpass API
France,Carrefour,Carrefour Express,Rue François Mauriac,8bis,95470,Vémars,Rue François Mauriac 8bis 95470 Vémars France,way,131782491,49.0689585,2.568697,OpenStreetMap via Overpass API
France,Carrefour,Carrefour City,Rue du Général Leclerc,110,59118,Wambrechies,Rue du Général Leclerc 110 59118 Wambrechies France,way,328330870,50.6843697,3.0457377,OpenStreetMap via Overpass API
France,Carrefour,Carrefour,Avenue du Grand Cottignies,,59290,Wasquehal,Avenue du Grand Cottignies 59290 Wasquehal France,relation,1235874,50.6810056,3.1233915,OpenStreetMap via Overpass API
France,Carrefour,Carrefour Express,Rue Louis Lejeune,28,59290,Wasquehal,Rue Louis Lejeune 28 59290 Wasquehal France,way,82265970,50.6860565,3.1446135,OpenStreetMap via Overpass API
France,Carrefour,Carrefour Express,Rue de l'Yser,4,59139,Wattignies,Rue de l'Yser 4 59139 Wattignies France,node,8839116160,50.5818172,3.0438129,OpenStreetMap via Overpass API
France,Carrefour,Carrefour Express,Rue Principale,88,67500,Weitbruch,Rue Principale 88 67500 Weitbruch France,node,13323643065,48.7556005,7.7776283,OpenStreetMap via Overpass API
France,Carrefour,Carrefour Market,Rue Raoul Lebeurre,,62126,Wimille,Rue Raoul Lebeurre 62126 Wimille France,way,123298713,50.7645765,1.6176695,OpenStreetMap via Overpass API
France,Carrefour,Carrefour City,Cours de la Marne,53,33800,bordeaux,Cours de la Marne 53 33800 bordeaux France,node,2527923568,44.8299918,-0.5693354,OpenStreetMap via Overpass API
France,Carrefour,Carrefour City,Rue Pierre Andron,36,33520,bruges,Rue Pierre Andron 36 33520 bruges France,node,7021581792,44.883909,-0.6038552,OpenStreetMap via Overpass API
France,Carrefour,Carrefour Market,Rue de Bleue-Maison,,62910,Éperlecques,Rue de Bleue-Maison 62910 Éperlecques France,node,767101446,50.8220695,2.2006022,OpenStreetMap via Overpass API
France,Carrefour,Carrefour Market,Rue Aristide Briand,,76133,Épouville,Rue Aristide Briand 76133 Épouville France,way,125899001,49.562588,0.2201175,OpenStreetMap via Overpass API
France,Carrefour,Carrefour Express,Rue de l'Abbé Coppin,14,62224,Équihen-Plage,Rue de l'Abbé Coppin 14 62224 Équihen-Plage France,way,1191304393,50.6788449,1.5714371,OpenStreetMap via Overpass API
France,Carrefour,Carrefour Express,Rue Goffin,1,55400,Étain,Rue Goffin 1 55400 Étain France,way,150645671,49.2138403,5.6348698,OpenStreetMap via Overpass API
France,Carrefour,Carrefour Market,Route de Boulogne,,62530,Étaples,Route de Boulogne 62530 Étaples France,way,156559509,50.5158725,1.646123,OpenStreetMap via Overpass API
France,Carrefour,Carrefour City,Rue du Port,6,62630,Étaples,Rue du Port 6 62630 Étaples France,node,2959004201,50.5135424,1.6369646,OpenStreetMap via Overpass API
France,Carrefour,Carrefour City,Rue Alphonse Karr,4,76790,Étretat,Rue Alphonse Karr 4 76790 Étretat France,node,4096940436,49.706812,0.2043555,OpenStreetMap via Overpass API
France,Carrefour,Carrefour Market,Avenue des Bocquies,7,74500,Évian-les-Bains,Avenue des Bocquies 7 74500 Évian-les-Bains France,way,66978180,46.396319,6.5730475,OpenStreetMap via Overpass API
France,Carrefour,Carrefour City,Place Dupont de l'Eure,21,27000,Évreux,Place Dupont de l'Eure 21 27000 Évreux France,node,12881256566,49.0301945,1.1526439,OpenStreetMap via Overpass API
France,Carrefour,Carrefour,Boulevard de l'Europe,,91000,Évry,Boulevard de l'Europe 91000 Évry France,node,2211393995,48.6282393,2.425495,OpenStreetMap via Overpass API
Netherlands,Albert Heijn,Albert Heijn,Ambachtsgaarde,162,2542EJ,'s-Gravenhage,Ambachtsgaarde 162 2542EJ 's-Gravenhage Netherlands,node,34044390,52.0346704,4.2653449,OpenStreetMap via Overpass API
Netherlands,Albert Heijn,Albert Heijn,Amsterdamsestraat,9,2587CN,'s-Gravenhage,Amsterdamsestraat 9 2587CN 's-Gravenhage Netherlands,node,34044635,52.1118054,4.2877102,OpenStreetMap via Overpass API
Netherlands,Albert Heijn,Albert Heijn,Apeldoornselaan,266,2573LW,'s-Gravenhage,Apeldoornselaan 266 2573LW 's-Gravenhage Netherlands,node,2729483927,52.066021,4.2817869,OpenStreetMap via Overpass API
Netherlands,Albert Heijn,Albert Heijn,Betje Wolffstraat,134,2533HT,'s-Gravenhage,Betje Wolffstraat 134 2533HT 's-Gravenhage Netherlands,node,1950391867,52.048927,4.2910989,OpenStreetMap via Overpass API
Netherlands,Albert Heijn,Albert Heijn,Binckhorstlaan,137,2516BA,'s-Gravenhage,Binckhorstlaan 137 2516BA 's-Gravenhage Netherlands,node,11686063849,52.0679662,4.3377732,OpenStreetMap via Overpass API
Netherlands,Albert Heijn,Albert Heijn,Conradkade,67,2517BS,'s-Gravenhage,Conradkade 67 2517BS 's-Gravenhage Netherlands,node,34045643,52.0806052,4.2846234,OpenStreetMap via Overpass API
Netherlands,Albert Heijn,Albert Heijn,De Stede,10,2543BG,'s-Gravenhage,De Stede 10 2543BG 's-Gravenhage Netherlands,node,34044395,52.0429615,4.2610868,OpenStreetMap via Overpass API
Netherlands,Albert Heijn,Albert Heijn,Escamplaan,281,2547EA,'s-Gravenhage,Escamplaan 281 2547EA 's-Gravenhage Netherlands,node,726498302,52.0620902,4.2700917,OpenStreetMap via Overpass API
Netherlands,Albert Heijn,Albert Heijn,Fahrenheitstraat,709,2561DE,'s-Gravenhage,Fahrenheitstraat 709 2561DE 's-Gravenhage Netherlands,node,1925327550,52.0802958,4.2679535,OpenStreetMap via Overpass API
Netherlands,Albert Heijn,Albert Heijn,Frederik Hendriklaan,80,2582BE,'s-Gravenhage,Frederik Hendriklaan 80 2582BE 's-Gravenhage Netherlands,node,34044634,52.0942335,4.2772763,OpenStreetMap via Overpass API
Netherlands,Albert Heijn,Albert Heijn,Goeverneurplein,20,2523EC,'s-Gravenhage,Goeverneurplein 20 2523EC 's-Gravenhage Netherlands,node,34045475,52.0555477,4.3142656,OpenStreetMap via Overpass API
Netherlands,Albert Heijn,Albert Heijn,Grote Marktstraat,5-7,2511BH,'s-Gravenhage,Grote Marktstraat 5-7 2511BH 's-Gravenhage Netherlands,node,792621127,52.0754869,4.3097155,OpenStreetMap via Overpass API
Netherlands,Albert Heijn,Albert Heijn,Grote Marktstraat,55A,2511BH,'s-Gravenhage,Grote Marktstraat 55A 2511BH 's-Gravenhage Netherlands,node,2965085775,52.0765906,4.3130487,OpenStreetMap via Overpass API
Netherlands,Albert Heijn,Albert Heijn,Het Kleine Loo,342,2592CK,'s-Gravenhage,Het Kleine Loo 342 2592CK 's-Gravenhage Netherlands,node,9120627323,52.0918359,4.3567207,OpenStreetMap via Overpass API
Netherlands,Albert Heijn,Albert Heijn,Hildo Kroplaan,20,2552XS,'s-Gravenhage,Hildo Kroplaan 20 2552XS 's-Gravenhage Netherlands,node,34045469,52.0548021,4.250892,OpenStreetMap via Overpass API
Netherlands,Albert Heijn,Albert Heijn,Hobbemastraat,171,2526JJ,'s-Gravenhage,Hobbemastraat 171 2526JJ 's-Gravenhage Netherlands,node,2727884168,52.0684353,4.3012552,OpenStreetMap via Overpass API
Netherlands,Albert Heijn,Albert Heijn,Hofweg,11,2511AA,'s-Gravenhage,Hofweg 11 2511AA 's-Gravenhage Netherlands,node,2722488580,52.0782743,4.3128443,OpenStreetMap via Overpass API
Netherlands,Albert Heijn,Albert Heijn,Keizerstraat,342,2584BP,'s-Gravenhage,Keizerstraat 342 2584BP 's-Gravenhage Netherlands,node,2590940053,52.1042267,4.2762462,OpenStreetMap via Overpass API
Netherlands,Albert Heijn,Albert Heijn,Koningin Julianaplein,104,2595AA,'s-Gravenhage,Koningin Julianaplein 104 2595AA 's-Gravenhage Netherlands,node,5273984672,52.0822274,4.3243217,OpenStreetMap via Overpass API
Netherlands,Albert Heijn,Albert Heijn,Laan van Meerdervoort,52,2517AM,'s-Gravenhage,Laan van Meerdervoort 52 2517AM 's-Gravenhage Netherlands,node,792621132,52.0853196,4.2965273,OpenStreetMap via Overpass API
Netherlands,Albert Heijn,Albert Heijn,Laan van Wateringse Veld,688,2548CM,'s-Gravenhage,Laan van Wateringse Veld 688 2548CM 's-Gravenhage Netherlands,node,410296036,52.0304342,4.288031,OpenStreetMap via Overpass API
Netherlands,Albert Heijn,Albert Heijn,Loosduinse Hoofdplein,260,2553CT,'s-Gravenhage,Loosduinse Hoofdplein 260 2553CT 's-Gravenhage Netherlands,node,34045470,52.0527523,4.2344391,OpenStreetMap via Overpass API
Netherlands,Albert Heijn,Albert Heijn,Lorentzplein,76,2522EH,'s-Gravenhage,Lorentzplein 76 2522EH 's-Gravenhage Netherlands,node,5272707973,52.0609837,4.328559,OpenStreetMap via Overpass API
Netherlands,Albert Heijn,Albert Heijn,Parijsplein,19,2548VL,'s-Gravenhage,Parijsplein 19 2548VL 's-Gravenhage Netherlands,node,428860461,52.0197578,4.2973022,OpenStreetMap via Overpass API
Netherlands,Albert Heijn,Albert Heijn,Simon Carmiggelthof,55,2492JR,'s-Gravenhage,Simon Carmiggelthof 55 2492JR 's-Gravenhage Netherlands,node,2608631394,52.0648309,4.4021519,OpenStreetMap via Overpass API
Netherlands,Albert Heijn,Albert Heijn,Stationsplein,75,2515BX,'s-Gravenhage,Stationsplein 75 2515BX 's-Gravenhage Netherlands,node,3123841265,52.070692,4.3222606,OpenStreetMap via Overpass API
Netherlands,Albert Heijn,Albert Heijn,Stationsweg,16,2515BN,'s-Gravenhage,Stationsweg 16 2515BN 's-Gravenhage Netherlands,node,1938130639,52.0736708,4.3184231,OpenStreetMap via Overpass API
Netherlands,Albert Heijn,Albert Heijn,Steijnlaan,106,2571RH,'s-Gravenhage,Steijnlaan 106 2571RH 's-Gravenhage Netherlands,node,5147994371,52.0682756,4.2898381,OpenStreetMap via Overpass API
Netherlands,Albert Heijn,Albert Heijn,Sumatrastraat,8,2585CS,'s-Gravenhage,Sumatrastraat 8 2585CS 's-Gravenhage Netherlands,node,34044648,52.0919427,4.3043126,OpenStreetMap via Overpass API
Netherlands,Albert Heijn,Albert Heijn,Theo Mann-Bouwmeesterlaan,9,2597GV,'s-Gravenhage,Theo Mann-Bouwmeesterlaan 9 2597GV 's-Gravenhage Netherlands,node,4149872227,52.104825,4.3237825,OpenStreetMap via Overpass API
Netherlands,Albert Heijn,Albert Heijn,Theresiastraat,182,2593AV,'s-Gravenhage,Theresiastraat 182 2593AV 's-Gravenhage Netherlands,node,2704594315,52.0860188,4.3362981,OpenStreetMap via Overpass API
Netherlands,Albert Heijn,Albert Heijn,Theresiastraat,75,2593AB,'s-Gravenhage,Theresiastraat 75 2593AB 's-Gravenhage Netherlands,node,34044413,52.0839381,4.3322813,OpenStreetMap via Overpass API
Netherlands,Albert Heijn,Albert Heijn,Thomas Mannsingel,24,2553DA,'s-Gravenhage,Thomas Mannsingel 24 2553DA 's-Gravenhage Netherlands,node,11591057888,52.0402543,4.2340334,OpenStreetMap via Overpass API
Netherlands,Albert Heijn,Albert Heijn,Torenstraat,27,2513BN,'s-Gravenhage,Torenstraat 27 2513BN 's-Gravenhage Netherlands,node,34044402,52.0777507,4.3058926,OpenStreetMap via Overpass API
Netherlands,Albert Heijn,Albert Heijn,Turfmarkt,103,2511DP,'s-Gravenhage,Turfmarkt 103 2511DP 's-Gravenhage Netherlands,node,1803286500,52.0789229,4.3207167,OpenStreetMap via Overpass API
Netherlands,Albert Heijn,Albert Heijn,Valkenboslaan,173E,2563CK,'s-Gravenhage,Valkenboslaan 173E 2563CK 's-Gravenhage Netherlands,node,1894856982,52.072543,4.275068,OpenStreetMap via Overpass API
Netherlands,Albert Heijn,Albert Heijn,Weimarstraat,118,2562HC,'s-Gravenhage,Weimarstraat 118 2562HC 's-Gravenhage Netherlands,node,1976782960,52.0759707,4.2815693,OpenStreetMap via Overpass API
Netherlands,Albert Heijn,Albert Heijn,Weissenbruchstraat,116,2596GK,'s-Gravenhage,Weissenbruchstraat 116 2596GK 's-Gravenhage Netherlands,node,34044416,52.0902843,4.3205199,OpenStreetMap via Overpass API
Netherlands,Albert Heijn,Albert Heijn,Willem de Zwijgerlaan,51,2582EG,'s-Gravenhage,Willem de Zwijgerlaan 51 2582EG 's-Gravenhage Netherlands,node,2590947179,52.0908707,4.2738102,OpenStreetMap via Overpass API
Netherlands,Albert Heijn,Albert Heijn,Oudelandstraat,16,2691CE,'s-Gravenzande,Oudelandstraat 16 2691CE 's-Gravenzande Netherlands,node,2750744853,52.0003396,4.1641856,OpenStreetMap via Overpass API
Netherlands,Albert Heijn,Albert Heijn,Arena,16,5211XT,'s-Hertogenbosch,Arena 16 5211XT 's-Hertogenbosch Netherlands,node,34044503,51.6915074,5.3038513,OpenStreetMap via Overpass API
Netherlands,Albert Heijn,Albert Heijn,Gruttostraat,23,5212VM,'s-Hertogenbosch,Gruttostraat 23 5212VM 's-Hertogenbosch Netherlands,node,429685299,51.7009327,5.3023027,OpenStreetMap via Overpass API
Netherlands,Albert Heijn,Albert Heijn,Helftheuvelpassage,1,5224AA,'s-Hertogenbosch,Helftheuvelpassage 1 5224AA 's-Hertogenbosch Netherlands,node,2741677813,51.6967602,5.2668658,OpenStreetMap via Overpass API
Netherlands,Albert Heijn,Albert Heijn,Lokerenpassage,25,5235KR,'s-Hertogenbosch,Lokerenpassage 25 5235KR 's-Hertogenbosch Netherlands,node,4959725010,51.7261794,5.3084674,OpenStreetMap via Overpass API
Netherlands,Albert Heijn,Albert Heijn,Mgr. Van Roosmalenplein,19,5213GC,'s-Hertogenbosch,Mgr. Van Roosmalenplein 19 5213GC 's-Hertogenbosch Netherlands,node,6625108645,51.6962008,5.3294799,OpenStreetMap via Overpass API
Netherlands,Albert Heijn,Albert Heijn,Rompertpassage,45,5233AP,'s-Hertogenbosch,Rompertpassage 45 5233AP 's-Hertogenbosch Netherlands,node,2755777467,51.7130349,5.3132283,OpenStreetMap via Overpass API
Netherlands,Albert Heijn,Albert Heijn,Vughterstraat,46,5211GJ,'s-Hertogenbosch,Vughterstraat 46 5211GJ 's-Hertogenbosch Netherlands,node,631764539,51.6871663,5.3012435,OpenStreetMap via Overpass API
Netherlands,Albert Heijn,Albert Heijn,Sportlaan,5,8084VA,'t Harde,Sportlaan 5 8084VA 't Harde Netherlands,node,4815940060,52.4152349,5.882272,OpenStreetMap via Overpass API
Netherlands,Albert Heijn,Albert Heijn,Poldermeesterplein,1,1432JZ,Aalsmeer,Poldermeesterplein 1 1432JZ Aalsmeer Netherlands,node,2776950318,52.2749172,4.7944781,OpenStreetMap via Overpass API
Netherlands,Albert Heijn,Albert Heijn,Praamplein,4A,1431CV,Aalsmeer,Praamplein 4A 1431CV Aalsmeer Netherlands,node,2767063922,52.2682473,4.7464845,OpenStreetMap via Overpass API
Netherlands,Albert Heijn,Albert Heijn,De Hoven,25,7122BJ,Aalten,De Hoven 25 7122BJ Aalten Netherlands,node,34044617,51.927225,6.5791899,OpenStreetMap via Overpass API
Netherlands,Albert Heijn,Albert Heijn,Dokter van Doornplein,2,1391LT,Abcoude,Dokter van Doornplein 2 1391LT Abcoude Netherlands,node,191958906,52.2728817,4.9733971,OpenStreetMap via Overpass API
Netherlands,Albert Heijn,Albert Heijn,Raadhuisweg,3,1921AA,Akersloot,Raadhuisweg 3 1921AA Akersloot Netherlands,node,2807404396,52.5608401,4.7302568,OpenStreetMap via Overpass API
Netherlands,Albert Heijn,Albert Heijn,Makado-Center,41,2951EH,Alblasserdam,Makado-Center 41 2951EH Alblasserdam Netherlands,node,429685292,51.8638572,4.6575937,OpenStreetMap via Overpass API
Netherlands,Albert Heijn,Albert Heijn,Europaboulevard,26,1825SB,Alkmaar,Europaboulevard 26 1825SB Alkmaar Netherlands,node,2900586401,52.6546896,4.757298,OpenStreetMap via Overpass API
Netherlands,Albert Heijn,Albert Heijn,Geert Groteplein,7,1813BM,Alkmaar,Geert Groteplein 7 1813BM Alkmaar Netherlands,node,1992122614,52.6192904,4.7479847,OpenStreetMap via Overpass API
Netherlands,Albert Heijn,Albert Heijn,Kwakelkade,10E,1823CK,Alkmaar,Kwakelkade 10E 1823CK Alkmaar Netherlands,node,11891357092,52.6345683,4.7511862,OpenStreetMap via Overpass API
Netherlands,Albert Heijn,Albert Heijn,Oudorperplein,27,1823HA,Alkmaar,Oudorperplein 27 1823HA Alkmaar Netherlands,node,703652004,52.6343632,4.7660737,OpenStreetMap via Overpass API
Netherlands,Albert Heijn,Albert Heijn,Van Ostadelaan,294,1816JH,Alkmaar,Van Ostadelaan 294 1816JH Alkmaar Netherlands,node,34044723,52.631632,4.723528,OpenStreetMap via Overpass API
Netherlands,Albert Heijn,Albert Heijn,Binnenhof,33,7608KH,Almelo,Binnenhof 33 7608KH Almelo Netherlands,node,34045886,52.3791101,6.6785519,OpenStreetMap via Overpass API
Netherlands,Albert Heijn,Albert Heijn,De Gors,27,7609DZ,Almelo,De Gors 27 7609DZ Almelo Netherlands,node,34045827,52.3359398,6.6302818,OpenStreetMap via Overpass API
Netherlands,Albert Heijn,Albert Heijn,Nieuwstraat,169,7605AD,Almelo,Nieuwstraat 169 7605AD Almelo Netherlands,node,2940993132,52.3485077,6.6510569,OpenStreetMap via Overpass API
Netherlands,Albert Heijn,Albert Heijn,'s-Hertogenboschplein,15,1324WB,Almere,'s-Hertogenboschplein 15 1324WB Almere Netherlands,node,2839650157,52.3599561,5.20538,OpenStreetMap via Overpass API
Netherlands,Albert Heijn,Albert Heijn,Botplein,15,1317SK,Almere,Botplein 15 1317SK Almere Netherlands,node,3172223896,52.3890952,5.2317157,OpenStreetMap via Overpass API
Netherlands,Albert Heijn,Albert Heijn,Hongarijeplaats,2,1363CA,Almere,Hongarijeplaats 2 1363CA Almere Netherlands,node,560115871,52.3460627,5.1529074,OpenStreetMap via Overpass API
Netherlands,Albert Heijn,Albert Heijn,Juan Grisstraat,44,1328KA,Almere,Juan Grisstraat 44 1328KA Almere Netherlands,node,2842839268,52.3719458,5.2658209,OpenStreetMap via Overpass API
Netherlands,Albert Heijn,Albert Heijn,Lavendelplantsoen,60,1313GA,Almere,Lavendelplantsoen 60 1313GA Almere Netherlands,node,34044808,52.3822688,5.1987431,OpenStreetMap via Overpass API
Netherlands,Albert Heijn,Albert Heijn,Lombokstraat,2,1335JR,Almere,Lombokstraat 2 1335JR Almere Netherlands,node,9210861617,52.4022789,5.3000444,OpenStreetMap via Overpass API
Netherlands,Albert Heijn,Albert Heijn,Margaret Cavendishweg,95,1349BN,Almere,Margaret Cavendishweg 95 1349BN Almere Netherlands,node,9183522999,52.3472859,5.3329662,OpenStreetMap via Overpass API
Netherlands,Albert Heijn,Albert Heijn,Markenlaan,3,1355BA,Almere,Markenlaan 3 1355BA Almere Netherlands,node,3076365340,52.3417762,5.2261934,OpenStreetMap via Overpass API
Netherlands,Albert Heijn,Albert Heijn,Meerveldplein,3,1359HM,Almere,Meerveldplein 3 1359HM Almere Netherlands,node,4552423004,52.3428205,5.2025589,OpenStreetMap via Overpass API
Netherlands,Albert Heijn,Albert Heijn,Olivier van Noortstraat,32,1363LS,Almere,Olivier van Noortstraat 32 1363LS Almere Netherlands,node,4386679795,52.3523178,5.1393466,OpenStreetMap via Overpass API
Netherlands,Albert Heijn,Albert Heijn,Rimsky-Korssakovweg,9,1323LP,Almere,Rimsky-Korssakovweg 9 1323LP Almere Netherlands,node,34045788,52.3669011,5.190668,OpenStreetMap via Overpass API
Netherlands,Albert Heijn,Albert Heijn,Rio de Janeiroplein,1,1334HE,Almere,Rio de Janeiroplein 1 1334HE Almere Netherlands,node,34044779,52.3944911,5.2808511,OpenStreetMap via Overpass API
Netherlands,Albert Heijn,Albert Heijn,Salsastraat,81,1326PC,Almere,Salsastraat 81 1326PC Almere Netherlands,node,2842513345,52.365788,5.2563916,OpenStreetMap via Overpass API
Netherlands,Albert Heijn,Albert Heijn,Watercipresstraat,15,1326CM,Almere,Watercipresstraat 15 1326CM Almere Netherlands,node,34044785,52.3760102,5.2435034,OpenStreetMap via Overpass API
Netherlands,Albert Heijn,Albert Heijn,Voorstraat,2a,4286AL,Almkerk,Voorstraat 2a 4286AL Almkerk Netherlands,node,34044372,51.7710397,4.9614797,OpenStreetMap via Overpass API
Netherlands,Albert Heijn,Albert Heijn,De Aarhof,61,2406BT,Alphen aan den Rijn,De Aarhof 61 2406BT Alphen aan den Rijn Netherlands,node,2902517696,52.1296104,4.6655263,OpenStreetMap via Overpass API
Netherlands,Albert Heijn,Albert Heijn,Herenhof,74,2402DN,Alphen aan den Rijn,Herenhof 74 2402DN Alphen aan den Rijn Netherlands,node,2877478289,52.1514594,4.6604157,OpenStreetMap via Overpass API
Netherlands,Albert Heijn,Albert Heijn,Ridderhof,2,2402EN,Alphen aan den Rijn,Ridderhof 2 2402EN Alphen aan den Rijn Netherlands,node,5064274319,52.1448897,4.6742198,OpenStreetMap via Overpass API
Netherlands,Albert Heijn,Albert Heijn,Prinsengracht,32,4233EW,Ameide,Prinsengracht 32 4233EW Ameide Netherlands,node,2807206215,51.9552559,4.9624754,OpenStreetMap via Overpass API
Netherlands,Albert Heijn,Albert Heijn,Albert Schweitzersingel,92,3822BX,Amersfoort,Albert Schweitzersingel 92 3822BX Amersfoort Netherlands,node,34044796,52.1767815,5.4038861,OpenStreetMap via Overpass API
Netherlands,Albert Heijn,Albert Heijn,Amsterdamseweg,45,3812RP,Amersfoort,Amsterdamseweg 45 3812RP Amersfoort Netherlands,node,9528163238,52.1643616,5.366653,OpenStreetMap via Overpass API
Netherlands,Albert Heijn,Albert Heijn,Buma,1,3825ME,Amersfoort,Buma 1 3825ME Amersfoort Netherlands,node,1962671624,52.1959784,5.4307168,OpenStreetMap via Overpass API
Netherlands,Albert Heijn,Albert Heijn,Eemplein,65,3812EA,Amersfoort,Eemplein 65 3812EA Amersfoort Netherlands,node,1973701375,52.1587875,5.3819989,OpenStreetMap via Overpass API
Netherlands,Albert Heijn,Albert Heijn,Emiclaerhof,142,3823ER,Amersfoort,Emiclaerhof 142 3823ER Amersfoort Netherlands,node,792621120,52.1865673,5.396361,OpenStreetMap via Overpass API
Netherlands,Albert Heijn,Albert Heijn,Euterpeplein,43,3816NR,Amersfoort,Euterpeplein 43 3816NR Amersfoort Netherlands,node,34044790,52.1516286,5.4055491,OpenStreetMap via Overpass API
Netherlands,Albert Heijn,Albert Heijn,Leusderweg,79,3818AA,Amersfoort,Leusderweg 79 3818AA Amersfoort Netherlands,node,2683047736,52.1440454,5.3805725,OpenStreetMap via Overpass API
Netherlands,Albert Heijn,Albert Heijn,Noordewierweg,113,3812DD,Amersfoort,Noordewierweg 113 3812DD Amersfoort Netherlands,node,2683428763,52.1598878,5.3665691,OpenStreetMap via Overpass API
Netherlands,Albert Heijn,Albert Heijn,Bourgondischelaan,14-28,1181DD,Amstelveen,Bourgondischelaan 14-28 1181DD Amstelveen Netherlands,node,34044706,52.318013,4.8659286,OpenStreetMap via Overpass API
Netherlands,Albert Heijn,Albert Heijn,Brink,20,1188NC,Amstelveen,Brink 20 1188NC Amstelveen Netherlands,node,34044675,52.2813624,4.8513969,OpenStreetMap via Overpass API
Netherlands,Albert Heijn,Albert Heijn,Groenhof,144,1186EX,Amstelveen,Groenhof 144 1186EX Amstelveen Netherlands,node,34044677,52.2888147,4.8699835,OpenStreetMap via Overpass API
Netherlands,Albert Heijn,Albert Heijn,Maalderij,31,1185ZC,Amstelveen,Maalderij 31 1185ZC Amstelveen Netherlands,node,34045671,52.2887553,4.8394775,OpenStreetMap via Overpass API
Netherlands,Albert Heijn,Albert Heijn,Rembrandthof,49,1181ZL,Amstelveen,Rembrandthof 49 1181ZL Amstelveen Netherlands,node,34044676,52.3033305,4.8601314,OpenStreetMap via Overpass API
Netherlands,Albert Heijn,Albert Heijn,Westelijk Halfrond,70,1183JG,Amstelveen,Westelijk Halfrond 70 1183JG Amstelveen Netherlands,node,255836512,52.3119604,4.8752802,OpenStreetMap via Overpass API
Netherlands,Albert Heijn,Albert Heijn,Westwijkplein,7,1187LS,Amstelveen,Westwijkplein 7 1187LS Amstelveen Netherlands,node,4270081294,52.2815988,4.8257067,OpenStreetMap via Overpass API
Netherlands,Albert Heijn,Albert Heijn,Hoofdstraat,45,6436CB,Amstenrade,Hoofdstraat 45 6436CB Amstenrade Netherlands,node,34044519,50.941377,5.923592,OpenStreetMap via Overpass API
Netherlands,Albert Heijn,Albert Heijn,Amstelveenseweg,186,1075XR,Amsterdam,Amstelveenseweg 186 1075XR Amsterdam Netherlands,node,4460848820,52.3523186,4.8557983,OpenStreetMap via Overpass API
Netherlands,Albert Heijn,Albert Heijn,August Allebéplein,12,1062AC,Amsterdam,August Allebéplein 12 1062AC Amsterdam Netherlands,node,34044730,52.3636734,4.8375816,OpenStreetMap via Overpass API
Netherlands,Albert Heijn,Albert Heijn,Belgiëplein,107,1066RC,Amsterdam,Belgiëplein 107 1066RC Amsterdam Netherlands,node,2808012556,52.3458024,4.8109148,OpenStreetMap via Overpass API
Netherlands,Albert Heijn,Albert Heijn,Bercylaan,5,1031KP,Amsterdam,Bercylaan 5 1031KP Amsterdam Netherlands,node,4249158090,52.3847627,4.9032416,OpenStreetMap via Overpass API
Netherlands,Albert Heijn,Albert Heijn,Bijlmerplein,526,1102DP,Amsterdam,Bijlmerplein 526 1102DP Amsterdam Netherlands,node,34044655,52.3156194,4.9550989,OpenStreetMap via Overpass API
Netherlands,Albert Heijn,Albert Heijn,Bilderdijkstraat,37,1053KK,Amsterdam,Bilderdijkstraat 37 1053KK Amsterdam Netherlands,node,3721693221,52.3708588,4.870686,OpenStreetMap via Overpass API
Netherlands,Albert Heijn,Albert Heijn,Bos en Lommerweg,117,1055DR,Amsterdam,Bos en Lommerweg 117 1055DR Amsterdam Netherlands,node,428078545,52.3818418,4.8559805,OpenStreetMap via Overpass API
Netherlands,Albert Heijn,Albert Heijn,Buikslotermeerplein,310,1025GB,Amsterdam,Buikslotermeerplein 310 1025GB Amsterdam Netherlands,node,3773521963,52.3972389,4.9395408,OpenStreetMap via Overpass API
Netherlands,Albert Heijn,Albert Heijn,Buitenveldertselaan,156,1081AB,Amsterdam,Buitenveldertselaan 156 1081AB Amsterdam Netherlands,node,11413307949,52.325951,4.8682831,OpenStreetMap via Overpass API
Netherlands,Albert Heijn,Albert Heijn,Celebesstraat,43,1094EN,Amsterdam,Celebesstraat 43 1094EN Amsterdam Netherlands,node,34045758,52.3632497,4.9316942,OpenStreetMap via Overpass API
Netherlands,Albert Heijn,Albert Heijn,Cornelis Troostplein,11,1072JJ,Amsterdam,Cornelis Troostplein 11 1072JJ Amsterdam Netherlands,node,237168376,52.351067,4.8919048,OpenStreetMap via Overpass API
Netherlands,Albert Heijn,Albert Heijn,Delflandplein,31,1062HP,Amsterdam,Delflandplein 31 1062HP Amsterdam Netherlands,node,34044674,52.34894,4.8402692,OpenStreetMap via Overpass API
Netherlands,Albert Heijn,Albert Heijn,Eef Kamerbeekstraat,186,1095MP,Amsterdam,Eef Kamerbeekstraat 186 1095MP Amsterdam Netherlands,node,5003010384,52.3732642,4.9641748,OpenStreetMap via Overpass API
Netherlands,Albert Heijn,Albert Heijn,Eerste Jan Steenstraat,53,1072NB,Amsterdam,Eerste Jan Steenstraat 53 1072NB Amsterdam Netherlands,node,2505907140,52.3540448,4.8899042,OpenStreetMap via Overpass API
Netherlands,Albert Heijn,Albert Heijn,Eerste Van Swindenstraat,91,1093EZ,Amsterdam,Eerste Van Swindenstraat 91 1093EZ Amsterdam Netherlands,node,34044762,52.362449,4.9255528,OpenStreetMap via Overpass API
Netherlands,Albert Heijn,Albert Heijn,Elandsgracht,13A,1016TM,Amsterdam,Elandsgracht 13A 1016TM Amsterdam Netherlands,node,34044772,52.3698562,4.8818702,OpenStreetMap via Overpass API
Netherlands,Albert Heijn,Albert Heijn,Frederik Hendrikstraat,81,1052HM,Amsterdam,Frederik Hendrikstraat 81 1052HM Amsterdam Netherlands,node,4396190563,52.3755253,4.8736025,OpenStreetMap via Overpass API
Netherlands,Albert Heijn,Albert Heijn,Frederiksplein,1,1017XK,Amsterdam,Frederiksplein 1 1017XK Amsterdam Netherlands,node,1292875035,52.3611752,4.8997539,OpenStreetMap via Overpass API
Netherlands,Albert Heijn,Albert Heijn,Gerrit van der Veenstraat,57,1077DP,Amsterdam,Gerrit van der Veenstraat 57 1077DP Amsterdam Netherlands,node,34044701,52.3488208,4.8777461,OpenStreetMap via Overpass API
Netherlands,Albert Heijn,Albert Heijn,Gulden Winckelplantsoen,5,1055EK,Amsterdam,Gulden Winckelplantsoen 5 1055EK Amsterdam Netherlands,node,428078543,52.3786576,4.8467614,OpenStreetMap via Overpass API
Netherlands,Albert Heijn,Albert Heijn,Haarlemmerdijk,1,1013JZ,Amsterdam,Haarlemmerdijk 1 1013JZ Amsterdam Netherlands,node,34044748,52.3816138,4.8888813,OpenStreetMap via Overpass API
Netherlands,Albert Heijn,Albert Heijn,Haarlemmerplein,34,1013HS,Amsterdam,Haarlemmerplein 34 1013HS Amsterdam Netherlands,node,2920145841,52.384902,4.8840567,OpenStreetMap via Overpass API
Netherlands,Albert Heijn,Albert Heijn,Harriet Freezerstraat,96,1103JP,Amsterdam,Harriet Freezerstraat 96 1103JP Amsterdam Netherlands,node,1965698826,52.3226274,4.9722649,OpenStreetMap via Overpass API
Netherlands,Albert Heijn,Albert Heijn,Helmholtzstraat,63,1098LE,Amsterdam,Helmholtzstraat 63 1098LE Amsterdam Netherlands,node,1864950331,52.349932,4.9397256,OpenStreetMap via Overpass API
Netherlands,Albert Heijn,Albert Heijn,IJburglaan,719,1087BS,Amsterdam,IJburglaan 719 1087BS Amsterdam Netherlands,node,2842393394,52.3580386,4.9904847,OpenStreetMap via Overpass API
Netherlands,Albert Heijn,Albert Heijn,Jan Evertsenstraat,24,1056EC,Amsterdam,Jan Evertsenstraat 24 1056EC Amsterdam Netherlands,node,3771893614,52.3715043,4.8577207,OpenStreetMap via Overpass API
Netherlands,Albert Heijn,Albert Heijn,Jan Pieter Heijestraat,132-H,1054MJ,Amsterdam,Jan Pieter Heijestraat 132-H 1054MJ Amsterdam Netherlands,node,428078555,52.3619996,4.8642915,OpenStreetMap via Overpass API
Netherlands,Albert Heijn,Albert Heijn,Jan van Galenstraat,87,1056BJ,Amsterdam,Jan van Galenstraat 87 1056BJ Amsterdam Netherlands,node,4268735847,52.3747276,4.8607837,OpenStreetMap via Overpass API
Netherlands,Albert Heijn,Albert Heijn,Jodenbreestraat,21,1011NH,Amsterdam,Jodenbreestraat 21 1011NH Amsterdam Netherlands,node,1611202691,52.3688459,4.9036621,OpenStreetMap via Overpass API
Netherlands,Albert Heijn,Albert Heijn,Johan Cruijff Boulevard,177,1101EJ,Amsterdam,Johan Cruijff Boulevard 177 1101EJ Amsterdam Netherlands,node,2862917316,52.3130615,4.9457851,OpenStreetMap via Overpass API
Netherlands,Albert Heijn,Albert Heijn,Johannes Verhulststraat,149-1,1071NB,Amsterdam,Johannes Verhulststraat 149-1 1071NB Amsterdam Netherlands,node,34044713,52.3536599,4.8696309,OpenStreetMap via Overpass API
Netherlands,Albert Heijn,Albert Heijn,Karspeldreef,1389,1104SE,Amsterdam,Karspeldreef 1389 1104SE Amsterdam Netherlands,node,2218790797,52.3162917,4.9787429,OpenStreetMap via Overpass API
Netherlands,Albert Heijn,Albert Heijn,Kinkerstraat,89,1053DJ,Amsterdam,Kinkerstraat 89 1053DJ Amsterdam Netherlands,node,494157341,52.366607,4.8703682,OpenStreetMap via Overpass API
Netherlands,Albert Heijn,Albert Heijn,Kleine Wittenburgerstraat,18,1018LW,Amsterdam,Kleine Wittenburgerstraat 18 1018LW Amsterdam Netherlands,node,2743479207,52.3699591,4.9198033,OpenStreetMap via Overpass API
Netherlands,Albert Heijn,Albert Heijn,Krugerplein,3,1092JZ,Amsterdam,Krugerplein 3 1092JZ Amsterdam Netherlands,node,34044693,52.3547176,4.9201804,OpenStreetMap via Overpass API
Netherlands,Albert Heijn,Albert Heijn,Lambertus Zijlplein,8,1067JS,Amsterdam,Lambertus Zijlplein 8 1067JS Amsterdam Netherlands,node,4530594889,52.3775326,4.8016427,OpenStreetMap via Overpass API
Netherlands,Albert Heijn,Albert Heijn,Land van Cocagneplein,3,1093NB,Amsterdam,Land van Cocagneplein 3 1093NB Amsterdam Netherlands,node,2746144123,52.3570557,4.9281602,OpenStreetMap via Overpass API
Netherlands,Albert Heijn,Albert Heijn,Leidseplein,31,1017PS,Amsterdam,Leidseplein 31 1017PS Amsterdam Netherlands,node,2730036379,52.3633839,4.8820679,OpenStreetMap via Overpass API
Netherlands,Albert Heijn,Albert Heijn,Maasstraat,47,1078HD,Amsterdam,Maasstraat 47 1078HD Amsterdam Netherlands,node,4719456815,52.3460374,4.8952278,OpenStreetMap via Overpass API
Netherlands,Albert Heijn,Albert Heijn,Molenwijk,35,1035EG,Amsterdam,Molenwijk 35 1035EG Amsterdam Netherlands,node,5198500579,52.4170661,4.8931066,OpenStreetMap via Overpass API
Netherlands,Albert Heijn,Albert Heijn,Molukkenstraat,101A,1095AZ,Amsterdam,Molukkenstraat 101A 1095AZ Amsterdam Netherlands,node,34044760,52.3624356,4.9398394,OpenStreetMap via Overpass API
Netherlands,Albert Heijn,Albert Heijn,Molukkenstraat,308,1098TW,Amsterdam,Molukkenstraat 308 1098TW Amsterdam Netherlands,node,2853602057,52.3574396,4.9394134,OpenStreetMap via Overpass API
Netherlands,Albert Heijn,Albert Heijn,Mosveld,129,1031AD,Amsterdam,Mosveld 129 1031AD Amsterdam Netherlands,node,4249154774,52.3903557,4.9151724,OpenStreetMap via Overpass API
Netherlands,Albert Heijn,Albert Heijn,Nieuwezijds Voorburgwal,226,1012RR,Amsterdam,Nieuwezijds Voorburgwal 226 1012RR Amsterdam Netherlands,node,4453950325,52.3728416,4.8902458,OpenStreetMap via Overpass API
Netherlands,Albert Heijn,Albert Heijn,Nieuwmarkt,18,1012CR,Amsterdam,Nieuwmarkt 18 1012CR Amsterdam Netherlands,node,34044767,52.3726884,4.8997302,OpenStreetMap via Overpass API
Netherlands,Albert Heijn,Albert Heijn,Oostelijke Handelskade,1065,1019BW,Amsterdam,Oostelijke Handelskade 1065 1019BW Amsterdam Netherlands,node,2816335100,52.3739386,4.9386165,OpenStreetMap via Overpass API
Netherlands,Albert Heijn,Albert Heijn,Oosterdokskade,65,1011DL,Amsterdam,Oosterdokskade 65 1011DL Amsterdam Netherlands,node,2743730179,52.3760877,4.9067549,OpenStreetMap via Overpass API
Netherlands,Albert Heijn,Albert Heijn,Overtoom,116-H,1054HM,Amsterdam,Overtoom 116-H 1054HM Amsterdam Netherlands,node,34044774,52.3627631,4.8746398,OpenStreetMap via Overpass API
Netherlands,Albert Heijn,Albert Heijn,Overtoom,454-H,1054JW,Amsterdam,Overtoom 454-H 1054JW Amsterdam Netherlands,node,4460848819,52.3596772,4.8620911,OpenStreetMap via Overpass API
Netherlands,Albert Heijn,Albert Heijn,Parnassusweg,707,1077DG,Amsterdam,Parnassusweg 707 1077DG Amsterdam Netherlands,node,8363993241,52.33969,4.8690596,OpenStreetMap via Overpass API
Netherlands,Albert Heijn,Albert Heijn,Peter Schatstraat,65,1082MX,Amsterdam,Peter Schatstraat 65 1082MX Amsterdam Netherlands,node,4742008469,52.3364935,4.8717853,OpenStreetMap via Overpass API
Netherlands,Albert Heijn,Albert Heijn,Pieter Calandlaan,212-A,1069LA,Amsterdam,Pieter Calandlaan 212-A 1069LA Amsterdam Netherlands,node,428078553,52.3521575,4.7994975,OpenStreetMap via Overpass API
Netherlands,Albert Heijn,Albert Heijn,Postjesweg,65,1057DW,Amsterdam,Postjesweg 65 1057DW Amsterdam Netherlands,node,34044720,52.3640618,4.855153,OpenStreetMap via Overpass API
Netherlands,Albert Heijn,Albert Heijn,Prins Hendrikkade,20,1012TL,Amsterdam,Prins Hendrikkade 20 1012TL Amsterdam Netherlands,node,792621117,52.3784781,4.8958868,OpenStreetMap via Overpass API
Netherlands,Albert Heijn,Albert Heijn,Rijnstraat,139-155,1079HC,Amsterdam,Rijnstraat 139-155 1079HC Amsterdam Netherlands,node,761215756,52.3432081,4.9066964,OpenStreetMap via Overpass API
Netherlands,Albert Heijn,Albert Heijn,Rijnstraat,33,1078PW,Amsterdam,Rijnstraat 33 1078PW Amsterdam Netherlands,node,4750613382,52.3476279,4.9050539,OpenStreetMap via Overpass API
Netherlands,Albert Heijn,Albert Heijn,Sarphatistraat,141K,1018GD,Amsterdam,Sarphatistraat 141K 1018GD Amsterdam Netherlands,node,1854316172,52.3622526,4.9122853,OpenStreetMap via Overpass API
Netherlands,Albert Heijn,Albert Heijn,Sarphatistraat,670,1018AV,Amsterdam,Sarphatistraat 670 1018AV Amsterdam Netherlands,node,1613077869,52.3664344,4.9243536,OpenStreetMap via Overpass API
Netherlands,Albert Heijn,Albert Heijn,Scheldeplein,5,1078GR,Amsterdam,Scheldeplein 5 1078GR Amsterdam Netherlands,node,428078561,52.3442901,4.8914252,OpenStreetMap via Overpass API
Netherlands,Albert Heijn,Albert Heijn,Sierplein,78,1065LN,Amsterdam,Sierplein 78 1065LN Amsterdam Netherlands,node,34044679,52.3549932,4.8267734,OpenStreetMap via Overpass API
Netherlands,Albert Heijn,Albert Heijn,Spaarndammerdijk,3,1013ZM,Amsterdam,Spaarndammerdijk 3 1013ZM Amsterdam Netherlands,node,117738519,52.3915532,4.8778865,OpenStreetMap via Overpass API
Netherlands,Albert Heijn,Albert Heijn,Stadhouderskade,101,1073AW,Amsterdam,Stadhouderskade 101 1073AW Amsterdam Netherlands,node,2507164270,52.3573335,4.8970931,OpenStreetMap via Overpass API
Netherlands,Albert Heijn,Albert Heijn,Stadionplein,115,1076CK,Amsterdam,Stadionplein 115 1076CK Amsterdam Netherlands,node,4811918679,52.3445879,4.857109,OpenStreetMap via Overpass API
Netherlands,Albert Heijn,Albert Heijn,Stadionweg,159,1076NN,Amsterdam,Stadionweg 159 1076NN Amsterdam Netherlands,node,34044707,52.3457535,4.8636889,OpenStreetMap via Overpass API
Netherlands,Albert Heijn,Albert Heijn,Utrechtsestraat,17,1017VH,Amsterdam,Utrechtsestraat 17 1017VH Amsterdam Netherlands,node,963498491,52.365416,4.8978876,OpenStreetMap via Overpass API
Netherlands,Albert Heijn,Albert Heijn,Van Baerlestraat,33A,1071AP,Amsterdam,Van Baerlestraat 33A 1071AP Amsterdam Netherlands,node,34044700,52.3572137,4.8797759,OpenStreetMap via Overpass API
Netherlands,Albert Heijn,Albert Heijn,Van Limburg Stirumstraat,44,1051BC,Amsterdam,Van Limburg Stirumstraat 44 1051BC Amsterdam Netherlands,node,2190003045,52.3836237,4.8760256,OpenStreetMap via Overpass API
Netherlands,Albert Heijn,Albert Heijn,Van Woustraat,150,1073LV,Amsterdam,Van Woustraat 150 1073LV Amsterdam Netherlands,node,34044703,52.3527583,4.9026013,OpenStreetMap via Overpass API
Netherlands,Albert Heijn,Albert Heijn,Vijzelstraat,113,1017HJ,Amsterdam,Vijzelstraat 113 1017HJ Amsterdam Netherlands,node,34044769,52.362843,4.8922067,OpenStreetMap via Overpass API
Netherlands,Albert Heijn,Albert Heijn,Waterlandplein,255,1024LT,Amsterdam,Waterlandplein 255 1024LT Amsterdam Netherlands,node,2445062169,52.3927557,4.955404,OpenStreetMap via Overpass API
Netherlands,Albert Heijn,Albert Heijn,Westermarkt,21,1016DJ,Amsterdam,Westermarkt 21 1016DJ Amsterdam Netherlands,node,34044750,52.3738812,4.8839268,OpenStreetMap via Overpass API
Netherlands,Albert Heijn,Albert Heijn,Westerstraat,79,1015LW,Amsterdam,Westerstraat 79 1015LW Amsterdam Netherlands,node,34044751,52.3784456,4.8844536,OpenStreetMap via Overpass API
Netherlands,Albert Heijn,Albert Heijn,Weteringschans,165D,1017XD,Amsterdam,Weteringschans 165D 1017XD Amsterdam Netherlands,node,3836926033,52.3597125,4.891796,OpenStreetMap via Overpass API
Netherlands,Albert Heijn,Albert Heijn,Wibautstraat,80,1091GP,Amsterdam,Wibautstraat 80 1091GP Amsterdam Netherlands,node,34045748,52.3557456,4.9107921,OpenStreetMap via Overpass API
Netherlands,Albert Heijn,Albert Heijn,Willem Kraanstraat,2,1063MG,Amsterdam,Willem Kraanstraat 2 1063MG Amsterdam Netherlands,node,428078547,52.3796501,4.8232498,OpenStreetMap via Overpass API
Netherlands,Albert Heijn,Albert Heijn,Zeilstraat,47-H,1075SC,Amsterdam,Zeilstraat 47-H 1075SC Amsterdam Netherlands,node,2814629351,52.3507004,4.8538202,OpenStreetMap via Overpass API
Netherlands,Albert Heijn,Albert Heijn,ms. van Riemsdijkweg,188,1033RD,Amsterdam,ms. van Riemsdijkweg 188 1033RD Amsterdam Netherlands,node,6736289325,52.4017789,4.8925356,OpenStreetMap via Overpass API
Netherlands,Albert Heijn,Albert Heijn,Doorlaat,1,1761AW,Anna Paulowna,Doorlaat 1 1761AW Anna Paulowna Netherlands,node,664567159,52.8617921,4.8325357,OpenStreetMap via Overpass API
Netherlands,Albert Heijn,Albert Heijn,De Eglantier,234,7329DH,Apeldoorn,De Eglantier 234 7329DH Apeldoorn Netherlands,node,2685678017,52.1958123,6.0060026,OpenStreetMap via Overpass API
Netherlands,Albert Heijn,Albert Heijn,Deventerstraat,10,7311BJ,Apeldoorn,Deventerstraat 10 7311BJ Apeldoorn Netherlands,node,2687026841,52.2155084,5.9621205,OpenStreetMap via Overpass API
Netherlands,Albert Heijn,Albert Heijn,Linie,189,7325DR,Apeldoorn,Linie 189 7325DR Apeldoorn Netherlands,node,34044782,52.217188,6.0030544,OpenStreetMap via Overpass API
Netherlands,Albert Heijn,Albert Heijn,Operaplein,110,7323EL,Apeldoorn,Operaplein 110 7323EL Apeldoorn Netherlands,node,4956298452,52.2297802,5.9870775,OpenStreetMap via Overpass API
Netherlands,Albert Heijn,Albert Heijn,Schapendoesweg,2,7312EC,Apeldoorn,Schapendoesweg 2 7312EC Apeldoorn Netherlands,node,5072598567,52.2085419,5.9434988,OpenStreetMap via Overpass API
Netherlands,Albert Heijn,Albert Heijn,Talingweg,169,7331GN,Apeldoorn,Talingweg 169 7331GN Apeldoorn Netherlands,node,2686858195,52.2003743,5.9670624,OpenStreetMap via Overpass API
Netherlands,Albert Heijn,Albert Heijn,Overdiep,1,9902DB,Appingedam,Overdiep 1 9902DB Appingedam Netherlands,node,2835394831,53.3182316,6.8590579,OpenStreetMap via Overpass API
Netherlands,Albert Heijn,Albert Heijn,Drieslag,4,6832AM,Arnhem,Drieslag 4 6832AM Arnhem Netherlands,node,2725683550,51.9671987,5.9077616,OpenStreetMap via Overpass API
Netherlands,Albert Heijn,Albert Heijn,Fortunastraat,17,6846XZ,Arnhem,Fortunastraat 17 6846XZ Arnhem Netherlands,node,4100028039,51.9538475,5.8475126,OpenStreetMap via Overpass API
Netherlands,Albert Heijn,Albert Heijn,Groningensingel,959,6835GL,Arnhem,Groningensingel 959 6835GL Arnhem Netherlands,node,34045662,51.9528864,5.9059688,OpenStreetMap via Overpass API
Netherlands,Albert Heijn,Albert Heijn,Hanzestraat,411,6826ML,Arnhem,Hanzestraat 411 6826ML Arnhem Netherlands,node,5792929316,51.9837997,5.9529707,OpenStreetMap via Overpass API
Netherlands,Albert Heijn,Albert Heijn,Klarendalseweg,139,6822GG,Arnhem,Klarendalseweg 139 6822GG Arnhem Netherlands,node,2719865353,51.9891544,5.9220568,OpenStreetMap via Overpass API
Netherlands,Albert Heijn,Albert Heijn,Van Lawick van Pabststraat,76,6814HK,Arnhem,Van Lawick van Pabststraat 76 6814HK Arnhem Netherlands,node,34044590,51.9901291,5.8939052,OpenStreetMap via Overpass API
Netherlands,Albert Heijn,Albert Heijn,Velperbuitensingel,4,6828CT,Arnhem,Velperbuitensingel 4 6828CT Arnhem Netherlands,node,34044592,51.9830612,5.9150434,OpenStreetMap via Overpass API
Netherlands,Albert Heijn,Albert Heijn,Velperweg,47,6824BG,Arnhem,Velperweg 47 6824BG Arnhem Netherlands,node,9754220261,51.9886555,5.9285796,OpenStreetMap via Overpass API
Netherlands,Albert Heijn,Albert Heijn,Vossenstraat,1,6811JL,Arnhem,Vossenstraat 1 6811JL Arnhem Netherlands,node,4847704103,51.9803116,5.9053293,OpenStreetMap via Overpass API
Netherlands,Albert Heijn,Albert Heijn,Bremstraat,9,9404GA,Assen,Bremstraat 9 9404GA Assen Netherlands,node,2082716266,52.9885212,6.5807217,OpenStreetMap via Overpass API
Netherlands,Albert Heijn,Albert Heijn,Rondgang,20,9408MH,Assen,Rondgang 20 9408MH Assen Netherlands,node,12687777736,52.9998432,6.5129963,OpenStreetMap via Overpass API
Netherlands,Albert Heijn,Albert Heijn,Triade,14,9401ZH,Assen,Triade 14 9401ZH Assen Netherlands,way,842112895,52.9979267,6.5608752,OpenStreetMap via Overpass API
Netherlands,Albert Heijn,Albert Heijn,Dorpsstraat,537A,1566BL,Assendelft,Dorpsstraat 537A 1566BL Assendelft Netherlands,node,471577933,52.4743826,4.7478617,OpenStreetMap via Overpass API
Netherlands,Albert Heijn,Albert Heijn,Kaaikhof,22,1567JP,Assendelft,Kaaikhof 22 1567JP Assendelft Netherlands,node,792621118,52.4883901,4.7521418,OpenStreetMap via Overpass API
Netherlands,Albert Heijn,Albert Heijn,Burgemeester Frenckenstraat,18,5721EZ,Asten,Burgemeester Frenckenstraat 18 5721EZ Asten Netherlands,node,3876335342,51.404163,5.747168,OpenStreetMap via Overpass API
Netherlands,Albert Heijn,Albert Heijn,Vijverhof,9,1633DS,Avenhorn,Vijverhof 9 1633DS Avenhorn Netherlands,node,2247219170,52.6236967,4.9498876,OpenStreetMap via Overpass API
Netherlands,Albert Heijn,Albert Heijn,Szydlowskiplein,22,4571EW,Axel,Szydlowskiplein 22 4571EW Axel Netherlands,node,2752023827,51.2665437,3.9087054,OpenStreetMap via Overpass API
Netherlands,Albert Heijn,Albert Heijn,Kerkstraat,8,5111CJ,Baarle-Nassau,Kerkstraat 8 5111CJ Baarle-Nassau Netherlands,node,2780602452,51.4423413,4.9290156,OpenStreetMap via Overpass API
Netherlands,Albert Heijn,Albert Heijn,Eemnesserweg,40,3741GB,Baarn,Eemnesserweg 40 3741GB Baarn Netherlands,node,34044804,52.2141255,5.2860094,OpenStreetMap via Overpass API
Netherlands,Albert Heijn,Albert Heijn,Zeemanlaan,2,1171BD,Badhoevedorp,Zeemanlaan 2 1171BD Badhoevedorp Netherlands,node,428078554,52.3384831,4.7778582,OpenStreetMap via Overpass API
Netherlands,Albert Heijn,Albert Heijn,Middenbaan,97,2991CS,Barendrecht,Middenbaan 97 2991CS Barendrecht Netherlands,node,2744871145,51.8558786,4.536973,OpenStreetMap via Overpass API
Netherlands,Albert Heijn,Albert Heijn,Van Beuningenhaven,10,2993EH,Barendrecht,Van Beuningenhaven 10 2993EH Barendrecht Netherlands,node,429685289,51.8470015,4.4986719,OpenStreetMap via Overpass API
Netherlands,Albert Heijn,Albert Heijn,Burgemeester Kuntzelaan,35,3771EP,Barneveld,Burgemeester Kuntzelaan 35 3771EP Barneveld Netherlands,node,34044793,52.1376729,5.5898899,OpenStreetMap via Overpass API
Netherlands,Albert Heijn,Albert Heijn,Pastoor Doensstraat,4,4854CP,Bavel,Pastoor Doensstraat 4 4854CP Bavel Netherlands,node,5118183049,51.5654475,4.8313804,OpenStreetMap via Overpass API
Netherlands,Albert Heijn,Albert Heijn,Wethouder Sangersstraat,174,6191NA,Beek,Wethouder Sangersstraat 174 6191NA Beek Netherlands,node,34044491,50.9499587,5.7941161,OpenStreetMap via Overpass API
Netherlands,Albert Heijn,Albert Heijn Jan Linders,Heuvelplein,11,5741JH,Beek en Donk,Heuvelplein 11 5741JH Beek en Donk Netherlands,node,2900686269,51.528775,5.6344756,OpenStreetMap via Overpass API
Netherlands,Albert Heijn,Albert Heijn,Dorpstraat,23,7361AP,Beekbergen,Dorpstraat 23 7361AP Beekbergen Netherlands,node,2737378858,52.1594219,5.9627349,OpenStreetMap via Overpass API
Netherlands,Albert Heijn,Albert Heijn,Weversstraat,3,9411NC,Beilen,Weversstraat 3 9411NC Beilen Netherlands,node,2848175163,52.8605916,6.5161438,OpenStreetMap via Overpass API
Netherlands,Albert Heijn,Albert Heijn,Buitengracht,2,6681JJ,Bemmel,Buitengracht 2 6681JJ Bemmel Netherlands,node,2862704587,51.8927764,5.8986227,OpenStreetMap via Overpass API
Netherlands,Albert Heijn,Albert Heijn,Schoollaan,23,2121GC,Bennebroek,Schoollaan 23 2121GC Bennebroek Netherlands,node,2762349993,52.3207344,4.5996467,OpenStreetMap via Overpass API
Netherlands,Albert Heijn,Albert Heijn,Dorpsstraat,36,6721JL,Bennekom,Dorpsstraat 36 6721JL Bennekom Netherlands,node,4494637789,51.9983644,5.675278,OpenStreetMap via Overpass API
Netherlands,Albert Heijn,Albert Heijn,Hof,94,5571CA,Bergeijk,Hof 94 5571CA Bergeijk Netherlands,node,2828723824,51.3225288,5.3591225,OpenStreetMap via Overpass API
Netherlands,Albert Heijn,Albert Heijn,Breelaan,14,1861GE,Bergen (NH),Breelaan 14 1861GE Bergen (NH) Netherlands,node,3369633337,52.6712225,4.7008787,OpenStreetMap via Overpass API
Netherlands,Albert Heijn,Albert Heijn Jan Linders,Raadhuisstraat,7,5854AX,Bergen L,Raadhuisstraat 7 5854AX Bergen L Netherlands,node,2796264213,51.603055,6.0501055,OpenStreetMap via Overpass API
Netherlands,Albert Heijn,Albert Heijn,Glacisstraat,15,4615AE,Bergen op Zoom,Glacisstraat 15 4615AE Bergen op Zoom Netherlands,node,34045413,51.4881691,4.2910464,OpenStreetMap via Overpass API
Netherlands,Albert Heijn,Albert Heijn,Markiezaatsweg,5,4615PA,Bergen op Zoom,Markiezaatsweg 5 4615PA Bergen op Zoom Netherlands,node,4300046665,51.4926557,4.2758195,OpenStreetMap via Overpass API
Netherlands,Albert Heijn,Albert Heijn,Zonneplein,31,4624BC,Bergen op Zoom,Zonneplein 31 4624BC Bergen op Zoom Netherlands,node,34044313,51.4857348,4.3097041,OpenStreetMap via Overpass API
Netherlands,Albert Heijn,Albert Heijn,Sint Willibrordusstraat,45,5351EE,Berghem,Sint Willibrordusstraat 45 5351EE Berghem Netherlands,node,2925202650,51.7704239,5.5676659,OpenStreetMap via Overpass API
Netherlands,Albert Heijn,Albert Heijn,Rozenoord,2,2651XN,Berkel en Rodenrijs,Rozenoord 2 2651XN Berkel en Rodenrijs Netherlands,node,2592760672,51.9814368,4.4609031,OpenStreetMap via Overpass API
Netherlands,Albert Heijn,Albert Heijn,Westerwater,2,2651JN,Berkel en Rodenrijs,Westerwater 2 2651JN Berkel en Rodenrijs Netherlands,node,2589814366,51.9940587,4.4749412,OpenStreetMap via Overpass API
Netherlands,Albert Heijn,Albert Heijn,Koningsoord,137,5057DL,Berkel-Enschot,Koningsoord 137 5057DL Berkel-Enschot Netherlands,node,5732293802,51.586334,5.135276,OpenStreetMap via Overpass API
Netherlands,Albert Heijn,Albert Heijn,Boterhoek,17,5683AS,Best,Boterhoek 17 5683AS Best Netherlands,node,3166442368,51.5114912,5.3939437,OpenStreetMap via Overpass API
Netherlands,Albert Heijn,Albert Heijn,Wilhelminaplein,6,5684VK,Best,Wilhelminaplein 6 5684VK Best Netherlands,node,2065059854,51.4960581,5.3945168,OpenStreetMap via Overpass API
Netherlands,Albert Heijn,Albert Heijn Jan Linders,Kerkplein,72,6641BH,Beuningen Gld,Kerkplein 72 6641BH Beuningen Gld Netherlands,node,2302257343,51.8623745,5.7715526,OpenStreetMap via Overpass API
Netherlands,Albert Heijn,Albert Heijn,Beverhof,37B,1941EC,Beverwijk,Beverhof 37B 1941EC Beverwijk Netherlands,node,4403276520,52.4825348,4.6606654,OpenStreetMap via Overpass API
Netherlands,Albert Heijn,Albert Heijn,Wijkerbaan,2,1945SE,Beverwijk,Wijkerbaan 2 1945SE Beverwijk Netherlands,node,2370618146,52.496964,4.6636358,OpenStreetMap via Overpass API
Netherlands,Albert Heijn,Albert Heijn,Dreef,1,8256AW,Biddinghuizen,Dreef 1 8256AW Biddinghuizen Netherlands,node,34045785,52.4551538,5.693309,OpenStreetMap via Overpass API
Netherlands,Albert Heijn,Albert Heijn,De Kwinkelier,30,3722AR,Bilthoven,De Kwinkelier 30 3722AR Bilthoven Netherlands,node,2986341426,52.1279823,5.2097083,OpenStreetMap via Overpass API
Netherlands,Albert Heijn,Albert Heijn,Sniederslaan,53,5531EH,Bladel,Sniederslaan 53 5531EH Bladel Netherlands,node,2827067928,51.3677387,5.2209569,OpenStreetMap via Overpass API
Netherlands,Albert Heijn,Albert Heijn,Huizerweg,8,1261AW,Blaricum,Huizerweg 8 1261AW Blaricum Netherlands,node,428595114,52.273445,5.2435516,OpenStreetMap via Overpass API
Netherlands,Albert Heijn,Albert Heijn,Dorpsstraat,84,2665BK,Bleiswijk,Dorpsstraat 84 2665BK Bleiswijk Netherlands,node,478884809,52.0117535,4.5299566,OpenStreetMap via Overpass API
Netherlands,Albert Heijn,Albert Heijn,Bloemendaalseweg,70,2061CM,Bloemendaal,Bloemendaalseweg 70 2061CM Bloemendaal Netherlands,node,2761677491,52.4041093,4.6197679,OpenStreetMap via Overpass API
Netherlands,Albert Heijn,Albert Heijn,Oud-Bodegraafseweg,23,2411HS,Bodegraven,Oud-Bodegraafseweg 23 2411HS Bodegraven Netherlands,node,1888737375,52.083524,4.7441242,OpenStreetMap via Overpass API
Netherlands,Albert Heijn,Albert Heijn,Lichtenhorst,1,7271AE,Borculo,Lichtenhorst 1 7271AE Borculo Netherlands,node,2681878382,52.1178353,6.525088,OpenStreetMap via Overpass API
Netherlands,Albert Heijn,Albert Heijn,Hoofdstraat,35,9531AB,Borger,Hoofdstraat 35 9531AB Borger Netherlands,node,2852484392,52.9233491,6.7918251,OpenStreetMap via Overpass API
Netherlands,Albert Heijn,Albert Heijn,Marktplein,27,7622CL,Borne,Marktplein 27 7622CL Borne Netherlands,node,1863536431,52.299925,6.7560589,OpenStreetMap via Overpass API
Netherlands,Albert Heijn,Albert Heijn,Koninginneweg,11B,2771DN,Boskoop,Koninginneweg 11B 2771DN Boskoop Netherlands,node,428595135,52.0736876,4.658399,OpenStreetMap via Overpass API
Netherlands,Albert Heijn,Albert Heijn,De Middend,250-252,1611KN,Bovenkarspel,De Middend 250-252 1611KN Bovenkarspel Netherlands,node,3832063358,52.6979897,5.2342265,OpenStreetMap via Overpass API
Netherlands,Albert Heijn,Albert Heijn,Koorstraat,10,5831GH,Boxmeer,Koorstraat 10 5831GH Boxmeer Netherlands,node,34044552,51.6464756,5.9489907,OpenStreetMap via Overpass API
Netherlands,Albert Heijn,Albert Heijn,Prins Hendrikstraat,62,5281CN,Boxtel,Prins Hendrikstraat 62 5281CN Boxtel Netherlands,node,132546786,51.5861739,5.3222661,OpenStreetMap via Overpass API
Netherlands,Albert Heijn,Albert Heijn,Anna van Burenstraat,24,4811BS,Breda,Anna van Burenstraat 24 4811BS Breda Netherlands,node,7677932122,51.5964836,4.7823163,OpenStreetMap via Overpass API
Netherlands,Albert Heijn,Albert Heijn,Bisschopshoeve,30,4817PV,Breda,Bisschopshoeve 30 4817PV Breda Netherlands,node,5196445440,51.5893754,4.8221759,OpenStreetMap via Overpass API
Netherlands,Albert Heijn,Albert Heijn,Brabantplein,24,4817LR,Breda,Brabantplein 24 4817LR Breda Netherlands,node,2730865723,51.5906175,4.8004601,OpenStreetMap via Overpass API
Netherlands,Albert Heijn,Albert Heijn,De Burcht,1,4834HE,Breda,De Burcht 1 4834HE Breda Netherlands,node,2735585359,51.5720224,4.8058414,OpenStreetMap via Overpass API
Netherlands,Albert Heijn,Albert Heijn,Ginnekenweg,46,4818JG,Breda,Ginnekenweg 46 4818JG Breda Netherlands,node,34045422,51.5773949,4.7802626,OpenStreetMap via Overpass API
Netherlands,Albert Heijn,Albert Heijn,Haagdijk,108,4811TW,Breda,Haagdijk 108 4811TW Breda Netherlands,node,2731448314,51.5874392,4.768745,OpenStreetMap via Overpass API
Netherlands,Albert Heijn,Albert Heijn,Heksenwaag,2,4823JV,Breda,Heksenwaag 2 4823JV Breda Netherlands,node,2733067367,51.6232677,4.7433727,OpenStreetMap via Overpass API
Netherlands,Albert Heijn,Albert Heijn,Moerwijk,2,4826HN,Breda,Moerwijk 2 4826HN Breda Netherlands,node,2728907457,51.6067931,4.7895511,OpenStreetMap via Overpass API
Netherlands,Albert Heijn,Albert Heijn,Nieuwstraat,45,4811WV,Breda,Nieuwstraat 45 4811WV Breda Netherlands,node,2731508688,51.5875692,4.7729527,OpenStreetMap via Overpass API
Netherlands,Albert Heijn,Albert Heijn,Oude Vest,5,4811HR,Breda,Oude Vest 5 4811HR Breda Netherlands,node,2731514905,51.5867186,4.7784096,OpenStreetMap via Overpass API
Netherlands,Albert Heijn,Albert Heijn,Pastoor van Spaandonkstraat,48,4813BS,Breda,Pastoor van Spaandonkstraat 48 4813BS Breda Netherlands,node,2727961319,51.5783411,4.7394509,OpenStreetMap via Overpass API
Netherlands,Albert Heijn,Albert Heijn,Valkeniersplein,2B,4835RB,Breda,Valkeniersplein 2B 4835RB Breda Netherlands,node,34044349,51.5700006,4.7913206,OpenStreetMap via Overpass API
Netherlands,Albert Heijn,Albert Heijn,Markt,10,3621AB,Breukelen,Markt 10 3621AB Breukelen Netherlands,node,2889954261,52.1710316,5.0037528,OpenStreetMap via Overpass API
Netherlands,Albert Heijn,Albert Heijn,Thoelaverweg,2,3231KD,Brielle,Thoelaverweg 2 3231KD Brielle Netherlands,node,2733395195,51.9004103,4.1712131,OpenStreetMap via Overpass API
Netherlands,Albert Heijn,Albert Heijn,Dreef,2,4311AK,Bruinisse,Dreef 2 4311AK Bruinisse Netherlands,node,2809504001,51.660385,4.0932588,OpenStreetMap via Overpass API
Netherlands,Albert Heijn,Albert Heijn,Kennedylaan,90,6441JG,Brunssum,Kennedylaan 90 6441JG Brunssum Netherlands,node,5173529240,50.9493625,5.9597229,OpenStreetMap via Overpass API
Netherlands,Albert Heijn,Albert Heijn Jan Linders,Kerkstraat,40,6441BE,Brunssum,Kerkstraat 40 6441BE Brunssum Netherlands,node,2020333196,50.9454246,5.9717402,OpenStreetMap via Overpass API
Netherlands,Albert Heijn,Albert Heijn,Koutenveld,2,6441CM,Brunssum,Koutenveld 2 6441CM Brunssum Netherlands,node,5424936172,50.946436,5.9702575,OpenStreetMap via Overpass API
Netherlands,Albert Heijn,Albert Heijn,Dr. Ant. Mathijsenstraat,20,6021CL,Budel,Dr. Ant. Mathijsenstraat 20 6021CL Budel Netherlands,node,5196842081,51.2750187,5.5772027,OpenStreetMap via Overpass API
Netherlands,Albert Heijn,Albert Heijn,Sint Rochusstraat,20,6241CD,Bunde,Sint Rochusstraat 20 6241CD Bunde Netherlands,node,34045526,50.8958087,5.7336524,OpenStreetMap via Overpass API
Netherlands,Albert Heijn,Albert Heijn,Van Hardenbroeklaan,3,3981EN,Bunnik,Van Hardenbroeklaan 3 3981EN Bunnik Netherlands,node,1700791999,52.0673944,5.1997182,OpenStreetMap via Overpass API
Netherlands,Albert Heijn,Albert Heijn,Anthon van der Horstlaan,2,3752VN,Bunschoten-Spakenburg,Anthon van der Horstlaan 2 3752VN Bunschoten-Spakenburg Netherlands,node,2711232281,52.2472911,5.3680829,OpenStreetMap via Overpass API
Netherlands,Albert Heijn,Albert Heijn,Tuinfluiter,1,3752NA,Bunschoten-Spakenburg,Tuinfluiter 1 3752NA Bunschoten-Spakenburg Netherlands,node,34045711,52.2404435,5.3653908,OpenStreetMap via Overpass API
Netherlands,Albert Heijn,Albert Heijn,Burghseweg,73,4328LA,Burgh-Haamstede,Burghseweg 73 4328LA Burgh-Haamstede Netherlands,node,2806326428,51.6921755,3.7359112,OpenStreetMap via Overpass API
Netherlands,Albert Heijn,Albert Heijn,Koekoeklaan,88,1403EH,Bussum,Koekoeklaan 88 1403EH Bussum Netherlands,node,428595116,52.2681927,5.1836926,OpenStreetMap via Overpass API
Netherlands,Albert Heijn,Albert Heijn,Veerstraat,20,1404CH,Bussum,Veerstraat 20 1404CH Bussum Netherlands,node,428595118,52.2760594,5.1608898,OpenStreetMap via Overpass API
Netherlands,Albert Heijn,Albert Heijn,Schoolstraat,3,1759GP,Callantsoog,Schoolstraat 3 1759GP Callantsoog Netherlands,node,2116033706,52.836234,4.6960219,OpenStreetMap via Overpass API
Netherlands,Albert Heijn,Albert Heijn,Amsteldiep,45,2904EB,Capelle aan den IJssel,Amsteldiep 45 2904EB Capelle aan den IJssel Netherlands,node,2785133840,51.9362788,4.6023446,OpenStreetMap via Overpass API
Netherlands,Albert Heijn,Albert Heijn,Picassopassage,38,2907ME,Capelle aan den IJssel,Picassopassage 38 2907ME Capelle aan den IJssel Netherlands,node,1841274128,51.9535059,4.584353,OpenStreetMap via Overpass API
Netherlands,Albert Heijn,Albert Heijn,Geesterduin,27,1902EJ,Castricum,Geesterduin 27 1902EJ Castricum Netherlands,node,2811690640,52.5508225,4.6744155,OpenStreetMap via Overpass API
Netherlands,Albert Heijn,Albert Heijn,van Heutszsingel,6,7741ET,Coevorden,van Heutszsingel 6 7741ET Coevorden Netherlands,node,2805749643,52.6634811,6.7381186,OpenStreetMap via Overpass API
Netherlands,Albert Heijn,Albert Heijn Jan Linders,Grotestraat,99,5431DJ,Cuijk,Grotestraat 99 5431DJ Cuijk Netherlands,node,2858696157,51.7219191,5.8884235,OpenStreetMap via Overpass API
Netherlands,Albert Heijn,Albert Heijn,Smidstraat,70,5431BJ,Cuijk,Smidstraat 70 5431BJ Cuijk Netherlands,node,2858864366,51.7294403,5.873496,OpenStreetMap via Overpass API
Netherlands,Albert Heijn,Albert Heijn,Boerenstraat,6,4101EZ,Culemborg,Boerenstraat 6 4101EZ Culemborg Netherlands,node,2805958660,51.954512,5.2259952,OpenStreetMap via Overpass API
Netherlands,Albert Heijn,Albert Heijn,Raadhuisstraat,13,7721AX,Dalfsen,Raadhuisstraat 13 7721AX Dalfsen Netherlands,node,2445553614,52.5031427,6.2585825,OpenStreetMap via Overpass API
Netherlands,Albert Heijn,Albert Heijn,Conradi-Veenlandstrjitte,4,9104BN,Damwâld,Conradi-Veenlandstrjitte 4 9104BN Damwâld Netherlands,node,2800493892,53.2939099,5.9959648,OpenStreetMap via Overpass API
Netherlands,Albert Heijn,Albert Heijn,Herenweg,8,3732CM,De Bilt,Herenweg 8 3732CM De Bilt Netherlands,node,2883157635,52.1093543,5.1821933,OpenStreetMap via Overpass API
Netherlands,Albert Heijn,Albert Heijn,Hoofdstraat,76A,2678CL,De Lier,Hoofdstraat 76A 2678CL De Lier Netherlands,node,1921984704,51.9745541,4.2511833,OpenStreetMap via Overpass API
Netherlands,Albert Heijn,Albert Heijn,Mereveldplein,13,3454CJ,De Meern,Mereveldplein 13 3454CJ De Meern Netherlands,node,376609948,52.0791636,5.0377248,OpenStreetMap via Overpass API
Netherlands,Albert Heijn,Albert Heijn,Markt,69,7701GW,Dedemsvaart,Markt 69 7701GW Dedemsvaart Netherlands,node,34045832,52.6014823,6.4563311,OpenStreetMap via Overpass API
Netherlands,Albert Heijn,Albert Heijn,De Kolk,3,7491XN,Delden,De Kolk 3 7491XN Delden Netherlands,node,34045846,52.261254,6.7085247,OpenStreetMap via Overpass API
Netherlands,Albert Heijn,Albert Heijn,Gouden Rijderplein,1,2645EX,Delfgauw,Gouden Rijderplein 1 2645EX Delfgauw Netherlands,node,2628403974,52.0052949,4.3909041,OpenStreetMap via Overpass API
Netherlands,Albert Heijn,Albert Heijn,Bastiaanpoort,7,2611MC,Delft,Bastiaanpoort 7 2611MC Delft Netherlands,node,8615010662,52.0093532,4.3644714,OpenStreetMap via Overpass API
Netherlands,Albert Heijn,Albert Heijn,Choorstraat,35,2611JE,Delft,Choorstraat 35 2611JE Delft Netherlands,node,2599511544,52.0130927,4.3582842,OpenStreetMap via Overpass API
Netherlands,Albert Heijn,Albert Heijn,W.H. van Leeuwenlaan,1,2613ZE,Delft,W.H. van Leeuwenlaan 1 2613ZE Delft Netherlands,node,3487998787,52.0139159,4.3428483,OpenStreetMap via Overpass API
Netherlands,Albert Heijn,Albert Heijn,Willemstraat,26,9934BC,Delfzijl,Willemstraat 26 9934BC Delfzijl Netherlands,node,2832067424,53.3326209,6.9286289,OpenStreetMap via Overpass API
Netherlands,Albert Heijn,Albert Heijn,Waalderstraat,48,1791EC,Den Burg,Waalderstraat 48 1791EC Den Burg Netherlands,node,2779059291,53.0565244,4.7980074,OpenStreetMap via Overpass API
Netherlands,Albert Heijn,Albert Heijn,Paduaweg,3,3734GG,Den Dolder,Paduaweg 3 3734GG Den Dolder Netherlands,node,34044709,52.139261,5.2406839,OpenStreetMap via Overpass API
Netherlands,Albert Heijn,Albert Heijn,Julianaplein,9,1781HA,Den Helder,Julianaplein 9 1781HA Den Helder Netherlands,node,4722400846,52.9580668,4.7608654,OpenStreetMap via Overpass API
Netherlands,Albert Heijn,Albert Heijn,Marsdiepstraat,262,1784AV,Den Helder,Marsdiepstraat 262 1784AV Den Helder Netherlands,node,2864698484,52.9439227,4.741517,OpenStreetMap via Overpass API
Netherlands,Albert Heijn,Albert Heijn,Meeuwenstraat,2,1781XA,Den Helder,Meeuwenstraat 2 1781XA Den Helder Netherlands,node,428078541,52.9533404,4.7631845,OpenStreetMap via Overpass API
Netherlands,Albert Heijn,Albert Heijn,Vrede en Vrijheid,19,1785RL,Den Helder,Vrede en Vrijheid 19 1785RL Den Helder Netherlands,node,4722400845,52.9360485,4.7712463,OpenStreetMap via Overpass API
Netherlands,Albert Heijn,Albert Heijn Jan Linders,Helmondseweg,65a,5751GB,Deurne,Helmondseweg 65a 5751GB Deurne Netherlands,node,2872344215,51.462208,5.784692,OpenStreetMap via Overpass API
Netherlands,Albert Heijn,Albert Heijn,Wolfsberg,20,5751GX,Deurne,Wolfsberg 20 5751GX Deurne Netherlands,node,34044522,51.4622843,5.7968554,OpenStreetMap via Overpass API
Netherlands,Albert Heijn,Albert Heijn,Andriessenplein,34,7425GZ,Deventer,Andriessenplein 34 7425GZ Deventer Netherlands,node,34044865,52.2605757,6.2243579,OpenStreetMap via Overpass API
Netherlands,Albert Heijn,Albert Heijn,Boreelplein,38,7411EH,Deventer,Boreelplein 38 7411EH Deventer Netherlands,node,13124134384,52.2528096,6.1659998,OpenStreetMap via Overpass API
Netherlands,Albert Heijn,Albert Heijn,Flora,54,7422LL,Deventer,Flora 54 7422LL Deventer Netherlands,node,2674644651,52.2481008,6.2154718,OpenStreetMap via Overpass API
Netherlands,Albert Heijn,Albert Heijn,Johannes van Vlotenlaan,1,7412SB,Deventer,Johannes van Vlotenlaan 1 7412SB Deventer Netherlands,node,34044850,52.2666297,6.1430798,OpenStreetMap via Overpass API
Netherlands,Albert Heijn,Albert Heijn,Karel de Groteplein,20,7415DH,Deventer,Karel de Groteplein 20 7415DH Deventer Netherlands,node,2677753350,52.268788,6.1639925,OpenStreetMap via Overpass API
Netherlands,Albert Heijn,Albert Heijn,Leliestraat,47,6942XL,Didam,Leliestraat 47 6942XL Didam Netherlands,node,5433913721,51.9416728,6.1357767,OpenStreetMap via Overpass API
Netherlands,Albert Heijn,Albert Heijn,Dalsteindreef,1009,1112XC,Diemen,Dalsteindreef 1009 1112XC Diemen Netherlands,node,2632628717,52.3288375,4.9555098,OpenStreetMap via Overpass API
Netherlands,Albert Heijn,Albert Heijn,Dorpsstraat,27,7431CG,Diepenveen,Dorpsstraat 27 7431CG Diepenveen Netherlands,node,34046078,52.2887828,6.1453201,OpenStreetMap via Overpass API
Netherlands,Albert Heijn,Albert Heijn,Callunaplein,72,6951CR,Dieren,Callunaplein 72 6951CR Dieren Netherlands,node,2854807806,52.0504235,6.1019456,OpenStreetMap via Overpass API
Netherlands,Albert Heijn,Albert Heijn,Westvoorstraat,50,4671CE,Dinteloord,Westvoorstraat 50 4671CE Dinteloord Netherlands,node,2814200706,51.6360501,4.3701888,OpenStreetMap via Overpass API
Netherlands,Albert Heijn,Albert Heijn,Ooipoortstraat,12,6981DV,Doesburg,Ooipoortstraat 12 6981DV Doesburg Netherlands,node,2208147925,52.0131699,6.1359031,OpenStreetMap via Overpass API
Netherlands,Albert Heijn,Albert Heijn,Houtsmastraat,150,7002KK,Doetinchem,Houtsmastraat 150 7002KK Doetinchem Netherlands,node,2669332878,51.9734512,6.3157941,OpenStreetMap via Overpass API
Netherlands,Albert Heijn,Albert Heijn,Zaagmolenpad,16,7008AJ,Doetinchem,Zaagmolenpad 16 7008AJ Doetinchem Netherlands,node,9720809743,51.9703478,6.2725974,OpenStreetMap via Overpass API
Netherlands,Albert Heijn,Albert Heijn,Koophandel,7,9101WZ,Dokkum,Koophandel 7 9101WZ Dokkum Netherlands,node,2797551957,53.3234482,6.0086404,OpenStreetMap via Overpass API
Netherlands,Albert Heijn,Albert Heijn,Traverse,2,4357ET,Domburg,Traverse 2 4357ET Domburg Netherlands,node,2456838437,51.5598991,3.5002573,OpenStreetMap via Overpass API
Netherlands,Albert Heijn,Albert Heijn,Looiershof,1,5104HV,Dongen,Looiershof 1 5104HV Dongen Netherlands,node,2890080191,51.6252923,4.942502,OpenStreetMap via Overpass API
Netherlands,Albert Heijn,Albert Heijn,Dorpsstraat,25,3941JK,Doorn,Dorpsstraat 25 3941JK Doorn Netherlands,node,2800641849,52.0346173,5.3442849,OpenStreetMap via Overpass API
Netherlands,Albert Heijn,Albert Heijn,Achterom,42,3311KC,Dordrecht,Achterom 42 3311KC Dordrecht Netherlands,node,2418857545,51.8122725,4.6667771,OpenStreetMap via Overpass API
Netherlands,Albert Heijn,Albert Heijn,Admiraalsplein,162,3317BC,Dordrecht,Admiraalsplein 162 3317BC Dordrecht Netherlands,node,1859254436,51.7911725,4.6538136,OpenStreetMap via Overpass API
Netherlands,Albert Heijn,Albert Heijn,Korte Parallelweg,165,3311JN,Dordrecht,Korte Parallelweg 165 3311JN Dordrecht Netherlands,node,1595402191,51.8101449,4.6554593,OpenStreetMap via Overpass API
Netherlands,Albert Heijn,Albert Heijn,Slangenburg,5,3328DN,Dordrecht,Slangenburg 5 3328DN Dordrecht Netherlands,node,2941665438,51.7744295,4.6750293,OpenStreetMap via Overpass API
Netherlands,Albert Heijn,Albert Heijn,Van Eesterenplein,99,3315KT,Dordrecht,Van Eesterenplein 99 3315KT Dordrecht Netherlands,node,1591444484,51.8036517,4.7176351,OpenStreetMap via Overpass API
Netherlands,Albert Heijn,Albert Heijn,De Marke,33,9203DV,Drachten,De Marke 33 9203DV Drachten Netherlands,node,4471577914,53.1054398,6.1006193,OpenStreetMap via Overpass API
Netherlands,Albert Heijn,Albert Heijn,Kiryat-Onoplein,87,9203KS,Drachten,Kiryat-Onoplein 87 9203KS Drachten Netherlands,node,2948643456,53.1011503,6.0965905,OpenStreetMap via Overpass API
Netherlands,Albert Heijn,Albert Heijn,Middelwyk,31,9202GN,Drachten,Middelwyk 31 9202GN Drachten Netherlands,node,34045912,53.1097115,6.111506,OpenStreetMap via Overpass API
Netherlands,Albert Heijn,Albert Heijn,Binnenhof,1,3971EE,Driebergen-Rijsenburg,Binnenhof 1 3971EE Driebergen-Rijsenburg Netherlands,node,2877300211,52.0544787,5.2873425,OpenStreetMap via Overpass API
Netherlands,Albert Heijn,Albert Heijn,Hoofdstraat,162,3972LG,Driebergen-Rijsenburg,Hoofdstraat 162 3972LG Driebergen-Rijsenburg Netherlands,node,1881033243,52.0515776,5.2830118,OpenStreetMap via Overpass API
Netherlands,Albert Heijn,Albert Heijn,Polenplein,24a,6665CN,Driel,Polenplein 24a 6665CN Driel Netherlands,node,3016629650,51.9610607,5.8135864,OpenStreetMap via Overpass API
Netherlands,Albert Heijn,Albert Heijn,Beursstraat,12,8253GG,Dronten,Beursstraat 12 8253GG Dronten Netherlands,node,426867479,52.5365947,5.6946031,OpenStreetMap via Overpass API
Netherlands,Albert Heijn,Albert Heijn,Kop van Het Ruim,1,8251KD,Dronten,Kop van Het Ruim 1 8251KD Dronten Netherlands,node,34045224,52.5255205,5.7197823,OpenStreetMap via Overpass API
Netherlands,Albert Heijn,Albert Heijn Jan Linders,Grotestraat,164B,5151BP,Drunen,Grotestraat 164B 5151BP Drunen Netherlands,node,2296694624,51.6872283,5.1357443,OpenStreetMap via Overpass API
Netherlands,Albert Heijn,Albert Heijn,Mexicoplein,1,5152LC,Drunen,Mexicoplein 1 5152LC Drunen Netherlands,node,2296694255,51.6824071,5.1298235,OpenStreetMap via Overpass API
Netherlands,Albert Heijn,Albert Heijn,Scharenburg,21,6652AK,Druten,Scharenburg 21 6652AK Druten Netherlands,node,2974860204,51.8834472,5.6064582,OpenStreetMap via Overpass API
Netherlands,Albert Heijn,Albert Heijn,Thuvinestraat,33,6921BB,Duiven,Thuvinestraat 33 6921BB Duiven Netherlands,node,34044613,51.9484057,6.0209362,OpenStreetMap via Overpass API
Netherlands,Albert Heijn,Albert Heijn,Brink,47,7991CJ,Dwingeloo,Brink 47 7991CJ Dwingeloo Netherlands,node,1588207914,52.8326722,6.3661903,OpenStreetMap via Overpass API
Netherlands,Albert Heijn,Albert Heijn Jan Linders,Clarastraat,2,6102CD,Echt,Clarastraat 2 6102CD Echt Netherlands,node,2811444994,51.0985873,5.888043,OpenStreetMap via Overpass API
Netherlands,Albert Heijn,Albert Heijn,Nieuwe Markt,45,6101CV,Echt,Nieuwe Markt 45 6101CV Echt Netherlands,node,1854785433,51.1034771,5.8731037,OpenStreetMap via Overpass API
Netherlands,Albert Heijn,Albert Heijn,Langemeerstraat,2b,1135JE,Edam,Langemeerstraat 2b 1135JE Edam Netherlands,node,2842386713,52.5072507,5.0529753,OpenStreetMap via Overpass API
Netherlands,Albert Heijn,Albert Heijn,Bunschoterplein,1,6711CD,Ede,Bunschoterplein 1 6711CD Ede Netherlands,node,2765474198,52.0476649,5.6714207,OpenStreetMap via Overpass API
Netherlands,Albert Heijn,Albert Heijn,Parkweide,14,6718DJ,Ede,Parkweide 14 6718DJ Ede Netherlands,node,3673233057,52.0507973,5.6440715,OpenStreetMap via Overpass API
Netherlands,Albert Heijn,Albert Heijn,Rozenplein,8,6713EN,Ede,Rozenplein 8 6713EN Ede Netherlands,node,2554472492,52.0384636,5.6568168,OpenStreetMap via Overpass API
Netherlands,Albert Heijn,Albert Heijn,Stadspoort,1,6716RH,Ede,Stadspoort 1 6716RH Ede Netherlands,node,2266316628,52.0175125,5.6510733,OpenStreetMap via Overpass API
Netherlands,Albert Heijn,Albert Heijn,Borchsingel,25,9766PP,Eelderwolde,Borchsingel 25 9766PP Eelderwolde Netherlands,node,12291875552,53.1797308,6.5402529,OpenStreetMap via Overpass API
Netherlands,Albert Heijn,Albert Heijn,Nieuwe Egmonderstraatweg,11,1934PA,Egmond aan den Hoef,Nieuwe Egmonderstraatweg 11 1934PA Egmond aan den Hoef Netherlands,node,428078537,52.6185303,4.6483948,OpenStreetMap via Overpass API
Netherlands,Albert Heijn,Albert Heijn,Laagte,2,7151BS,Eibergen,Laagte 2 7151BS Eibergen Netherlands,node,792621129,52.1026589,6.6444413,OpenStreetMap via Overpass API
Netherlands,Albert Heijn,Albert Heijn,18 Septemberplein,23,5611AL,Eindhoven,18 Septemberplein 23 5611AL Eindhoven Netherlands,node,2765159187,51.4411688,5.4789952,OpenStreetMap via Overpass API
Netherlands,Albert Heijn,Albert Heijn Jan Linders,Ardèchelaan,5,5627EM,Eindhoven,Ardèchelaan 5 5627EM Eindhoven Netherlands,node,476507837,51.4887195,5.4405974,OpenStreetMap via Overpass API
Netherlands,Albert Heijn,Albert Heijn,Cassandraplein,8,5631BA,Eindhoven,Cassandraplein 8 5631BA Eindhoven Netherlands,node,1565977374,51.4597468,5.4888997,OpenStreetMap via Overpass API
Netherlands,Albert Heijn,Albert Heijn,Franz Leharplein,19,5654AZ,Eindhoven,Franz Leharplein 19 5654AZ Eindhoven Netherlands,node,34044459,51.423354,5.4628062,OpenStreetMap via Overpass API
Netherlands,Albert Heijn,Albert Heijn,Hoogstraat,100,5615PS,Eindhoven,Hoogstraat 100 5615PS Eindhoven Netherlands,node,2748336461,51.4324433,5.4701662,OpenStreetMap via Overpass API
Netherlands,Albert Heijn,Albert Heijn,Kamperfoelielaan,45,5643BB,Eindhoven,Kamperfoelielaan 45 5643BB Eindhoven Netherlands,node,4779591753,51.4230811,5.4986978,OpenStreetMap via Overpass API
Netherlands,Albert Heijn,Albert Heijn,Leenderweg,50,5615AA,Eindhoven,Leenderweg 50 5615AA Eindhoven Netherlands,node,2677011002,51.4263467,5.4889096,OpenStreetMap via Overpass API
Netherlands,Albert Heijn,Albert Heijn,Meerzand,6,5658LJ,Eindhoven,Meerzand 6 5658LJ Eindhoven Netherlands,node,2308207054,51.4429946,5.4093935,OpenStreetMap via Overpass API
Netherlands,Albert Heijn,Albert Heijn,Orionstraat,149,5632DC,Eindhoven,Orionstraat 149 5632DC Eindhoven Netherlands,node,1739747080,51.469994,5.493792,OpenStreetMap via Overpass API
Netherlands,Albert Heijn,Albert Heijn,Ouverture,214,5629PX,Eindhoven,Ouverture 214 5629PX Eindhoven Netherlands,node,34044498,51.4891355,5.4739203,OpenStreetMap via Overpass API
Netherlands,Albert Heijn,Albert Heijn,Roostenlaan,112,5644GJ,Eindhoven,Roostenlaan 112 5644GJ Eindhoven Netherlands,node,2739431278,51.4199049,5.491803,OpenStreetMap via Overpass API
Netherlands,Albert Heijn,Albert Heijn,Sint Petrus Canisiuslaan,43,5645GC,Eindhoven,Sint Petrus Canisiuslaan 43 5645GC Eindhoven Netherlands,node,2675025194,51.4278756,5.5096469,OpenStreetMap via Overpass API
Netherlands,Albert Heijn,Albert Heijn,Strijpsestraat,137A,5616GM,Eindhoven,Strijpsestraat 137A 5616GM Eindhoven Netherlands,node,2215806492,51.4405871,5.4531836,OpenStreetMap via Overpass API
Netherlands,Albert Heijn,Albert Heijn,Tarwelaan,70,5632KG,Eindhoven,Tarwelaan 70 5632KG Eindhoven Netherlands,node,34044495,51.4769954,5.4929612,OpenStreetMap via Overpass API
Netherlands,Albert Heijn,Albert Heijn,Torenallee,86-02,5617BE,Eindhoven,Torenallee 86-02 5617BE Eindhoven Netherlands,node,4750243373,51.448072,5.4541848,OpenStreetMap via Overpass API
Netherlands,Albert Heijn,Albert Heijn,Woenselse Markt,5,5612CP,Eindhoven,Woenselse Markt 5 5612CP Eindhoven Netherlands,node,34044465,51.4516014,5.4722794,OpenStreetMap via Overpass API
Netherlands,Albert Heijn,Albert Heijn,Stationsstraat,110,6181AK,Elsloo,Stationsstraat 110 6181AK Elsloo Netherlands,node,34045542,50.9465514,5.7743479,OpenStreetMap via Overpass API
Netherlands,Albert Heijn,Albert Heijn,Valburgseweg,20,6661EV,Elst,Valburgseweg 20 6661EV Elst Netherlands,node,3008710706,51.919345,5.8389617,OpenStreetMap via Overpass API
Netherlands,Albert Heijn,Albert Heijn,Schoolweg,2B,3921CE,Elst Ut,Schoolweg 2B 3921CE Elst Ut Netherlands,node,2783333776,51.9851543,5.4963221,OpenStreetMap via Overpass API
Netherlands,Albert Heijn,Albert Heijn,Haarlemmermeer,2,8302NP,Emmeloord,Haarlemmermeer 2 8302NP Emmeloord Netherlands,node,34044907,52.7202272,5.7299951,OpenStreetMap via Overpass API
Netherlands,Albert Heijn,Albert Heijn,Lange Nering,200,8302EZ,Emmeloord,Lange Nering 200 8302EZ Emmeloord Netherlands,node,34044908,52.7111512,5.7628774,OpenStreetMap via Overpass API
Netherlands,Albert Heijn,Albert Heijn,Baander,165,7811HT,Emmen,Baander 165 7811HT Emmen Netherlands,node,1645655073,52.7814482,6.8938618,OpenStreetMap via Overpass API
Netherlands,Albert Heijn,Albert Heijn,Westerstraat,188,1601AP,Enkhuizen,Westerstraat 188 1601AP Enkhuizen Netherlands,node,9559074908,52.7031685,5.282342,OpenStreetMap via Overpass API
Netherlands,Albert Heijn,Albert Heijn,Gronausestraat,1130,7534AS,Enschede,Gronausestraat 1130 7534AS Enschede Netherlands,node,2673434875,52.2152572,6.9711244,OpenStreetMap via Overpass API
Netherlands,Albert Heijn,Albert Heijn,Hendrik Jan van Heekplein,63,7511HN,Enschede,Hendrik Jan van Heekplein 63 7511HN Enschede Netherlands,node,2775263986,52.2168502,6.8992435,OpenStreetMap via Overpass API
Netherlands,Albert Heijn,Albert Heijn,Kevelhamhoek,71,7546EN,Enschede,Kevelhamhoek 71 7546EN Enschede Netherlands,node,34044873,52.1939537,6.8555004,OpenStreetMap via Overpass API
Netherlands,Albert Heijn,Albert Heijn,Rijnstraat,20,7523GG,Enschede,Rijnstraat 20 7523GG Enschede Netherlands,node,2750210747,52.2392717,6.8948563,OpenStreetMap via Overpass API
Netherlands,Albert Heijn,Albert Heijn,Veldhoflanden,2,7542LA,Enschede,Veldhoflanden 2 7542LA Enschede Netherlands,node,2456904111,52.1936296,6.9009165,OpenStreetMap via Overpass API
Netherlands,Albert Heijn,Albert Heijn,Wesseler-nering,20A,7544JB,Enschede,Wesseler-nering 20A 7544JB Enschede Netherlands,node,5815653331,52.1922609,6.8787095,OpenStreetMap via Overpass API
Netherlands,Albert Heijn,Albert Heijn,Wethouder Nijhuisstraat,164,7545NM,Enschede,Wethouder Nijhuisstraat 164 7545NM Enschede Netherlands,node,2453549799,52.2130288,6.861793,OpenStreetMap via Overpass API
Netherlands,Albert Heijn,Albert Heijn,Zonstraat,28,7521HH,Enschede,Zonstraat 28 7521HH Enschede Netherlands,node,34044867,52.2287624,6.8592693,OpenStreetMap via Overpass API
Netherlands,Albert Heijn,Albert Heijn,Pastoor Heimerikxstraat,3,7468EB,Enter,Pastoor Heimerikxstraat 3 7468EB Enter Netherlands,node,2843910092,52.292551,6.5775805,OpenStreetMap via Overpass API
Netherlands,Albert Heijn,Albert Heijn,Sint Martinusplein,8,8161ED,Epe,Sint Martinusplein 8 8161ED Epe Netherlands,node,2853565289,52.3492676,5.9853262,OpenStreetMap via Overpass API
Netherlands,Albert Heijn,Albert Heijn,Branderskamp,9,3851XV,Ermelo,Branderskamp 9 3851XV Ermelo Netherlands,node,3999401579,52.3017027,5.6316766,OpenStreetMap via Overpass API
Netherlands,Albert Heijn,Albert Heijn,Cruijgenstraat,3,5469BS,Erp,Cruijgenstraat 3 5469BS Erp Netherlands,node,2180617027,51.6011319,5.6076309,OpenStreetMap via Overpass API
Netherlands,Albert Heijn,Albert Heijn,Burchtplein,13,4873BS,Etten-Leur,Burchtplein 13 4873BS Etten-Leur Netherlands,node,2751009675,51.5683444,4.6392964,OpenStreetMap via Overpass API
Netherlands,Albert Heijn,Albert Heijn Jan Linders,de Klef,22,6644CT,Ewijk,de Klef 22 6644CT Ewijk Netherlands,node,2303869505,51.8700734,5.7403183,OpenStreetMap via Overpass API
Netherlands,Albert Heijn,Albert Heijn,Leeuwarderweg,8a,8801BV,Franeker,Leeuwarderweg 8a 8801BV Franeker Netherlands,node,4368545298,53.187497,5.5505799,OpenStreetMap via Overpass API
Netherlands,Albert Heijn,Albert Heijn,Achter 't Veer,6,4191AD,Geldermalsen,Achter 't Veer 6 4191AD Geldermalsen Netherlands,node,2795130951,51.8835487,5.2864948,OpenStreetMap via Overpass API
Netherlands,Albert Heijn,Albert Heijn Prinses Máximaplein,Prinses Máximaplein,8,4191XT,Geldermalsen,Prinses Máximaplein 8 4191XT Geldermalsen Netherlands,node,2796625790,51.8866584,5.2994431,OpenStreetMap via Overpass API
Netherlands,Albert Heijn,Albert Heijn,Eindhovenseweg,40,5662AB,Geldrop,Eindhovenseweg 40 5662AB Geldrop Netherlands,node,6356232511,51.4247752,5.5474609,OpenStreetMap via Overpass API
Netherlands,Albert Heijn,Albert Heijn,Heuvel,81,5664HN,Geldrop,Heuvel 81 5664HN Geldrop Netherlands,node,2872361124,51.422858,5.5587767,OpenStreetMap via Overpass API
Netherlands,Albert Heijn,Albert Heijn,Laan van Tolkien,220,5663SC,Geldrop,Laan van Tolkien 220 5663SC Geldrop Netherlands,node,2871234427,51.4133428,5.5429871,OpenStreetMap via Overpass API
Netherlands,Albert Heijn,Albert Heijn Jan Linders,Markt,101A,6161GN,Geleen,Markt 101A 6161GN Geleen Netherlands,node,528446022,50.9706977,5.8290943,OpenStreetMap via Overpass API
Netherlands,Albert Heijn,Albert Heijn,Rijksweg Zuid,2,6161BP,Geleen,Rijksweg Zuid 2 6161BP Geleen Netherlands,node,34044490,50.967147,5.8268324,OpenStreetMap via Overpass API
Netherlands,Albert Heijn,Albert Heijn,Kapelaanstraat,25,5421DD,Gemert,Kapelaanstraat 25 5421DD Gemert Netherlands,node,3005544212,51.5535664,5.6848636,OpenStreetMap via Overpass API
Netherlands,Albert Heijn,Albert Heijn,Julianastraat,12,6691AV,Gendt,Julianastraat 12 6691AV Gendt Netherlands,node,2302202090,51.8781315,5.969859,OpenStreetMap via Overpass API
Netherlands,Albert Heijn,Albert Heijn,Klaas Fuitestraat,42,8281BZ,Genemuiden,Klaas Fuitestraat 42 8281BZ Genemuiden Netherlands,node,2637018745,52.6238776,6.0454275,OpenStreetMap via Overpass API
Netherlands,Albert Heijn,Albert Heijn,Wilhelminaplein,4,6591GX,Gennep,Wilhelminaplein 4 6591GX Gennep Netherlands,node,3283865266,51.6966801,5.9728557,OpenStreetMap via Overpass API
Netherlands,Albert Heijn,Albert Heijn,Lijnbaanplein,12,3381EA,Giessenburg,Lijnbaanplein 12 3381EA Giessenburg Netherlands,node,4487588039,51.851977,4.8868852,OpenStreetMap via Overpass API
Netherlands,Albert Heijn,Albert Heijn,Kolveniershof,44,4461DB,Goes,Kolveniershof 44 4461DB Goes Netherlands,node,2905820374,51.5030824,3.887308,OpenStreetMap via Overpass API
Netherlands,Albert Heijn,Albert Heijn,Westhavendijk,103,4463AD,Goes,Westhavendijk 103 4463AD Goes Netherlands,node,6945860532,51.5103709,3.8904958,OpenStreetMap via Overpass API
Netherlands,Albert Heijn,Albert Heijn,De Hovel,19,5051NP,Goirle,De Hovel 19 5051NP Goirle Netherlands,node,34044355,51.5212602,5.0697515,OpenStreetMap via Overpass API
Netherlands,Albert Heijn,Albert Heijn,Koningsschild,11,5051TT,Goirle,Koningsschild 11 5051TT Goirle Netherlands,node,1841382546,51.5192259,5.0565514,OpenStreetMap via Overpass API
Netherlands,Albert Heijn,Albert Heijn,Weversplein,5,7471VS,Goor,Weversplein 5 7471VS Goor Netherlands,node,2306987476,52.2313827,6.5850909,OpenStreetMap via Overpass API
Netherlands,Albert Heijn,Albert Heijn,De Linie,54,4208DE,Gorinchem,De Linie 54 4208DE Gorinchem Netherlands,node,5536255750,51.8373329,5.0080456,OpenStreetMap via Overpass API
Netherlands,Albert Heijn,Albert Heijn,Piazza Center,74,4204BS,Gorinchem,Piazza Center 74 4204BS Gorinchem Netherlands,node,1452784938,51.8370599,4.9618351,OpenStreetMap via Overpass API
Netherlands,Albert Heijn,Albert Heijn,Hofland,1,8401SH,Gorredijk,Hofland 1 8401SH Gorredijk Netherlands,node,4456146289,53.0034861,6.0664617,OpenStreetMap via Overpass API
Netherlands,Albert Heijn,Albert Heijn,Burgemeester van Dijkesingel,53,2809RB,Gouda,Burgemeester van Dijkesingel 53 2809RB Gouda Netherlands,node,6093789430,52.0025874,4.6801093,OpenStreetMap via Overpass API
Netherlands,Albert Heijn,Albert Heijn,Lekkenburg,3,2804XA,Gouda,Lekkenburg 3 2804XA Gouda Netherlands,node,34044448,52.0320178,4.7043658,OpenStreetMap via Overpass API
Netherlands,Albert Heijn,Albert Heijn,Markt,50,2801JL,Gouda,Markt 50 2801JL Gouda Netherlands,node,839684555,52.0121033,4.7099167,OpenStreetMap via Overpass API
Netherlands,Albert Heijn,Albert Heijn,Middenmolenplein,64,2807GZ,Gouda,Middenmolenplein 64 2807GZ Gouda Netherlands,node,2804926076,52.0113663,4.7436911,OpenStreetMap via Overpass API
Netherlands,Albert Heijn,Albert Heijn,Hoofschestraat,2,5361EV,Grave,Hoofschestraat 2 5361EV Grave Netherlands,node,34045623,51.7595116,5.7388693,OpenStreetMap via Overpass API
Netherlands,Albert Heijn,Albert Heijn,Houtstraat,67,6127EC,Grevenbicht,Houtstraat 67 6127EC Grevenbicht Netherlands,node,429798204,51.0359663,5.7786077,OpenStreetMap via Overpass API
Netherlands,Albert Heijn,Albert Heijn,Beltrumsestraat,40,7141AM,Groenlo,Beltrumsestraat 40 7141AM Groenlo Netherlands,node,4638305775,52.042876,6.6137297,OpenStreetMap via Overpass API
Netherlands,Albert Heijn,Albert Heijn Jan Linders,Spoorlaan,5,6562AL,Groesbeek,Spoorlaan 5 6562AL Groesbeek Netherlands,node,4878566632,51.7774269,5.9351854,OpenStreetMap via Overpass API
Netherlands,Albert Heijn,Albert Heijn,Akerkhof,1,9712BA,Groningen,Akerkhof 1 9712BA Groningen Netherlands,node,1586986264,53.2168297,6.5637245,OpenStreetMap via Overpass API
Netherlands,Albert Heijn,Albert Heijn,B.S.F. von Suttnerstraat,1,9728WZ,Groningen,B.S.F. von Suttnerstraat 1 9728WZ Groningen Netherlands,node,1585713499,53.187585,6.5548363,OpenStreetMap via Overpass API
Netherlands,Albert Heijn,Albert Heijn,Brugstraat,14,9711HX,Groningen,Brugstraat 14 9711HX Groningen Netherlands,node,1601790703,53.2164805,6.5606538,OpenStreetMap via Overpass API
Netherlands,Albert Heijn,Albert Heijn,Dierenriemstraat,122,9742AK,Groningen,Dierenriemstraat 122 9742AK Groningen Netherlands,node,34045922,53.2308424,6.5449164,OpenStreetMap via Overpass API
Netherlands,Albert Heijn,Albert Heijn,Eikenlaan,39,9741EH,Groningen,Eikenlaan 39 9741EH Groningen Netherlands,node,1601790711,53.2335313,6.5533547,OpenStreetMap via Overpass API
Netherlands,Albert Heijn,Albert Heijn,Floresplein,13,9715HH,Groningen,Floresplein 13 9715HH Groningen Netherlands,node,1586986277,53.2318975,6.5696424,OpenStreetMap via Overpass API
Netherlands,Albert Heijn,Albert Heijn,Gedempte Zuiderdiep,14,9711HG,Groningen,Gedempte Zuiderdiep 14 9711HG Groningen Netherlands,node,1586986253,53.2153885,6.5702582,OpenStreetMap via Overpass API
Netherlands,Albert Heijn,Albert Heijn,Helperplein,4,9721CX,Groningen,Helperplein 4 9721CX Groningen Netherlands,node,2740119059,53.1975213,6.5791972,OpenStreetMap via Overpass API
Netherlands,Albert Heijn,Albert Heijn,Nieuwe Ebbingestraat,73,9712NG,Groningen,Nieuwe Ebbingestraat 73 9712NG Groningen Netherlands,node,1513357562,53.2246121,6.5626811,OpenStreetMap via Overpass API
Netherlands,Albert Heijn,Albert Heijn,Oude Ebbingestraat,19,9712HA,Groningen,Oude Ebbingestraat 19 9712HA Groningen Netherlands,node,1586986265,53.22,6.5668804,OpenStreetMap via Overpass API
Netherlands,Albert Heijn,Albert Heijn,Rijksweg,129a,9731AH,Groningen,Rijksweg 129a 9731AH Groningen Netherlands,node,426867467,53.2311195,6.6184996,OpenStreetMap via Overpass API
Netherlands,Albert Heijn,Albert Heijn,Rijksweg,16,9731AB,Groningen,Rijksweg 16 9731AB Groningen Netherlands,node,1586986276,53.2270379,6.59953,OpenStreetMap via Overpass API
Netherlands,Albert Heijn,Albert Heijn,Siersteenlaan,464,9743ES,Groningen,Siersteenlaan 464 9743ES Groningen Netherlands,node,2478642981,53.2252306,6.5285706,OpenStreetMap via Overpass API
Netherlands,Albert Heijn,Albert Heijn,Stoepemaheerd,21,9737TL,Groningen,Stoepemaheerd 21 9737TL Groningen Netherlands,node,1586986288,53.2463172,6.5888725,OpenStreetMap via Overpass API
Netherlands,Albert Heijn,Albert Heijn,Van Lenneplaan,99,9721PE,Groningen,Van Lenneplaan 99 9721PE Groningen Netherlands,node,1586986241,53.1964508,6.5678515,OpenStreetMap via Overpass API
Netherlands,Albert Heijn,Albert Heijn,Westerkade,11,9718AR,Groningen,Westerkade 11 9718AR Groningen Netherlands,node,2751904757,53.215443,6.5575725,OpenStreetMap via Overpass API
Netherlands,Albert Heijn,Albert Heijn,Zuiderweg,27,9745AA,Groningen,Zuiderweg 27 9745AA Groningen Netherlands,node,34044896,53.2149328,6.5012042,OpenStreetMap via Overpass API
Netherlands,Albert Heijn,Albert Heijn Jan Linders,Kloosterstraat,70,5971BD,Grubbenvorst,Kloosterstraat 70 5971BD Grubbenvorst Netherlands,node,981750573,51.4203388,6.1453361,OpenStreetMap via Overpass API
Netherlands,Albert Heijn,Albert Heijn,De Haven,5,9061DL,Gytsjerk,De Haven 5 9061DL Gytsjerk Netherlands,node,5088001214,53.2426197,5.8915831,OpenStreetMap via Overpass API
Netherlands,Albert Heijn,Albert Heijn,Spoorstraat,30,7481HZ,Haaksbergen,Spoorstraat 30 7481HZ Haaksbergen Netherlands,node,34044871,52.1564786,6.7407655,OpenStreetMap via Overpass API
Netherlands,Albert Heijn,Albert Heijn,Mgr Bekkersplein,3,5076AZ,Haaren,Mgr Bekkersplein 3 5076AZ Haaren Netherlands,node,2782004664,51.6016301,5.2264057,OpenStreetMap via Overpass API
Netherlands,Albert Heijn,Albert Heijn,Casablancastraat,13,2037AZ,Haarlem,Casablancastraat 13 2037AZ Haarlem Netherlands,node,8412889546,52.3587988,4.6554843,OpenStreetMap via Overpass API
Netherlands,Albert Heijn,Albert Heijn,Drossestraat,11,2011XW,Haarlem,Drossestraat 11 2011XW Haarlem Netherlands,node,1283424698,52.3816807,4.6303893,OpenStreetMap via Overpass API
Netherlands,Albert Heijn,Albert Heijn,Grote Houtstraat,182,2011SZ,Haarlem,Grote Houtstraat 182 2011SZ Haarlem Netherlands,node,34044682,52.3763749,4.6309317,OpenStreetMap via Overpass API
Netherlands,Albert Heijn,Albert Heijn,Kruisstraat,10,2011PX,Haarlem,Kruisstraat 10 2011PX Haarlem Netherlands,node,34044683,52.3844618,4.6357752,OpenStreetMap via Overpass API
Netherlands,Albert Heijn,Albert Heijn,Marsmanplein,222,2025DV,Haarlem,Marsmanplein 222 2025DV Haarlem Netherlands,node,2716762720,52.4170393,4.6471962,OpenStreetMap via Overpass API
Netherlands,Albert Heijn,Albert Heijn,Menno Simonszplein,6,2014SC,Haarlem,Menno Simonszplein 6 2014SC Haarlem Netherlands,node,3802651657,52.3776085,4.6170875,OpenStreetMap via Overpass API
Netherlands,Albert Heijn,Albert Heijn,Santpoorterstraat,41,2023DB,Haarlem,Santpoorterstraat 41 2023DB Haarlem Netherlands,node,2714807825,52.3933152,4.6298086,OpenStreetMap via Overpass API
Netherlands,Albert Heijn,Albert Heijn,Schipholweg,5,2034LS,Haarlem,Schipholweg 5 2034LS Haarlem Netherlands,node,9545619551,52.3706996,4.6469918,OpenStreetMap via Overpass API
Netherlands,Albert Heijn,Albert Heijn,Soendaplein,18,2022BA,Haarlem,Soendaplein 18 2022BA Haarlem Netherlands,node,2715765094,52.3984379,4.6451453,OpenStreetMap via Overpass API
Netherlands,Albert Heijn,Albert Heijn,Spoorwegstraat,1-3,2015BL,Haarlem,Spoorwegstraat 1-3 2015BL Haarlem Netherlands,node,34044685,52.3871015,4.6223888,OpenStreetMap via Overpass API
Netherlands,Albert Heijn,Albert Heijn,Linsenhof,5,6081GM,Haelen,Linsenhof 5 6081GM Haelen Netherlands,node,2931255131,51.234638,5.9599683,OpenStreetMap via Overpass API
Netherlands,Albert Heijn,Albert Heijn,Vogelenzang,95,4661JD,Halsteren,Vogelenzang 95 4661JD Halsteren Netherlands,node,34045408,51.522579,4.2728666,OpenStreetMap via Overpass API
Netherlands,Albert Heijn,Albert Heijn,Van Wevelinckhovenplein,60,7772VJ,Hardenberg,Van Wevelinckhovenplein 60 7772VJ Hardenberg Netherlands,node,426867469,52.576872,6.6195977,OpenStreetMap via Overpass API
Netherlands,Albert Heijn,Albert Heijn,Krommekamp,115,3848DP,Harderwijk,Krommekamp 115 3848DP Harderwijk Netherlands,node,2856087234,52.3494148,5.648464,OpenStreetMap via Overpass API
Netherlands,Albert Heijn,Albert Heijn,Selhorstweg,2,3841GL,Harderwijk,Selhorstweg 2 3841GL Harderwijk Netherlands,node,34044849,52.3478915,5.6230406,OpenStreetMap via Overpass API
Netherlands,Albert Heijn,Albert Heijn,Talmastraat,16,3371VG,Hardinxveld-Giessendam,Talmastraat 16 3371VG Hardinxveld-Giessendam Netherlands,node,1596614254,51.8256504,4.8329055,OpenStreetMap via Overpass API
Netherlands,Albert Heijn,Albert Heijn,Kerkstraat,27,9751BB,Haren Gn,Kerkstraat 27 9751BB Haren Gn Netherlands,node,1586986228,53.1730232,6.6081197,OpenStreetMap via Overpass API
Netherlands,Albert Heijn,Albert Heijn,Kimswerderweg,56,8862TS,Harlingen,Kimswerderweg 56 8862TS Harlingen Netherlands,node,12623630306,53.164337,5.4259063,OpenStreetMap via Overpass API
Netherlands,Albert Heijn,Albert Heijn,Zuiderhaven,8,8861XB,Harlingen,Zuiderhaven 8 8861XB Harlingen Netherlands,node,3063353928,53.1738765,5.4125725,OpenStreetMap via Overpass API
Netherlands,Albert Heijn,Albert Heijn,Vechtstraat,7,8051JM,Hattem,Vechtstraat 7 8051JM Hattem Netherlands,node,2503146527,52.4777371,6.054637,OpenStreetMap via Overpass API
Netherlands,Albert Heijn,Albert Heijn,Dorpsstraat,36,7971CS,Havelte,Dorpsstraat 36 7971CS Havelte Netherlands,node,1588780806,52.7708043,6.2352513,OpenStreetMap via Overpass API
Netherlands,Albert Heijn,Albert Heijn,Oude Gemeneweg,5-7,2391BE,Hazerswoude-Dorp,Oude Gemeneweg 5-7 2391BE Hazerswoude-Dorp Netherlands,node,34045683,52.0968209,4.591716,OpenStreetMap via Overpass API
Netherlands,Albert Heijn,Albert Heijn,Europassage,21,1966WH,Heemskerk,Europassage 21 1966WH Heemskerk Netherlands,node,1261864283,52.4943988,4.6782294,OpenStreetMap via Overpass API
Netherlands,Albert Heijn,Albert Heijn,Kerkweg,85,1961JB,Heemskerk,Kerkweg 85 1961JB Heemskerk Netherlands,node,4833229774,52.5109515,4.6671044,OpenStreetMap via Overpass API
Netherlands,Albert Heijn,Albert Heijn,Rijksstraatweg,40,1964LJ,Heemskerk,Rijksstraatweg 40 1964LJ Heemskerk Netherlands,node,5129202116,52.5054609,4.6559954,OpenStreetMap via Overpass API
Netherlands,Albert Heijn,Albert Heijn,Blekersvaartweg,57,2101CD,Heemstede,Blekersvaartweg 57 2101CD Heemstede Netherlands,node,1938811956,52.3560761,4.6203141,OpenStreetMap via Overpass API
Netherlands,Albert Heijn,Albert Heijn,Zandvoortselaan,169,2106AM,Heemstede,Zandvoortselaan 169 2106AM Heemstede Netherlands,node,34044694,52.3597414,4.6044708,OpenStreetMap via Overpass API
Netherlands,Albert Heijn,Albert Heijn,Nico de Regtplein,5,3218XW,Heenvliet,Nico de Regtplein 5 3218XW Heenvliet Netherlands,node,9946598909,51.8621144,4.2355823,OpenStreetMap via Overpass API
Netherlands,Albert Heijn,Albert Heijn,De Passage,2,8442PH,Heerenveen,De Passage 2 8442PH Heerenveen Netherlands,node,2740992040,52.9590812,5.9263043,OpenStreetMap via Overpass API
Netherlands,Albert Heijn,Albert Heijn,Anna Clasina op 't Landtplantsoen,11,1705GS,Heerhugowaard,Anna Clasina op 't Landtplantsoen 11 1705GS Heerhugowaard Netherlands,node,2864229901,52.6495941,4.8266722,OpenStreetMap via Overpass API
Netherlands,Albert Heijn,Albert Heijn,Roze Flamingo,98,1704WV,Heerhugowaard,Roze Flamingo 98 1704WV Heerhugowaard Netherlands,node,4898345256,52.653358,4.8138203,OpenStreetMap via Overpass API
Netherlands,Albert Heijn,Albert Heijn Jan Linders,Bautscherweg,43,6418EJ,Heerlen,Bautscherweg 43 6418EJ Heerlen Netherlands,node,2848497533,50.867444,6.0063404,OpenStreetMap via Overpass API
Netherlands,Albert Heijn,Albert Heijn,Homerusplein,9,6411AW,Heerlen,Homerusplein 9 6411AW Heerlen Netherlands,node,2844541967,50.8864046,5.9697229,OpenStreetMap via Overpass API
Netherlands,Albert Heijn,Albert Heijn,Schandelerboord,25,6415AA,Heerlen,Schandelerboord 25 6415AA Heerlen Netherlands,node,34044514,50.8904569,5.9844671,OpenStreetMap via Overpass API
Netherlands,Albert Heijn,Albert Heijn Jan Linders,Sittarderweg,152,6412CM,Heerlen,Sittarderweg 152 6412CM Heerlen Netherlands,node,2844349980,50.9009301,5.9716562,OpenStreetMap via Overpass API
Netherlands,Albert Heijn,Albert Heijn,'t Dorp,40,5384MC,Heesch,'t Dorp 40 5384MC Heesch Netherlands,node,34044570,51.7359173,5.5303507,OpenStreetMap via Overpass API
Netherlands,Albert Heijn,Albert Heijn,Kapelstraat,35,5591HC,Heeze,Kapelstraat 35 5591HC Heeze Netherlands,node,13158712628,51.3816714,5.580721,OpenStreetMap via Overpass API
Netherlands,Albert Heijn,Albert Heijn,'t Loo,61,1851HT,Heiloo,'t Loo 61 1851HT Heiloo Netherlands,node,2780360463,52.605732,4.7120929,OpenStreetMap via Overpass API
Netherlands,Albert Heijn,Albert Heijn,Het Hoekstuk,6,1852KX,Heiloo,Het Hoekstuk 6 1852KX Heiloo Netherlands,node,30839686,52.603883,4.6880087,OpenStreetMap via Overpass API
Netherlands,Albert Heijn,Albert Heijn,Rosendaal,95,1851RK,Heiloo,Rosendaal 95 1851RK Heiloo Netherlands,node,30845027,52.5921461,4.7123234,OpenStreetMap via Overpass API
Netherlands,Albert Heijn,Albert Heijn,Dorpsstraat,48b,7447CT,Hellendoorn,Dorpsstraat 48b 7447CT Hellendoorn Netherlands,node,34045806,52.3905088,6.4486652,OpenStreetMap via Overpass API
Netherlands,Albert Heijn,Albert Heijn,Evertsenplein,68,3221BL,Hellevoetsluis,Evertsenplein 68 3221BL Hellevoetsluis Netherlands,node,34044321,51.8334023,4.1308333,OpenStreetMap via Overpass API
Netherlands,Albert Heijn,Albert Heijn,Struytse Hoeck,91,3224HA,Hellevoetsluis,Struytse Hoeck 91 3224HA Hellevoetsluis Netherlands,node,34044320,51.830358,4.1446045,OpenStreetMap via Overpass API
Netherlands,Albert Heijn,Albert Heijn,Brouwhorst,49,5704EG,Helmond,Brouwhorst 49 5704EG Helmond Netherlands,node,34044525,51.4700722,5.7020811,OpenStreetMap via Overpass API
Netherlands,Albert Heijn,Albert Heijn Jan Linders,Dijksestraat,131,5701AL,Helmond,Dijksestraat 131 5701AL Helmond Netherlands,node,2904083968,51.4883026,5.6676428,OpenStreetMap via Overpass API
Netherlands,Albert Heijn,Albert Heijn Jan Linders,Janssen & Fritsenplein,11,5706DZ,Helmond,Janssen & Fritsenplein 11 5706DZ Helmond Netherlands,node,34045544,51.4656502,5.633972,OpenStreetMap via Overpass API
Netherlands,Albert Heijn,Albert Heijn,de Plaetse,87,5708ZK,Helmond,de Plaetse 87 5708ZK Helmond Netherlands,node,2340308267,51.4597071,5.6108063,OpenStreetMap via Overpass API
Netherlands,Albert Heijn,Albert Heijn,Reeweg,88,3342AC,Hendrik-Ido-Ambacht,Reeweg 88 3342AC Hendrik-Ido-Ambacht Netherlands,node,429685291,51.8452829,4.6302949,OpenStreetMap via Overpass API
Netherlands,Albert Heijn,Albert Heijn,Sophiapromenade,14,3344PM,Hendrik-Ido-Ambacht,Sophiapromenade 14 3344PM Hendrik-Ido-Ambacht Netherlands,node,2357364990,51.8351599,4.6468024,OpenStreetMap via Overpass API
Netherlands,Albert Heijn,Albert Heijn,Boekeloseweg,26,7553DN,Hengelo,Boekeloseweg 26 7553DN Hengelo Netherlands,node,34044870,52.2551507,6.7862592,OpenStreetMap via Overpass API
Netherlands,Albert Heijn,Albert Heijn,Christiaan Langefeldstraat,83,7558CZ,Hengelo,Christiaan Langefeldstraat 83 7558CZ Hengelo Netherlands,node,34044830,52.2842359,6.8295282,OpenStreetMap via Overpass API
Netherlands,Albert Heijn,Albert Heijn,Straatsburg,48,7559NM,Hengelo,Straatsburg 48 7559NM Hengelo Netherlands,node,2782758382,52.2952186,6.8057906,OpenStreetMap via Overpass API
Netherlands,Albert Heijn,Albert Heijn,Thiemsbrug,19,7551EZ,Hengelo,Thiemsbrug 19 7551EZ Hengelo Netherlands,node,34044819,52.2668305,6.793714,OpenStreetMap via Overpass API
Netherlands,Albert Heijn,Albert Heijn,Uitslagsweg,95-1,7556LN,Hengelo,Uitslagsweg 95-1 7556LN Hengelo Netherlands,node,34045844,52.2767094,6.7922748,OpenStreetMap via Overpass API
Netherlands,Albert Heijn,Albert Heijn,Willem de Mérodestraat,10,7552WZ,Hengelo,Willem de Mérodestraat 10 7552WZ Hengelo Netherlands,node,34044833,52.2626675,6.8208042,OpenStreetMap via Overpass API
Netherlands,Albert Heijn,Albert Heijn,Raadhuisstraat,24,7255BN,Hengelo (Gld),Raadhuisstraat 24 7255BN Hengelo (Gld) Netherlands,node,3297175777,52.0534317,6.3084326,OpenStreetMap via Overpass API
Netherlands,Albert Heijn,Albert Heijn Jan Linders,Craenberglaan,13,6075HC,Herkenbosch,Craenberglaan 13 6075HC Herkenbosch Netherlands,node,2902218737,51.1555541,6.0639723,OpenStreetMap via Overpass API
Netherlands,Albert Heijn,Albert Heijn Jan Linders,Groene Kruisstraat,8,6049BW,Herten,Groene Kruisstraat 8 6049BW Herten Netherlands,node,2932751646,51.1797164,5.9633265,OpenStreetMap via Overpass API
Netherlands,Albert Heijn,Albert Heijn Heerschap,Sint Antoniusstraat,1a,6093GA,Heythuysen,Sint Antoniusstraat 1a 6093GA Heythuysen Netherlands,node,11423435725,51.2506709,5.8997217,OpenStreetMap via Overpass API
Netherlands,Albert Heijn,Albert Heijn,Henri Dunantplein,6,2181EM,Hillegom,Henri Dunantplein 6 2181EM Hillegom Netherlands,node,34044627,52.2924484,4.5774722,OpenStreetMap via Overpass API
Netherlands,Albert Heijn,Albert Heijn,Gelderstraat,52,5081AC,Hilvarenbeek,Gelderstraat 52 5081AC Hilvarenbeek Netherlands,node,2580729751,51.482669,5.1381474,OpenStreetMap via Overpass API
Netherlands,Albert Heijn,Albert Heijn,Bodemanstraat,9B,1216AH,Hilversum,Bodemanstraat 9B 1216AH Hilversum Netherlands,node,2879032911,52.2215382,5.1552995,OpenStreetMap via Overpass API
Netherlands,Albert Heijn,Albert Heijn,De Meent,19,1218CB,Hilversum,De Meent 19 1218CB Hilversum Netherlands,node,2877791247,52.2707925,5.1377368,OpenStreetMap via Overpass API
Netherlands,Albert Heijn,Albert Heijn,Gijsbrecht van Amstelstraat,177,1214AX,Hilversum,Gijsbrecht van Amstelstraat 177 1214AX Hilversum Netherlands,node,428595125,52.2154439,5.1679638,OpenStreetMap via Overpass API
Netherlands,Albert Heijn,Albert Heijn,Kapittelweg,105,1216HX,Hilversum,Kapittelweg 105 1216HX Hilversum Netherlands,node,428595127,52.2160336,5.1409489,OpenStreetMap via Overpass API
Netherlands,Albert Heijn,Albert Heijn,Langestraat,53,1211GV,Hilversum,Langestraat 53 1211GV Hilversum Netherlands,node,2879097890,52.2220569,5.1756252,OpenStreetMap via Overpass API
Netherlands,Albert Heijn,Albert Heijn,Oosterengweg,70,1212CP,Hilversum,Oosterengweg 70 1212CP Hilversum Netherlands,node,1419361429,52.2188907,5.1950414,OpenStreetMap via Overpass API
Netherlands,Albert Heijn,Albert Heijn,Seinstraat,13,1223DE,Hilversum,Seinstraat 13 1223DE Hilversum Netherlands,node,34046135,52.2323415,5.1916937,OpenStreetMap via Overpass API
Netherlands,Albert Heijn,Albert Heijn,Van Hogendorplaan,44,1215EH,Hilversum,Van Hogendorplaan 44 1215EH Hilversum Netherlands,node,428595126,52.2144323,5.1556622,OpenStreetMap via Overpass API
Netherlands,Albert Heijn,Albert Heijn,Prins Hendrikstraat,382,3151AW,Hoek van Holland,Prins Hendrikstraat 382 3151AW Hoek van Holland Netherlands,node,2756946355,51.9777455,4.1286673,OpenStreetMap via Overpass API
Netherlands,Albert Heijn,Albert Heijn,Akerstraat-Noord,282,6431HW,Hoensbroek,Akerstraat-Noord 282 6431HW Hoensbroek Netherlands,node,2835115258,50.9265179,5.9420975,OpenStreetMap via Overpass API
Netherlands,Albert Heijn,Albert Heijn,Kouvenderstraat,100,6431HH,Hoensbroek,Kouvenderstraat 100 6431HH Hoensbroek Netherlands,node,34044520,50.9250641,5.9312033,OpenStreetMap via Overpass API
Netherlands,Albert Heijn,Albert Heijn,Kantemarsweg,10,3871AP,Hoevelaken,Kantemarsweg 10 3871AP Hoevelaken Netherlands,node,2716757057,52.1762536,5.456394,OpenStreetMap via Overpass API
Netherlands,Albert Heijn,Albert Heijn,St. Janstraat,91,4741AN,Hoeven,St. Janstraat 91 4741AN Hoeven Netherlands,node,429685305,51.5818923,4.5831435,OpenStreetMap via Overpass API
Netherlands,Albert Heijn,Albert Heijn,Larenseweg,102D,7451EN,Holten,Larenseweg 102D 7451EN Holten Netherlands,node,10784693565,52.2712327,6.4058376,OpenStreetMap via Overpass API
Netherlands,Albert Heijn,Albert Heijn,Dijkstraat,102,2675AZ,Honselersdijk,Dijkstraat 102 2675AZ Honselersdijk Netherlands,node,3051809237,52.0084646,4.229261,OpenStreetMap via Overpass API
Netherlands,Albert Heijn,Albert Heijn,Genderenplein,13,2134DP,Hoofddorp,Genderenplein 13 2134DP Hoofddorp Netherlands,node,402821637,52.306975,4.638628,OpenStreetMap via Overpass API
Netherlands,Albert Heijn,Albert Heijn,Markenburg,99,2135DS,Hoofddorp,Markenburg 99 2135DS Hoofddorp Netherlands,node,34044673,52.3017804,4.6641909,OpenStreetMap via Overpass API
Netherlands,Albert Heijn,Albert Heijn,Muiderbos,140,2134SV,Hoofddorp,Muiderbos 140 2134SV Hoofddorp Netherlands,node,2731543731,52.3146925,4.6595284,OpenStreetMap via Overpass API
Netherlands,Albert Heijn,Albert Heijn,Haviksberg,51,4631VB,Hoogerheide,Haviksberg 51 4631VB Hoogerheide Netherlands,node,5039820617,51.4264578,4.3204574,OpenStreetMap via Overpass API
Netherlands,Albert Heijn,Albert Heijn,De Weide,28,7908AB,Hoogeveen,De Weide 28 7908AB Hoogeveen Netherlands,node,2841771569,52.7186479,6.4518869,OpenStreetMap via Overpass API
Netherlands,Albert Heijn,Albert Heijn,De nije nering,50,7906EW,Hoogeveen,De nije nering 50 7906EW Hoogeveen Netherlands,node,2836258735,52.7157026,6.4841069,OpenStreetMap via Overpass API
Netherlands,Albert Heijn,Albert Heijn,Griendtsveenweg,20,7901EA,Hoogeveen,Griendtsveenweg 20 7901EA Hoogeveen Netherlands,node,426867470,52.7229371,6.4675642,OpenStreetMap via Overpass API
Netherlands,Albert Heijn,Albert Heijn,Gorecht-Oost,6a,9603AA,Hoogezand,Gorecht-Oost 6a 9603AA Hoogezand Netherlands,node,4892138789,53.1566156,6.756279,OpenStreetMap via Overpass API
Netherlands,Albert Heijn,Albert Heijn,Streekweg,210,1616AN,Hoogkarspel,Streekweg 210 1616AN Hoogkarspel Netherlands,node,4245867899,52.6940185,5.1777257,OpenStreetMap via Overpass API
Netherlands,Albert Heijn,Albert Heijn,Kraailandhof,106,3828JM,Hoogland,Kraailandhof 106 3828JM Hoogland Netherlands,node,2687006838,52.187146,5.3755141,OpenStreetMap via Overpass API
Netherlands,Albert Heijn,Albert Heijn,Aagje Dekenplein,29,1628NX,Hoorn,Aagje Dekenplein 29 1628NX Hoorn Netherlands,node,601402028,52.6515605,5.0861291,OpenStreetMap via Overpass API
Netherlands,Albert Heijn,Albert Heijn,De Huesmolen,2,1625HZ,Hoorn,De Huesmolen 2 1625HZ Hoorn Netherlands,node,9019928174,52.6575558,5.055742,OpenStreetMap via Overpass API
Netherlands,Albert Heijn,Albert Heijn,Stan Kentonhof,88,1628TR,Hoorn,Stan Kentonhof 88 1628TR Hoorn Netherlands,node,9547250647,52.6532823,5.0985484,OpenStreetMap via Overpass API
Netherlands,Albert Heijn,Albert Heijn,van Dedemstraat,19,1624NN,Hoorn,van Dedemstraat 19 1624NN Hoorn Netherlands,node,8557728283,52.6461882,5.0515436,OpenStreetMap via Overpass API
Netherlands,Albert Heijn,Albert Heijn,Steenstraat,11,5961ET,Horst,Steenstraat 11 5961ET Horst Netherlands,node,2792426618,51.4531167,6.0527265,OpenStreetMap via Overpass API
Netherlands,Albert Heijn,Albert Heijn,Cardo,12,3995XM,Houten,Cardo 12 3995XM Houten Netherlands,node,2046267707,52.0170652,5.1781647,OpenStreetMap via Overpass API
Netherlands,Albert Heijn,Albert Heijn,Onderdoor,66,3995DX,Houten,Onderdoor 66 3995DX Houten Netherlands,node,34044557,52.0340471,5.1687643,OpenStreetMap via Overpass API
Netherlands,Albert Heijn,Albert Heijn,Plein,13,3991DK,Houten,Plein 13 3991DK Houten Netherlands,node,428860467,52.0265858,5.1619402,OpenStreetMap via Overpass API
Netherlands,Albert Heijn,Albert Heijn,Langestraat,82,6851AS,Huissen,Langestraat 82 6851AS Huissen Netherlands,node,5061857295,51.9395819,5.9414633,OpenStreetMap via Overpass API
Netherlands,Albert Heijn,Albert Heijn,Lindenlaan,10,1271BA,Huizen,Lindenlaan 10 1271BA Huizen Netherlands,node,2871287262,52.2971621,5.2350408,OpenStreetMap via Overpass API
Netherlands,Albert Heijn,Albert Heijn,Oostermeent-Zuid,48,1274SV,Huizen,Oostermeent-Zuid 48 1274SV Huizen Netherlands,node,2975709457,52.2944747,5.2630588,OpenStreetMap via Overpass API
Netherlands,Albert Heijn,Albert Heijn,Europaplein,1,6336BE,Hulsberg,Europaplein 1 6336BE Hulsberg Netherlands,node,429798207,50.8901334,5.8579133,OpenStreetMap via Overpass API
Netherlands,Albert Heijn,Albert Heijn,Fuormanderij,5,9254GS,Hurdegaryp,Fuormanderij 5 9254GS Hurdegaryp Netherlands,node,34045820,53.2138916,5.9418464,OpenStreetMap via Overpass API
Netherlands,Albert Heijn,Albert Heijn,Dudokplein,10,1971EP,IJmuiden,Dudokplein 10 1971EP IJmuiden Netherlands,node,2158280478,52.4608915,4.6229256,OpenStreetMap via Overpass API
Netherlands,Albert Heijn,Albert Heijn,Basiliekpad,4,3401BJ,IJsselstein,Basiliekpad 4 3401BJ IJsselstein Netherlands,node,430401149,52.0168879,5.0400604,OpenStreetMap via Overpass API
Netherlands,Albert Heijn,Albert Heijn Jan Linders,Begoniastraat,12,6014BJ,Ittervoort,Begoniastraat 12 6014BJ Ittervoort Netherlands,node,2927845752,51.1711444,5.819108,OpenStreetMap via Overpass API
Netherlands,Albert Heijn,Albert Heijn,Sinnebuorren,28,8501CB,Joure,Sinnebuorren 28 8501CB Joure Netherlands,node,2907125117,52.9666954,5.7987658,OpenStreetMap via Overpass API
Netherlands,Albert Heijn,Albert Heijn,Schoolweg,15,1787AV,Julianadorp,Schoolweg 15 1787AV Julianadorp Netherlands,node,1313954438,52.8983247,4.7538929,OpenStreetMap via Overpass API
Netherlands,Albert Heijn,Albert Heijn,Gasthuisstraat,124,5171GJ,Kaatsheuvel,Gasthuisstraat 124 5171GJ Kaatsheuvel Netherlands,node,6003246109,51.6567409,5.0397023,OpenStreetMap via Overpass API
Netherlands,Albert Heijn,Albert Heijn,De Arend,2,8265NK,Kampen,De Arend 2 8265NK Kampen Netherlands,node,5940498011,52.5332042,5.9165619,OpenStreetMap via Overpass API
Netherlands,Albert Heijn,Albert Heijn,Lovinkstraat,20,8265BT,Kampen,Lovinkstraat 20 8265BT Kampen Netherlands,node,34045772,52.5483464,5.9105765,OpenStreetMap via Overpass API
Netherlands,Albert Heijn,Albert Heijn,Meeuwenweg,19,8261VZ,Kampen,Meeuwenweg 19 8261VZ Kampen Netherlands,node,2732472688,52.5589599,5.9119324,OpenStreetMap via Overpass API
Netherlands,Albert Heijn,Albert Heijn,Ruiterplaatweg,5,4493PG,Kamperland,Ruiterplaatweg 5 4493PG Kamperland Netherlands,node,34045396,51.5729117,3.7020167,OpenStreetMap via Overpass API
Netherlands,Albert Heijn,Albert Heijn,Biezelingsestraat,1,4421BL,Kapelle,Biezelingsestraat 1 4421BL Kapelle Netherlands,node,2880507582,51.4864183,3.9592108,OpenStreetMap via Overpass API
Netherlands,Albert Heijn,Albert Heijn,Hoornesplein,137,2221BE,Katwijk,Hoornesplein 137 2221BE Katwijk Netherlands,node,34044631,52.2061917,4.4190453,OpenStreetMap via Overpass API
Netherlands,Albert Heijn,Albert Heijn,Zeilmakerstraat,2,2222AA,Katwijk,Zeilmakerstraat 2 2222AA Katwijk Netherlands,node,2856277216,52.2021353,4.4276182,OpenStreetMap via Overpass API
Netherlands,Albert Heijn,Albert Heijn,Hertogenlaan,29,6461BT,Kerkrade,Hertogenlaan 29 6461BT Kerkrade Netherlands,node,2867081002,50.8692725,6.0692164,OpenStreetMap via Overpass API
Netherlands,Albert Heijn,Albert Heijn,Doorsteek,9,4791HR,Klundert,Doorsteek 9 4791HR Klundert Netherlands,node,707011000,51.6629244,4.5331859,OpenStreetMap via Overpass API
Netherlands,Albert Heijn,Albert Heijn,Verzetstraat,10,1541HB,Koog aan de Zaan,Verzetstraat 10 1541HB Koog aan de Zaan Netherlands,way,285284314,52.4636722,4.8095441,OpenStreetMap via Overpass API
Netherlands,Albert Heijn,Albert Heijn,Meenthof,37,1241CZ,Kortenhoef,Meenthof 37 1241CZ Kortenhoef Netherlands,node,568597162,52.2399429,5.1126567,OpenStreetMap via Overpass API
Netherlands,Albert Heijn,Albert Heijn,De Markt,317,2931EC,Krimpen aan de Lek,De Markt 317 2931EC Krimpen aan de Lek Netherlands,node,3830923062,51.8940295,4.6300028,OpenStreetMap via Overpass API
Netherlands,Albert Heijn,Albert Heijn,Raadhuisplein,58a,2922AH,Krimpen aan den IJssel,Raadhuisplein 58a 2922AH Krimpen aan den IJssel Netherlands,node,2838144650,51.915879,4.5885692,OpenStreetMap via Overpass API
Netherlands,Albert Heijn,Albert Heijn,Rosariumplein,20,1561DX,Krommenie,Rosariumplein 20 1561DX Krommenie Netherlands,node,34044729,52.5029088,4.759327,OpenStreetMap via Overpass API
Netherlands,Albert Heijn,Albert Heijn,Einsteinstraat,103,1433KJ,Kudelstaart,Einsteinstraat 103 1433KJ Kudelstaart Netherlands,node,34044667,52.2340092,4.7492455,OpenStreetMap via Overpass API
Netherlands,Albert Heijn,Albert Heijn,Markt,6,6372AT,Landgraaf,Markt 6 6372AT Landgraaf Netherlands,node,2873488388,50.8913683,6.0159444,OpenStreetMap via Overpass API
Netherlands,Albert Heijn,Albert Heijn,Dorpsstraat,72,1121BZ,Landsmeer,Dorpsstraat 72 1121BZ Landsmeer Netherlands,node,2874256290,52.4297378,4.9134604,OpenStreetMap via Overpass API
Netherlands,Albert Heijn,Albert Heijn,Zevenend,2,1251RN,Laren,Zevenend 2 1251RN Laren Netherlands,node,428595115,52.2543087,5.2266306,OpenStreetMap via Overpass API
Netherlands,Albert Heijn,Albert Heijn,Samuël Leviestraat,21,9351BM,Leek,Samuël Leviestraat 21 9351BM Leek Netherlands,node,3783036242,53.1625335,6.3905838,OpenStreetMap via Overpass API
Netherlands,Albert Heijn,Albert Heijn,Vlietskant,4,4141CL,Leerdam,Vlietskant 4 4141CL Leerdam Netherlands,node,2746022329,51.8913062,5.0956322,OpenStreetMap via Overpass API
Netherlands,Albert Heijn,Albert Heijn,Bilgaardpassage,1,8918HR,Leeuwarden,Bilgaardpassage 1 8918HR Leeuwarden Netherlands,node,34044924,53.2153474,5.7927426,OpenStreetMap via Overpass API
Netherlands,Albert Heijn,Albert Heijn,Emmakade,168,8933AX,Leeuwarden,Emmakade 168 8933AX Leeuwarden Netherlands,node,426867476,53.1995612,5.8159948,OpenStreetMap via Overpass API
Netherlands,Albert Heijn,Albert Heijn,Lieuwenburg,116,8925CL,Leeuwarden,Lieuwenburg 116 8925CL Leeuwarden Netherlands,node,3197715863,53.2110258,5.8385804,OpenStreetMap via Overpass API
Netherlands,Albert Heijn,Albert Heijn,Prins Hendrikstraat,2a,8911BK,Leeuwarden,Prins Hendrikstraat 2a 8911BK Leeuwarden Netherlands,node,2102080844,53.1991939,5.7921834,OpenStreetMap via Overpass API
Netherlands,Albert Heijn,Albert Heijn,Schrans,121,8932ND,Leeuwarden,Schrans 121 8932ND Leeuwarden Netherlands,node,3064595940,53.194289,5.7987873,OpenStreetMap via Overpass API
Netherlands,Albert Heijn,Albert Heijn,Tesselschadestraat,23,8913HA,Leeuwarden,Tesselschadestraat 23 8913HA Leeuwarden Netherlands,node,7947807619,53.1985995,5.7827195,OpenStreetMap via Overpass API
Netherlands,Albert Heijn,Albert Heijn,Breestraat,130,2311CX,Leiden,Breestraat 130 2311CX Leiden Netherlands,node,2774027485,52.1570015,4.4919905,OpenStreetMap via Overpass API
Netherlands,Albert Heijn,Albert Heijn,Hooigracht,85,2312KP,Leiden,Hooigracht 85 2312KP Leiden Netherlands,node,2498783451,52.1597304,4.4970911,OpenStreetMap via Overpass API
Netherlands,Albert Heijn,Albert Heijn,Kopermolen,44,2317PB,Leiden,Kopermolen 44 2317PB Leiden Netherlands,node,34045694,52.1767919,4.5050317,OpenStreetMap via Overpass API
Netherlands,Albert Heijn,Albert Heijn,Soestdijkkade,82,2316RC,Leiden,Soestdijkkade 82 2316RC Leiden Netherlands,node,6503335280,52.1664579,4.5060488,OpenStreetMap via Overpass API
Netherlands,Albert Heijn,Albert Heijn,Stevensbloem,11,2331JA,Leiden,Stevensbloem 11 2331JA Leiden Netherlands,node,34044645,52.1510683,4.4530751,OpenStreetMap via Overpass API
Netherlands,Albert Heijn,Albert Heijn,Laan van Ouderzorg,28,2352HV,Leiderdorp,Laan van Ouderzorg 28 2352HV Leiderdorp Netherlands,node,2941079418,52.1587075,4.5274463,OpenStreetMap via Overpass API
Netherlands,Albert Heijn,Albert Heijn,Winkelhof,29,2353TS,Leiderdorp,Winkelhof 29 2353TS Leiderdorp Netherlands,node,2938742685,52.1631062,4.5325065,OpenStreetMap via Overpass API
Netherlands,Albert Heijn,Albert Heijn,Weigelia,48,2262AB,Leidschendam,Weigelia 48 2262AB Leidschendam Netherlands,node,34044430,52.0873872,4.3829362,OpenStreetMap via Overpass API
Netherlands,Albert Heijn,Albert Heijn,Kerkweg,100,2941BP,Lekkerkerk,Kerkweg 100 2941BP Lekkerkerk Netherlands,node,2840277719,51.900275,4.6839914,OpenStreetMap via Overpass API
Netherlands,Albert Heijn,Albert Heijn,Kamp 42,22,8225HN,Lelystad,Kamp 42 22 8225HN Lelystad Netherlands,node,290567656,52.5013548,5.4888177,OpenStreetMap via Overpass API
Netherlands,Albert Heijn,Albert Heijn,Kempenaar 03,41,8242BD,Lelystad,Kempenaar 03 41 8242BD Lelystad Netherlands,node,34044840,52.5176432,5.460214,OpenStreetMap via Overpass API
Netherlands,Albert Heijn,Albert Heijn,Neringpassage,127,8224JB,Lelystad,Neringpassage 127 8224JB Lelystad Netherlands,node,34044839,52.5090723,5.4776647,OpenStreetMap via Overpass API
Netherlands,Albert Heijn,Albert Heijn,Ranonkellaan,1,8245HE,Lelystad,Ranonkellaan 1 8245HE Lelystad Netherlands,node,4954566694,52.4901846,5.4395236,OpenStreetMap via Overpass API
Netherlands,Albert Heijn,Albert Heijn,Voorhof,12,8212CA,Lelystad,Voorhof 12 8212CA Lelystad Netherlands,node,34044837,52.5139395,5.5032792,OpenStreetMap via Overpass API
Netherlands,Albert Heijn,Albert Heijn,Schoolstraat,12,8531JW,Lemmer,Schoolstraat 12 8531JW Lemmer Netherlands,node,8177009124,52.845548,5.710747,OpenStreetMap via Overpass API
Netherlands,Albert Heijn,Albert Heijn,'t Erf,9,3831NA,Leusden,'t Erf 9 3831NA Leusden Netherlands,node,34044791,52.1307475,5.4283392,OpenStreetMap via Overpass API
Netherlands,Albert Heijn,Albert Heijn,Varkensmarkt,12,7131DH,Lichtenvoorde,Varkensmarkt 12 7131DH Lichtenvoorde Netherlands,node,34044638,51.9884813,6.5682239,OpenStreetMap via Overpass API
Netherlands,Albert Heijn,Albert Heijn Jan Linders,Oude Molen,2,5757AZ,Liessel,Oude Molen 2 5757AZ Liessel Netherlands,node,2872283079,51.4157871,5.8195027,OpenStreetMap via Overpass API
Netherlands,Albert Heijn,Albert Heijn,Vuurbaak,1,1906BS,Limmen,Vuurbaak 1 1906BS Limmen Netherlands,node,2809403312,52.57124,4.695703,OpenStreetMap via Overpass API
Netherlands,Albert Heijn,Albert Heijn,Prins Bernhardweg,40,7241DH,Lochem,Prins Bernhardweg 40 7241DH Lochem Netherlands,node,34044858,52.1623372,6.4201276,OpenStreetMap via Overpass API
Netherlands,Albert Heijn,Albert Heijn,Oud-Loosdrechtsedijk,182,1231NG,Loosdrecht,Oud-Loosdrechtsedijk 182 1231NG Loosdrecht Netherlands,node,2865433831,52.2070192,5.0819583,OpenStreetMap via Overpass API
Netherlands,Albert Heijn,Albert Heijn,Langenkamp,8,7581JE,Losser,Langenkamp 8 7581JE Losser Netherlands,node,34044827,52.2606948,7.007839,OpenStreetMap via Overpass API
Netherlands,Albert Heijn,Albert Heijn,Wilbrinkplein,3,6741DN,Lunteren,Wilbrinkplein 3 6741DN Lunteren Netherlands,node,7417351001,52.0848293,5.6209496,OpenStreetMap via Overpass API
Netherlands,Albert Heijn,Albert Heijn,Bisonspoor,1078,3605KJ,Maarssen,Bisonspoor 1078 3605KJ Maarssen Netherlands,node,428595132,52.1346972,5.0306543,OpenStreetMap via Overpass API
Netherlands,Albert Heijn,Albert Heijn,Dr. Plesmanlaan,138,3601DE,Maarssen,Dr. Plesmanlaan 138 3601DE Maarssen Netherlands,node,428595133,52.1438868,5.0446723,OpenStreetMap via Overpass API
Netherlands,Albert Heijn,Albert Heijn,Huis te Veldelaan,2,3155SE,Maasland,Huis te Veldelaan 2 3155SE Maasland Netherlands,node,1476417006,51.934045,4.2693541,OpenStreetMap via Overpass API
Netherlands,Albert Heijn,Albert Heijn,Koningshoek,91001,3144BA,Maassluis,Koningshoek 91001 3144BA Maassluis Netherlands,node,34046251,51.9287507,4.2403195,OpenStreetMap via Overpass API
Netherlands,Albert Heijn,Albert Heijn,Mesdaglaan,199,3141HE,Maassluis,Mesdaglaan 199 3141HE Maassluis Netherlands,node,34044391,51.9186039,4.2608957,OpenStreetMap via Overpass API
Netherlands,Albert Heijn,Albert Heijn,Burgemeester Cortenstraat,8,6226GV,Maastricht,Burgemeester Cortenstraat 8 6226GV Maastricht Netherlands,node,34045525,50.8441525,5.7280239,OpenStreetMap via Overpass API
Netherlands,Albert Heijn,Albert Heijn,Helmstraat,2,6211TA,Maastricht,Helmstraat 2 6211TA Maastricht Netherlands,node,3882611955,50.8507357,5.6887471,OpenStreetMap via Overpass API
Netherlands,Albert Heijn,Albert Heijn,Masadastraat,51,6222DZ,Maastricht,Masadastraat 51 6222DZ Maastricht Netherlands,node,9652236851,50.865115,5.71105,OpenStreetMap via Overpass API
Netherlands,Albert Heijn,Albert Heijn,Plein 1992,52,6221JP,Maastricht,Plein 1992 52 6221JP Maastricht Netherlands,node,429798205,50.8465541,5.7002739,OpenStreetMap via Overpass API
Netherlands,Albert Heijn,Albert Heijn Jan Linders,Rijksweg,62A02,6228XZ,Maastricht,Rijksweg 62A02 6228XZ Maastricht Netherlands,node,11133944632,50.8281551,5.7282244,OpenStreetMap via Overpass API
Netherlands,Albert Heijn,Albert Heijn,Scharnerweg,110,6224JJ,Maastricht,Scharnerweg 110 6224JJ Maastricht Netherlands,node,2811156243,50.8494339,5.7131217,OpenStreetMap via Overpass API
Netherlands,Albert Heijn,Albert Heijn,Sint Pieterstraat,72,6211JP,Maastricht,Sint Pieterstraat 72 6211JP Maastricht Netherlands,node,2804898667,50.8444437,5.6910124,OpenStreetMap via Overpass API
Netherlands,Albert Heijn,Albert Heijn Jan Linders,Tongerseweg,57A-02,6213GA,Maastricht,Tongerseweg 57A-02 6213GA Maastricht Netherlands,node,4709842744,50.8431724,5.6777415,OpenStreetMap via Overpass API
Netherlands,Albert Heijn,Albert Heijn,Nieuwstraat,104,4921CZ,Made,Nieuwstraat 104 4921CZ Made Netherlands,node,429685308,51.6744798,4.7835632,OpenStreetMap via Overpass API
Netherlands,Albert Heijn,Albert Heijn,Winkelcentrum,19,6581BV,Malden,Winkelcentrum 19 6581BV Malden Netherlands,node,34044608,51.782109,5.8537471,OpenStreetMap via Overpass API
Netherlands,Albert Heijn,Albert Heijn,Boxenring,40A,1156DL,Marken,Boxenring 40A 1156DL Marken Netherlands,node,2866817164,52.4561143,5.1052613,OpenStreetMap via Overpass API
Netherlands,Albert Heijn,Albert Heijn,Wendtsteinweg,64,9363AR,Marum,Wendtsteinweg 64 9363AR Marum Netherlands,node,1914292661,53.1442996,6.2691107,OpenStreetMap via Overpass API
Netherlands,Albert Heijn,Albert Heijn,Overleek,1,1671GD,Medemblik,Overleek 1 1671GD Medemblik Netherlands,node,10650625476,52.7661074,5.1008263,OpenStreetMap via Overpass API
Netherlands,Albert Heijn,Albert Heijn Jan Linders,Markt,26,6074BB,Melick,Markt 26 6074BB Melick Netherlands,node,2361019547,51.1575453,6.013077,OpenStreetMap via Overpass API
Netherlands,Albert Heijn,Albert Heijn,Grote Akkerstraat,1,7941BB,Meppel,Grote Akkerstraat 1 7941BB Meppel Netherlands,node,2732909050,52.6981016,6.1889453,OpenStreetMap via Overpass API
Netherlands,Albert Heijn,Albert Heijn,Ruskenstuk,2,7943JM,Meppel,Ruskenstuk 2 7943JM Meppel Netherlands,node,2734063776,52.6964989,6.218706,OpenStreetMap via Overpass API
Netherlands,Albert Heijn,Albert Heijn,Fazantenhof,18,4332XT,Middelburg,Fazantenhof 18 4332XT Middelburg Netherlands,node,2922393519,51.5070521,3.6264051,OpenStreetMap via Overpass API
Netherlands,Albert Heijn,Albert Heijn,Pottenbakkerssingel,2,4331NA,Middelburg,Pottenbakkerssingel 2 4331NA Middelburg Netherlands,node,34044302,51.4962806,3.6076343,OpenStreetMap via Overpass API
Netherlands,Albert Heijn,Albert Heijn,Gedempt Kanaal,99,3241DB,Middelharnis,Gedempt Kanaal 99 3241DB Middelharnis Netherlands,node,429685277,51.7609986,4.1560225,OpenStreetMap via Overpass API
Netherlands,Albert Heijn,Albert Heijn,Rijperweg,50,1462ME,Middenbeemster,Rijperweg 50 1462ME Middenbeemster Netherlands,node,1781401175,52.5489601,4.9102093,OpenStreetMap via Overpass API
Netherlands,Albert Heijn,Albert Heijn,Margrietstraat,47,5731BN,Mierlo,Margrietstraat 47 5731BN Mierlo Netherlands,node,4166562696,51.4420859,5.6187539,OpenStreetMap via Overpass API
Netherlands,Albert Heijn,Albert Heijn,De Passage,26,3641AK,Mijdrecht,De Passage 26 3641AK Mijdrecht Netherlands,node,428595112,52.2061287,4.8659933,OpenStreetMap via Overpass API
Netherlands,Albert Heijn,Albert Heijn,Leicester,13,3641LH,Mijdrecht,Leicester 13 3641LH Mijdrecht Netherlands,node,34045675,52.2123489,4.8625556,OpenStreetMap via Overpass API
Netherlands,Albert Heijn,Albert Heijn,Markt,15,5451BS,Mill,Markt 15 5451BS Mill Netherlands,node,428078523,51.6853478,5.7837371,OpenStreetMap via Overpass API
Netherlands,Albert Heijn,Albert Heijn,Heerbaan,99,6566EE,Millingen aan de Rijn,Heerbaan 99 6566EE Millingen aan de Rijn Netherlands,node,1490599727,51.862095,6.0470029,OpenStreetMap via Overpass API
Netherlands,Albert Heijn,Albert Heijn,'t Spil,37,1141SG,Monnickendam,'t Spil 37 1141SG Monnickendam Netherlands,node,2868514323,52.4501394,5.036488,OpenStreetMap via Overpass API
Netherlands,Albert Heijn,Albert Heijn,Boslaan,40,3417AB,Montfoort,Boslaan 40 3417AB Montfoort Netherlands,node,3001151109,52.0472267,4.9513674,OpenStreetMap via Overpass API
Netherlands,Albert Heijn,Albert Heijn,De Smidse,16,2841XW,Moordrecht,De Smidse 16 2841XW Moordrecht Netherlands,node,2795390892,51.9868925,4.6692532,OpenStreetMap via Overpass API
Netherlands,Albert Heijn,Albert Heijn,E.J. Ruijgplein,2,1398KK,Muiden,E.J. Ruijgplein 2 1398KK Muiden Netherlands,node,11378435862,52.3328279,5.0529245,OpenStreetMap via Overpass API
Netherlands,Albert Heijn,Albert Heijn,Verdilaan,4,2671VX,Naaldwijk,Verdilaan 4 2671VX Naaldwijk Netherlands,node,34044379,51.9933135,4.2104505,OpenStreetMap via Overpass API
Netherlands,Albert Heijn,Albert Heijn,Amersfoortsestraatweg,3A,1411HB,Naarden,Amersfoortsestraatweg 3A 1411HB Naarden Netherlands,node,2866330551,52.2885716,5.171263,OpenStreetMap via Overpass API
Netherlands,Albert Heijn,Albert Heijn,Voorstraat,10,1394CS,Nederhorst den Berg,Voorstraat 10 1394CS Nederhorst den Berg Netherlands,node,428595122,52.264176,5.0449437,OpenStreetMap via Overpass API
Netherlands,Albert Heijn,Albert Heijn,Kerkstraat,6A,6031CH,Nederweert,Kerkstraat 6A 6031CH Nederweert Netherlands,node,2827802341,51.283278,5.7501551,OpenStreetMap via Overpass API
Netherlands,Albert Heijn,Albert Heijn,Borculoseweg,11,7161GP,Neede,Borculoseweg 11 7161GP Neede Netherlands,node,2009505389,52.1347593,6.6101877,OpenStreetMap via Overpass API
Netherlands,Albert Heijn,Albert Heijn,Ganker,3A,1688CR,Nibbixwoud,Ganker 3A 1688CR Nibbixwoud Netherlands,node,12037554735,52.6912516,5.0567603,OpenStreetMap via Overpass API
Netherlands,Albert Heijn,Albert Heijn,Vaart ZZ,50,7833AC,Nieuw-Amsterdam,Vaart ZZ 50 7833AC Nieuw-Amsterdam Netherlands,node,2803849104,52.7145269,6.8573672,OpenStreetMap via Overpass API
Netherlands,Albert Heijn,Albert Heijn,Händelplein,185,2151NN,Nieuw-Vennep,Händelplein 185 2151NN Nieuw-Vennep Netherlands,node,34046501,52.2707268,4.6197822,OpenStreetMap via Overpass API
Netherlands,Albert Heijn,Albert Heijn,Muntplein,20,3437AP,Nieuwegein,Muntplein 20 3437AP Nieuwegein Netherlands,node,3011169764,52.0412629,5.0774293,OpenStreetMap via Overpass API
Netherlands,Albert Heijn,Albert Heijn,Passage,65,3431LN,Nieuwegein,Passage 65 3431LN Nieuwegein Netherlands,node,3004025063,52.0284571,5.0806771,OpenStreetMap via Overpass API
Netherlands,Albert Heijn,Albert Heijn,Rapenburgerschans,9,3432TN,Nieuwegein,Rapenburgerschans 9 3432TN Nieuwegein Netherlands,node,34045607,52.0184831,5.0918257,OpenStreetMap via Overpass API
Netherlands,Albert Heijn,Albert Heijn,Winkelcentrum Hoogzandveld,2,3434EE,Nieuwegein,Winkelcentrum Hoogzandveld 2 3434EE Nieuwegein Netherlands,node,34045609,52.0055567,5.0855685,OpenStreetMap via Overpass API
Netherlands,Albert Heijn,Albert Heijn,Schoterlandseweg,43,8414LN,Nieuwehorne,Schoterlandseweg 43 8414LN Nieuwehorne Netherlands,node,2865398946,52.9499958,6.0533927,OpenStreetMap via Overpass API
Netherlands,Albert Heijn,Albert Heijn,Reigerhof,150,2914KE,Nieuwerkerk aan den IJssel,Reigerhof 150 2914KE Nieuwerkerk aan den IJssel Netherlands,node,5241817231,51.9682183,4.6189964,OpenStreetMap via Overpass API
Netherlands,Albert Heijn,Albert Heijn,Reghthuysplein,3,2421BE,Nieuwkoop,Reghthuysplein 3 2421BE Nieuwkoop Netherlands,node,2992177569,52.1505357,4.7790139,OpenStreetMap via Overpass API
Netherlands,Albert Heijn,Albert Heijn,Burg.Backxlaan,307,7711AD,Nieuwleusen,Burg.Backxlaan 307 7711AD Nieuwleusen Netherlands,node,34045853,52.589293,6.2830776,OpenStreetMap via Overpass API
Netherlands,Albert Heijn,Albert Heijn,Frieswijkstraat,72,3862BM,Nijkerk,Frieswijkstraat 72 3862BM Nijkerk Netherlands,node,34044792,52.2164853,5.4779248,OpenStreetMap via Overpass API
Netherlands,Albert Heijn,Albert Heijn,Bloemerstraat,133,6511EH,Nijmegen,Bloemerstraat 133 6511EH Nijmegen Netherlands,node,10298337967,51.8459173,5.8614297,OpenStreetMap via Overpass API
Netherlands,Albert Heijn,Albert Heijn Jan Linders,Daalseweg,200,6521GR,Nijmegen,Daalseweg 200 6521GR Nijmegen Netherlands,node,2829295861,51.8380337,5.8746944,OpenStreetMap via Overpass API
Netherlands,Albert Heijn,Albert Heijn,Groenestraat,261,6531HK,Nijmegen,Groenestraat 261 6531HK Nijmegen Netherlands,node,6616616739,51.8307562,5.8447112,OpenStreetMap via Overpass API
Netherlands,Albert Heijn,Albert Heijn,Jonagoldstraat,57,6515EN,Nijmegen,Jonagoldstraat 57 6515EN Nijmegen Netherlands,node,34044603,51.8791973,5.838077,OpenStreetMap via Overpass API
Netherlands,Albert Heijn,Albert Heijn,Meijhorst,7001,6537EN,Nijmegen,Meijhorst 7001 6537EN Nijmegen Netherlands,node,8672874406,51.8114291,5.7998871,OpenStreetMap via Overpass API
Netherlands,Albert Heijn,Albert Heijn,Molenweg,11,6542PP,Nijmegen,Molenweg 11 6542PP Nijmegen Netherlands,node,1891362920,51.841022,5.8400694,OpenStreetMap via Overpass API
Netherlands,Albert Heijn,Albert Heijn,van Schevichavenstraat,3,6511LM,Nijmegen,van Schevichavenstraat 3 6511LM Nijmegen Netherlands,node,2847396322,51.8434617,5.8658441,OpenStreetMap via Overpass API
Netherlands,Albert Heijn,Albert Heijn,Spoelerstraat,6,7442AA,Nijverdal,Spoelerstraat 6 7442AA Nijverdal Netherlands,node,34044810,52.3641915,6.4660494,OpenStreetMap via Overpass API
Netherlands,Albert Heijn,Albert Heijn,Dorpsstraat,520,1723HG,Noord-Scharwoude,Dorpsstraat 520 1723HG Noord-Scharwoude Netherlands,node,2909445027,52.698636,4.8106678,OpenStreetMap via Overpass API
Netherlands,Albert Heijn,Albert Heijn,Bonnikeplein,2,2201XA,Noordwijk,Bonnikeplein 2 2201XA Noordwijk Netherlands,node,2917710326,52.2298318,4.4410513,OpenStreetMap via Overpass API
Netherlands,Albert Heijn,Albert Heijn,Zeestraat,14a,2211XG,Noordwijkerhout,Zeestraat 14a 2211XG Noordwijkerhout Netherlands,node,428595111,52.262868,4.4912853,OpenStreetMap via Overpass API
Netherlands,Albert Heijn,Albert Heijn,Lange Baan,6,2632GC,Nootdorp,Lange Baan 6 2632GC Nootdorp Netherlands,node,1799072925,52.0452529,4.3915828,OpenStreetMap via Overpass API
Netherlands,Albert Heijn,Albert Heijn,Parkstraat,22,5671GG,Nuenen,Parkstraat 22 5671GG Nuenen Netherlands,node,34044508,51.4722828,5.5457385,OpenStreetMap via Overpass API
Netherlands,Albert Heijn,Albert Heijn Jan Linders,Vincent van Goghstraat,37,5671GW,Nuenen,Vincent van Goghstraat 37 5671GW Nuenen Netherlands,node,39570893,51.4749676,5.5511787,OpenStreetMap via Overpass API
Netherlands,Albert Heijn,Albert Heijn,Kerkstraat,8,5391AA,Nuland,Kerkstraat 8 5391AA Nuland Netherlands,node,2762203537,51.7287984,5.4329703,OpenStreetMap via Overpass API
Netherlands,Albert Heijn,Albert Heijn,Weth. Van der Veldenweg,8,3281AN,Numansdorp,Weth. Van der Veldenweg 8 3281AN Numansdorp Netherlands,node,2778976596,51.729712,4.4399291,OpenStreetMap via Overpass API
Netherlands,Albert Heijn,Albert Heijn,Harderwijkerweg,18,8071GA,Nunspeet,Harderwijkerweg 18 8071GA Nunspeet Netherlands,node,34044843,52.3761243,5.7806965,OpenStreetMap via Overpass API
Netherlands,Albert Heijn,Albert Heijn,Dorpsstraat,119,1713HD,Obdam,Dorpsstraat 119 1713HD Obdam Netherlands,node,2822623399,52.6752634,4.9078541,OpenStreetMap via Overpass API
Netherlands,Albert Heijn,Albert Heijn,Irislaan,83,2343CH,Oegstgeest,Irislaan 83 2343CH Oegstgeest Netherlands,node,34044643,52.1872095,4.4709416,OpenStreetMap via Overpass API
Netherlands,Albert Heijn,Albert Heijn,Terweeplein,3,2341CZ,Oegstgeest,Terweeplein 3 2341CZ Oegstgeest Netherlands,node,34044642,52.1770212,4.4687044,OpenStreetMap via Overpass API
Netherlands,Albert Heijn,Albert Heijn,de Loop,55,5688EW,Oirschot,de Loop 55 5688EW Oirschot Netherlands,node,2825998603,51.5047877,5.3131404,OpenStreetMap via Overpass API
Netherlands,Albert Heijn,Albert Heijn,Dorpsstraat,34,5061HL,Oisterwijk,Dorpsstraat 34 5061HL Oisterwijk Netherlands,node,2824238548,51.5804316,5.1940246,OpenStreetMap via Overpass API
Netherlands,Albert Heijn,Albert Heijn Zuid-Berghuizen,Burgemeester Wallerstraat,133,7574AM,Oldenzaal,Burgemeester Wallerstraat 133 7574AM Oldenzaal Netherlands,node,4962763110,52.300881,6.9357743,OpenStreetMap via Overpass API
Netherlands,Albert Heijn,Albert Heijn,In den Vijfhoek,1,7571DT,Oldenzaal,In den Vijfhoek 1 7571DT Oldenzaal Netherlands,node,34044828,52.3134561,6.9262626,OpenStreetMap via Overpass API
Netherlands,Albert Heijn,Albert Heijn,Johanna van Burenlaan,222,7576AW,Oldenzaal,Johanna van Burenlaan 222 7576AW Oldenzaal Netherlands,node,2827888724,52.3148629,6.9071174,OpenStreetMap via Overpass API
Netherlands,Albert Heijn,Albert Heijn,Haven Noord,1,7731GZ,Ommen,Haven Noord 1 7731GZ Ommen Netherlands,node,5028249081,52.5253273,6.4255165,OpenStreetMap via Overpass API
Netherlands,Albert Heijn,Albert Heijn,Torenweidelaan,2,4501AK,Oostburg,Torenweidelaan 2 4501AK Oostburg Netherlands,node,4529139039,51.3257065,3.4840634,OpenStreetMap via Overpass API
Netherlands,Albert Heijn,Albert Heijn,Pastoor Bruggemanlaan,1,6861GR,Oosterbeek,Pastoor Bruggemanlaan 1 6861GR Oosterbeek Netherlands,node,426873242,51.9876711,5.8432554,OpenStreetMap via Overpass API
Netherlands,Albert Heijn,Albert Heijn,Arkendonk,53,4907XP,Oosterhout,Arkendonk 53 4907XP Oosterhout Netherlands,node,253077139,51.6592564,4.8636482,OpenStreetMap via Overpass API
Netherlands,Albert Heijn,Albert Heijn,Keiweg,11,4901JD,Oosterhout,Keiweg 11 4901JD Oosterhout Netherlands,node,429685309,51.6431009,4.8605616,OpenStreetMap via Overpass API
Netherlands,Albert Heijn,Albert Heijn,Zuiderhout,103,4904AW,Oosterhout,Zuiderhout 103 4904AW Oosterhout Netherlands,node,253513860,51.62762,4.8582841,OpenStreetMap via Overpass API
Netherlands,Albert Heijn,Albert Heijn,Stipeplein,14,8431WE,Oosterwolde,Stipeplein 14 8431WE Oosterwolde Netherlands,node,2860508330,52.9900265,6.2899738,OpenStreetMap via Overpass API
Netherlands,Albert Heijn,Albert Heijn,Stationsweg,16,3233CT,Oostvoorne,Stationsweg 16 3233CT Oostvoorne Netherlands,node,2727505380,51.914259,4.1009302,OpenStreetMap via Overpass API
Netherlands,Albert Heijn,Albert Heijn,Klaverweide,10,1511XW,Oostzaan,Klaverweide 10 1511XW Oostzaan Netherlands,node,34044752,52.4372165,4.878395,OpenStreetMap via Overpass API
Netherlands,Albert Heijn,Albert Heijn,Denekamperstraat,5A,7631AA,Ootmarsum,Denekamperstraat 5A 7631AA Ootmarsum Netherlands,node,34044829,52.4099808,6.8984383,OpenStreetMap via Overpass API
Netherlands,Albert Heijn,Albert Heijn,Swaenenstate,4,4043KE,Opheusden,Swaenenstate 4 4043KE Opheusden Netherlands,node,1037077725,51.9341844,5.6274209,OpenStreetMap via Overpass API
Netherlands,Albert Heijn,Albert Heijn,Burchtplein,80,5341VE,Oss,Burchtplein 80 5341VE Oss Netherlands,node,792621123,51.77224,5.5265467,OpenStreetMap via Overpass API
Netherlands,Albert Heijn,Albert Heijn,Sterrebos,2,5344AM,Oss,Sterrebos 2 5344AM Oss Netherlands,node,2931266263,51.7544617,5.5115507,OpenStreetMap via Overpass API
Netherlands,Albert Heijn,Albert Heijn,Beijersehof,19,3262VR,Oud-Beijerland,Beijersehof 19 3262VR Oud-Beijerland Netherlands,node,2777777457,51.8203136,4.4047765,OpenStreetMap via Overpass API
Netherlands,Albert Heijn,Albert Heijn,Dorpstienden,14,3253AS,Ouddorp,Dorpstienden 14 3253AS Ouddorp Netherlands,node,1399105801,51.809525,3.93415,OpenStreetMap via Overpass API
Netherlands,Albert Heijn,Albert Heijn,Dabbehof,34,3255XB,Oude-Tonge,Dabbehof 34 3255XB Oude-Tonge Netherlands,node,1503115861,51.6895999,4.2131633,OpenStreetMap via Overpass API
Netherlands,Albert Heijn,Albert Heijn,Wagenhoek,9,4731JB,Oudenbosch,Wagenhoek 9 4731JB Oudenbosch Netherlands,node,429685304,51.5893415,4.5247064,OpenStreetMap via Overpass API
Netherlands,Albert Heijn,Albert Heijn Heenvliet,Molenweg,5,3227AR,Oudenhoorn,Molenweg 5 3227AR Oudenhoorn Netherlands,node,2742449003,51.829263,4.1902702,OpenStreetMap via Overpass API
Netherlands,Albert Heijn,Albert Heijn,Bloemendaalseweg,240,2051GM,Overveen,Bloemendaalseweg 240 2051GM Overveen Netherlands,node,8935988939,52.390682,4.6088354,OpenStreetMap via Overpass API
Netherlands,Albert Heijn,Albert Heijn Jan Linders,Kepringelehof,3,5981CP,Panningen,Kepringelehof 3 5981CP Panningen Netherlands,node,3008677082,51.3294072,5.9834075,OpenStreetMap via Overpass API
Netherlands,Albert Heijn,Albert Heijn,Espenhof,20,3355BM,Papendrecht,Espenhof 20 3355BM Papendrecht Netherlands,node,34044365,51.8362059,4.7022251,OpenStreetMap via Overpass API
Netherlands,Albert Heijn,Albert Heijn,Hoofdweg,202,9765CK,Paterswolde,Hoofdweg 202 9765CK Paterswolde Netherlands,node,1585767646,53.1469525,6.565986,OpenStreetMap via Overpass API
Netherlands,Albert Heijn,Albert Heijn,Ackershof,53,2641DZ,Pijnacker,Ackershof 53 2641DZ Pijnacker Netherlands,node,1787929474,52.0194104,4.4337004,OpenStreetMap via Overpass API
Netherlands,Albert Heijn,Albert Heijn,Hoefbladplein,4,2643KD,Pijnacker,Hoefbladplein 4 2643KD Pijnacker Netherlands,node,2630367599,52.0041027,4.4432056,OpenStreetMap via Overpass API
Netherlands,Albert Heijn,Albert Heijn,Beeksestraat,55,4841GB,Prinsenbeek,Beeksestraat 55 4841GB Prinsenbeek Netherlands,node,429685307,51.604291,4.7171309,OpenStreetMap via Overpass API
Netherlands,Albert Heijn,Albert Heijn,John F. Kennedyplein,73,1443EB,Purmerend,John F. Kennedyplein 73 1443EB Purmerend Netherlands,node,2877430203,52.5091711,4.9681874,OpenStreetMap via Overpass API
Netherlands,Albert Heijn,Albert Heijn,Van Burgplein,5-6,1447KP,Purmerend,Van Burgplein 5-6 1447KP Purmerend Netherlands,node,728556624,52.4939398,4.9696942,OpenStreetMap via Overpass API
Netherlands,Albert Heijn,Albert Heijn,Van Damplein,13,1448NB,Purmerend,Van Damplein 13 1448NB Purmerend Netherlands,node,2879599773,52.4971573,4.938851,OpenStreetMap via Overpass API
Netherlands,Albert Heijn,Albert Heijn,Weeshuissteeg,2,1441CS,Purmerend,Weeshuissteeg 2 1441CS Purmerend Netherlands,node,13245475384,52.5088281,4.947661,OpenStreetMap via Overpass API
Netherlands,Albert Heijn,Albert Heijn,Antwerpsestraat,9,4645BA,Putte,Antwerpsestraat 9 4645BA Putte Netherlands,node,1586851153,51.3560681,4.3938428,OpenStreetMap via Overpass API
Netherlands,Albert Heijn,Albert Heijn,Voorthuizerstraat,2,3881SH,Putten,Voorthuizerstraat 2 3881SH Putten Netherlands,node,2897142779,52.2602031,5.6099717,OpenStreetMap via Overpass API
Netherlands,Albert Heijn,Albert Heijn,Pieter Repelaerstraat,63,3297BL,Puttershoek,Pieter Repelaerstraat 63 3297BL Puttershoek Netherlands,node,2760392459,51.8057221,4.5682226,OpenStreetMap via Overpass API
Netherlands,Albert Heijn,Albert Heijn,Molenhof,20,8102EX,Raalte,Molenhof 20 8102EX Raalte Netherlands,node,1931233276,52.3862794,6.2769789,OpenStreetMap via Overpass API
Netherlands,Albert Heijn,Albert Heijn,het Anker,7,4941RG,Raamsdonksveer,het Anker 7 4941RG Raamsdonksveer Netherlands,node,2910419930,51.6962554,4.872943,OpenStreetMap via Overpass API
Netherlands,Albert Heijn,Albert Heijn,Dorpsstraat,118,6871AR,Renkum,Dorpsstraat 118 6871AR Renkum Netherlands,node,3014918969,51.9715814,5.7279971,OpenStreetMap via Overpass API
Netherlands,Albert Heijn,Albert Heijn Jan Linders,Markt,6,5541EA,Reusel,Markt 6 5541EA Reusel Netherlands,node,34045511,51.3621803,5.1615958,OpenStreetMap via Overpass API
Netherlands,Albert Heijn,Albert Heijn Jan Linders,Pater Claretstraat,1a,5953LC,Reuver,Pater Claretstraat 1a 5953LC Reuver Netherlands,node,3000183916,51.2841529,6.0913515,OpenStreetMap via Overpass API
Netherlands,Albert Heijn,Albert Heijn,Groenestraat,78,6991GH,Rheden,Groenestraat 78 6991GH Rheden Netherlands,node,1913216667,52.0046986,6.0358659,OpenStreetMap via Overpass API
Netherlands,Albert Heijn,Albert Heijn,M.W. van de Waalstraat,2,3911LP,Rhenen,M.W. van de Waalstraat 2 3911LP Rhenen Netherlands,node,2713168426,51.9578472,5.5688245,OpenStreetMap via Overpass API
Netherlands,Albert Heijn,Albert Heijn,Hof van Portland,12,3162WJ,Rhoon,Hof van Portland 12 3162WJ Rhoon Netherlands,node,2769961754,51.857935,4.4720426,OpenStreetMap via Overpass API
Netherlands,Albert Heijn,Albert Heijn,Ridderhof,25,2981ET,Ridderkerk,Ridderhof 25 2981ET Ridderkerk Netherlands,node,1881461468,51.8700839,4.5988318,OpenStreetMap via Overpass API
Netherlands,Albert Heijn,Albert Heijn,Wilhelminaplein,8,5121ES,Rijen,Wilhelminaplein 8 5121ES Rijen Netherlands,node,34044351,51.5884317,4.9183379,OpenStreetMap via Overpass API
Netherlands,Albert Heijn,Albert Heijn,Anjelierenstraat,36,2231GT,Rijnsburg,Anjelierenstraat 36 2231GT Rijnsburg Netherlands,node,2894352730,52.1919893,4.4427711,OpenStreetMap via Overpass API
Netherlands,Albert Heijn,Albert Heijn,Stationsdwarsweg,19,7461AR,Rijssen,Stationsdwarsweg 19 7461AR Rijssen Netherlands,node,6409827173,52.3119882,6.5209382,OpenStreetMap via Overpass API
Netherlands,Albert Heijn,Albert Heijn,Kerklaan,74,2282CL,Rijswijk,Kerklaan 74 2282CL Rijswijk Netherlands,node,2712923213,52.0542933,4.3354038,OpenStreetMap via Overpass API
Netherlands,Albert Heijn,Albert Heijn,Schoolstraat,13,9301KB,Roden,Schoolstraat 13 9301KB Roden Netherlands,node,1610631374,53.137793,6.4356175,OpenStreetMap via Overpass API
Netherlands,Albert Heijn,Albert Heijn,Godsweerdersingel,74,6041GM,Roermond,Godsweerdersingel 74 6041GM Roermond Netherlands,node,34044515,51.1962269,5.9950017,OpenStreetMap via Overpass API
Netherlands,Albert Heijn,Albert Heijn,Grolloërstraat,5,9451KA,Rolde,Grolloërstraat 5 9451KA Rolde Netherlands,node,2770777048,52.9859983,6.6487393,OpenStreetMap via Overpass API
Netherlands,Albert Heijn,Albert Heijn,Tolbergcentrum,160,4708HK,Roosendaal,Tolbergcentrum 160 4708HK Roosendaal Netherlands,node,429685301,51.5138245,4.4387668,OpenStreetMap via Overpass API
Netherlands,Albert Heijn,Albert Heijn,Van Beethovenlaan,4,4702JS,Roosendaal,Van Beethovenlaan 4 4702JS Roosendaal Netherlands,node,2818017869,51.535326,4.4666372,OpenStreetMap via Overpass API
Netherlands,Albert Heijn,Albert Heijn,Het Frontier,176,5245EE,Rosmalen,Het Frontier 176 5245EE Rosmalen Netherlands,node,9721948009,51.7365537,5.3572715,OpenStreetMap via Overpass API
Netherlands,Albert Heijn,Albert Heijn,Molenhoekpassage,5,5242CZ,Rosmalen,Molenhoekpassage 5 5242CZ Rosmalen Netherlands,node,441058332,51.7101617,5.3668269,OpenStreetMap via Overpass API
Netherlands,Albert Heijn,Albert Heijn,1e Middellandstraat,56,3014BG,Rotterdam,1e Middellandstraat 56 3014BG Rotterdam Netherlands,node,2610266820,51.9190216,4.4641459,OpenStreetMap via Overpass API
Netherlands,Albert Heijn,Albert Heijn,Asterlo,22,3085AD,Rotterdam,Asterlo 22 3085AD Rotterdam Netherlands,node,1764489847,51.8740488,4.4833841,OpenStreetMap via Overpass API
Netherlands,Albert Heijn,Albert Heijn,Bentinckplein,40,3039KM,Rotterdam,Bentinckplein 40 3039KM Rotterdam Netherlands,node,2105447710,51.927001,4.4618502,OpenStreetMap via Overpass API
Netherlands,Albert Heijn,Albert Heijn,Bergweg,228,3035BP,Rotterdam,Bergweg 228 3035BP Rotterdam Netherlands,node,2814033228,51.9344647,4.4751137,OpenStreetMap via Overpass API
Netherlands,Albert Heijn,Albert Heijn,Coolsingel,47,3012AA,Rotterdam,Coolsingel 47 3012AA Rotterdam Netherlands,node,2610260338,51.9231275,4.4778373,OpenStreetMap via Overpass API
Netherlands,Albert Heijn,Albert Heijn,Eudokiaplein,12,3037BT,Rotterdam,Eudokiaplein 12 3037BT Rotterdam Netherlands,node,34045486,51.9328876,4.4707503,OpenStreetMap via Overpass API
Netherlands,Albert Heijn,Albert Heijn,Goudse Rijweg,707,3031CG,Rotterdam,Goudse Rijweg 707 3031CG Rotterdam Netherlands,node,34044436,51.9282592,4.4890106,OpenStreetMap via Overpass API
Netherlands,Albert Heijn,Albert Heijn,Groenendaal,55,3011SN,Rotterdam,Groenendaal 55 3011SN Rotterdam Netherlands,node,2610266222,51.9220161,4.4936636,OpenStreetMap via Overpass API
Netherlands,Albert Heijn,Albert Heijn,Grotemarkt,98,3011PA,Rotterdam,Grotemarkt 98 3011PA Rotterdam Netherlands,node,3116686578,51.9202016,4.4872081,OpenStreetMap via Overpass API
Netherlands,Albert Heijn,Albert Heijn,Karel Doormanstraat,398,3012GR,Rotterdam,Karel Doormanstraat 398 3012GR Rotterdam Netherlands,node,4993094707,51.9175043,4.4774554,OpenStreetMap via Overpass API
Netherlands,Albert Heijn,Albert Heijn,Keizerswaard,33,3078AL,Rotterdam,Keizerswaard 33 3078AL Rotterdam Netherlands,node,1763590356,51.8873508,4.5465568,OpenStreetMap via Overpass API
Netherlands,Albert Heijn,Albert Heijn,Kleiweg,45,3051GJ,Rotterdam,Kleiweg 45 3051GJ Rotterdam Netherlands,node,34044437,51.9451639,4.4810961,OpenStreetMap via Overpass API
Netherlands,Albert Heijn,Albert Heijn,Krabbendijkestraat,10,3086LW,Rotterdam,Krabbendijkestraat 10 3086LW Rotterdam Netherlands,node,4822767189,51.8746436,4.4670909,OpenStreetMap via Overpass API
Netherlands,Albert Heijn,Albert Heijn,Laan op Zuid,1190,3071AC,Rotterdam,Laan op Zuid 1190 3071AC Rotterdam Netherlands,node,3577090940,51.9035135,4.5052137,OpenStreetMap via Overpass API
Netherlands,Albert Heijn,Albert Heijn,Lijnbaan,121,3012EN,Rotterdam,Lijnbaan 121 3012EN Rotterdam Netherlands,node,429685279,51.9190003,4.4769795,OpenStreetMap via Overpass API
Netherlands,Albert Heijn,Albert Heijn,Lusthofstraat,89,3061WL,Rotterdam,Lusthofstraat 89 3061WL Rotterdam Netherlands,node,4993094121,51.9250263,4.5097868,OpenStreetMap via Overpass API
Netherlands,Albert Heijn,Albert Heijn,Maltaplein,52,3059XW,Rotterdam,Maltaplein 52 3059XW Rotterdam Netherlands,node,792621135,51.980319,4.5830911,OpenStreetMap via Overpass API
Netherlands,Albert Heijn,Albert Heijn,Marinus Bolkplein,4,3067AK,Rotterdam,Marinus Bolkplein 4 3067AK Rotterdam Netherlands,node,2783894821,51.9418839,4.5476374,OpenStreetMap via Overpass API
Netherlands,Albert Heijn,Albert Heijn,Mathenesserplein,76,3022LD,Rotterdam,Mathenesserplein 76 3022LD Rotterdam Netherlands,node,34044422,51.9178008,4.4448847,OpenStreetMap via Overpass API
Netherlands,Albert Heijn,Albert Heijn,Mia van IJperenplein,89,3065JK,Rotterdam,Mia van IJperenplein 89 3065JK Rotterdam Netherlands,node,34044440,51.9286636,4.5462089,OpenStreetMap via Overpass API
Netherlands,Albert Heijn,Albert Heijn,Nieuwe Binnenweg,288B,3021GS,Rotterdam,Nieuwe Binnenweg 288B 3021GS Rotterdam Netherlands,node,34044420,51.912715,4.458232,OpenStreetMap via Overpass API
Netherlands,Albert Heijn,Albert Heijn,Nieuwe Binnenweg,75,3014GE,Rotterdam,Nieuwe Binnenweg 75 3014GE Rotterdam Netherlands,node,2610273227,51.9163799,4.4693244,OpenStreetMap via Overpass API
Netherlands,Albert Heijn,Albert Heijn,Otto Reuchlinweg,968,3072MD,Rotterdam,Otto Reuchlinweg 968 3072MD Rotterdam Netherlands,node,5648039743,51.9056758,4.4887514,OpenStreetMap via Overpass API
Netherlands,Albert Heijn,Albert Heijn,Oudedijk,149,3061AA,Rotterdam,Oudedijk 149 3061AA Rotterdam Netherlands,node,429685288,51.9281544,4.5098783,OpenStreetMap via Overpass API
Netherlands,Albert Heijn,Albert Heijn,Paul Krugerstraat,220,3072GS,Rotterdam,Paul Krugerstraat 220 3072GS Rotterdam Netherlands,node,2790971009,51.8988894,4.4968582,OpenStreetMap via Overpass API
Netherlands,Albert Heijn,Albert Heijn,Peppelweg,151,3053GL,Rotterdam,Peppelweg 151 3053GL Rotterdam Netherlands,node,34044418,51.9608639,4.466891,OpenStreetMap via Overpass API
Netherlands,Albert Heijn,Albert Heijn,Poolsterstraat,36,3067LX,Rotterdam,Poolsterstraat 36 3067LX Rotterdam Netherlands,node,429685286,51.9504636,4.554058,OpenStreetMap via Overpass API
Netherlands,Albert Heijn,Albert Heijn,Schouwburgplein,85,3012CL,Rotterdam,Schouwburgplein 85 3012CL Rotterdam Netherlands,node,4354656494,51.92111,4.4725518,OpenStreetMap via Overpass API
Netherlands,Albert Heijn,Albert Heijn,Sint-Jobsweg,116,3024EJ,Rotterdam,Sint-Jobsweg 116 3024EJ Rotterdam Netherlands,node,429685278,51.9040116,4.458964,OpenStreetMap via Overpass API
Netherlands,Albert Heijn,Albert Heijn,Statenweg,103,3039HJ,Rotterdam,Statenweg 103 3039HJ Rotterdam Netherlands,node,34044421,51.9307167,4.4576859,OpenStreetMap via Overpass API
Netherlands,Albert Heijn,Albert Heijn,Strijensestraat,77,3074GH,Rotterdam,Strijensestraat 77 3074GH Rotterdam Netherlands,node,34045482,51.8962902,4.5099096,OpenStreetMap via Overpass API
Netherlands,Albert Heijn,Albert Heijn,Vasteland,108,3011BP,Rotterdam,Vasteland 108 3011BP Rotterdam Netherlands,node,34044435,51.9112483,4.4780746,OpenStreetMap via Overpass API
Netherlands,Albert Heijn,Albert Heijn,Vierhavensstraat,147,3029BB,Rotterdam,Vierhavensstraat 147 3029BB Rotterdam Netherlands,node,1482519194,51.9095285,4.4362514,OpenStreetMap via Overpass API
Netherlands,Albert Heijn,Albert Heijn,Vlietlaan,61,3061DV,Rotterdam,Vlietlaan 61 3061DV Rotterdam Netherlands,node,2288042587,51.9287252,4.5014878,OpenStreetMap via Overpass API
Netherlands,Albert Heijn,Albert Heijn,Zuidplein,60H,3083CW,Rotterdam,Zuidplein 60H 3083CW Rotterdam Netherlands,node,9970460839,51.8884745,4.4896147,OpenStreetMap via Overpass API
Netherlands,Albert Heijn,Albert Heijn,Molenweg,71,3181AT,Rozenburg,Molenweg 71 3181AT Rozenburg Netherlands,node,1437127422,51.904433,4.2501086,OpenStreetMap via Overpass API
Netherlands,Albert Heijn,Albert Heijn,Westkade,48,4551BV,Sas van Gent,Westkade 48 4551BV Sas van Gent Netherlands,node,11500800125,51.2247993,3.8012452,OpenStreetMap via Overpass API
Netherlands,Albert Heijn,Albert Heijn,Voorhavenkwartier,68,2171HZ,Sassenheim,Voorhavenkwartier 68 2171HZ Sassenheim Netherlands,node,2939614860,52.2272767,4.5249315,OpenStreetMap via Overpass API
Netherlands,Albert Heijn,Albert Heijn,Kapelanieplein,23,5374BX,Schaijk,Kapelanieplein 23 5374BX Schaijk Netherlands,node,2915141367,51.745582,5.6335416,OpenStreetMap via Overpass API
Netherlands,Albert Heijn,Albert Heijn,Hagastraat,1,3114NC,Schiedam,Hagastraat 1 3114NC Schiedam Netherlands,node,1855406572,51.9075367,4.4020009,OpenStreetMap via Overpass API
Netherlands,Albert Heijn,Albert Heijn,Hof van Spaland,1,3121CA,Schiedam,Hof van Spaland 1 3121CA Schiedam Netherlands,node,34044396,51.9347097,4.3769169,OpenStreetMap via Overpass API
Netherlands,Albert Heijn,Albert Heijn,Lange Kerkstraat,34,3111NP,Schiedam,Lange Kerkstraat 34 3111NP Schiedam Netherlands,node,34044424,51.9183074,4.4004374,OpenStreetMap via Overpass API
Netherlands,Albert Heijn,Albert Heijn,Molenstraat,20,5482GB,Schijndel,Molenstraat 20 5482GB Schijndel Netherlands,node,2407802775,51.6160984,5.4433627,OpenStreetMap via Overpass API
Netherlands,Albert Heijn,Albert Heijn,Aankomstpassage,36,1118AX,Schiphol,Aankomstpassage 36 1118AX Schiphol Netherlands,node,3450648870,52.3101447,4.7630111,OpenStreetMap via Overpass API
Netherlands,Albert Heijn,Albert Heijn,Keenenburgweg,15,2636GK,Schipluiden,Keenenburgweg 15 2636GK Schipluiden Netherlands,node,34044389,51.9762582,4.3173129,OpenStreetMap via Overpass API
Netherlands,Albert Heijn,Albert Heijn,Cellebroedersstraat,1,2871AS,Schoonhoven,Cellebroedersstraat 1 2871AS Schoonhoven Netherlands,node,2850925114,51.9467013,4.8586918,OpenStreetMap via Overpass API
Netherlands,Albert Heijn,Albert Heijn Jan Linders,Pastoor Vullinghsstraat,53,5975AP,Sevenum,Pastoor Vullinghsstraat 53 5975AP Sevenum Netherlands,node,2790389490,51.4132205,6.0365826,OpenStreetMap via Overpass API
Netherlands,Albert Heijn,Albert Heijn Jan Linders,De Merret,1,5845DA,Sint Anthonis,De Merret 1 5845DA Sint Anthonis Netherlands,node,2867688455,51.6266943,5.8799194,OpenStreetMap via Overpass API
Netherlands,Albert Heijn,Albert Heijn,Kloosterpad,3,5271AX,Sint-Michielsgestel,Kloosterpad 3 5271AX Sint-Michielsgestel Netherlands,node,34044505,51.6380565,5.3495601,OpenStreetMap via Overpass API
Netherlands,Albert Heijn,Albert Heijn,Markt,18,5492AB,Sint-Oedenrode,Markt 18 5492AB Sint-Oedenrode Netherlands,node,3024054410,51.5643483,5.4601337,OpenStreetMap via Overpass API
Netherlands,Albert Heijn,Albert Heijn,Brugstraat,1,6131AE,Sittard,Brugstraat 1 6131AE Sittard Netherlands,node,2887241960,50.999193,5.8588727,OpenStreetMap via Overpass API
Netherlands,Albert Heijn,Albert Heijn Jan Linders,Industriestraat,19,6135KE,Sittard,Industriestraat 19 6135KE Sittard Netherlands,node,313711656,51.0004293,5.8452779,OpenStreetMap via Overpass API
Netherlands,Albert Heijn,Albert Heijn,Walstraat,71,6131CV,Sittard,Walstraat 71 6131CV Sittard Netherlands,node,5198151481,50.9975729,5.8669906,OpenStreetMap via Overpass API
Netherlands,Albert Heijn,Albert Heijn,Bannerschultestraat,7,7841AA,Sleen,Bannerschultestraat 7 7841AA Sleen Netherlands,node,296371207,52.773224,6.8024938,OpenStreetMap via Overpass API
Netherlands,Albert Heijn,Albert Heijn,Nieuwe Es,7,4254AW,Sleeuwijk,Nieuwe Es 7 4254AW Sleeuwijk Netherlands,node,4410427474,51.8126168,4.9455091,OpenStreetMap via Overpass API
Netherlands,Albert Heijn,Albert Heijn,Burgemeester Winklerplein,24,3362AA,Sliedrecht,Burgemeester Winklerplein 24 3362AA Sliedrecht Netherlands,node,2831301248,51.8219603,4.777799,OpenStreetMap via Overpass API
Netherlands,Albert Heijn,Albert Heijn,Middelzeelaan,4,8604BH,Sneek,Middelzeelaan 4 8604BH Sneek Netherlands,node,4360580329,53.0391385,5.6776607,OpenStreetMap via Overpass API
Netherlands,Albert Heijn,Albert Heijn,Sint Antoniusplein,35,8601HK,Sneek,Sint Antoniusplein 35 8601HK Sneek Netherlands,node,34044919,53.0337824,5.6555498,OpenStreetMap via Overpass API
Netherlands,Albert Heijn,Albert Heijn,Burgemeester Grothestraat,2,3761CM,Soest,Burgemeester Grothestraat 2 3761CM Soest Netherlands,node,34044798,52.1875528,5.2936704,OpenStreetMap via Overpass API
Netherlands,Albert Heijn,Albert Heijn,Smitsweg,20,3765CT,Soest,Smitsweg 20 3765CT Soest Netherlands,node,2747855585,52.1717163,5.2922542,OpenStreetMap via Overpass API
Netherlands,Albert Heijn,Albert Heijn,Tamboerijn,11,3766HA,Soest,Tamboerijn 11 3766HA Soest Netherlands,node,2748984620,52.1689806,5.2815705,OpenStreetMap via Overpass API
Netherlands,Albert Heijn,Albert Heijn Jan Linders,Kerkstraat,30d,5711GW,Someren,Kerkstraat 30d 5711GW Someren Netherlands,node,4573075451,51.3796362,5.7151705,OpenStreetMap via Overpass API
Netherlands,Albert Heijn,Albert Heijn,Postelstraat,39,5711EM,Someren,Postelstraat 39 5711EM Someren Netherlands,node,4331183795,51.3827752,5.7113823,OpenStreetMap via Overpass API
Netherlands,Albert Heijn,Albert Heijn,Dorpsweg,40,3245VC,Sommelsdijk,Dorpsweg 40 3245VC Sommelsdijk Netherlands,node,4575071006,51.7558498,4.1507974,OpenStreetMap via Overpass API
Netherlands,Albert Heijn,Albert Heijn,17 Septemberplein,9,5691DG,Son en Breugel,17 Septemberplein 9 5691DG Son en Breugel Netherlands,node,34044500,51.5113096,5.4909451,OpenStreetMap via Overpass API
Netherlands,Albert Heijn,Albert Heijn,Lageweg,1,2064KZ,Spaarndam,Lageweg 1 2064KZ Spaarndam Netherlands,node,6292598464,52.4111815,4.6843975,OpenStreetMap via Overpass API
Netherlands,Albert Heijn,Albert Heijn,Wuiver,4-6,1715ED,Spanbroek,Wuiver 4-6 1715ED Spanbroek Netherlands,node,9141291572,52.7024214,4.9474457,OpenStreetMap via Overpass API
Netherlands,Albert Heijn,Albert Heijn,'t Plateau,31,3202GL,Spijkenisse,'t Plateau 31 3202GL Spijkenisse Netherlands,node,34044327,51.8551969,4.3167772,OpenStreetMap via Overpass API
Netherlands,Albert Heijn,Albert Heijn,Nieuwstraat,370,3201EG,Spijkenisse,Nieuwstraat 370 3201EG Spijkenisse Netherlands,node,34044329,51.8495906,4.33113,OpenStreetMap via Overpass API
Netherlands,Albert Heijn,Albert Heijn,Sterrenhof,18,3204AT,Spijkenisse,Sterrenhof 18 3204AT Spijkenisse Netherlands,node,430401150,51.8423024,4.3238839,OpenStreetMap via Overpass API
Netherlands,Albert Heijn,Albert Heijn,Zomerakker,105,3206TL,Spijkenisse,Zomerakker 105 3206TL Spijkenisse Netherlands,node,2745402321,51.833206,4.3189252,OpenStreetMap via Overpass API
Netherlands,Albert Heijn,Albert Heijn,Van der Duinstraat,115,5161BN,Sprang-Capelle,Van der Duinstraat 115 5161BN Sprang-Capelle Netherlands,node,2832109490,51.6685031,5.0344792,OpenStreetMap via Overpass API
Netherlands,Albert Heijn,Albert Heijn,Warmoesstraat,37,9076DL,St.-Annaparochie,Warmoesstraat 37 9076DL St.-Annaparochie Netherlands,node,426867477,53.2752251,5.6576285,OpenStreetMap via Overpass API
Netherlands,Albert Heijn,Albert Heijn,Gandhiplein,12,9501DE,Stadskanaal,Gandhiplein 12 9501DE Stadskanaal Netherlands,node,34044890,52.987907,6.9561547,OpenStreetMap via Overpass API
Netherlands,Albert Heijn,Albert Heijn,Lindenburghlaan,1,4651TM,Steenbergen,Lindenburghlaan 1 4651TM Steenbergen Netherlands,node,3131096236,51.5872111,4.3142728,OpenStreetMap via Overpass API
Netherlands,Albert Heijn,Albert Heijn,Het Schar,3,8332CL,Steenwijk,Het Schar 3 8332CL Steenwijk Netherlands,node,2823617774,52.7930026,6.1307153,OpenStreetMap via Overpass API
Netherlands,Albert Heijn,Albert Heijn,Prinsen Hoven,1,8331JV,Steenwijk,Prinsen Hoven 1 8331JV Steenwijk Netherlands,node,2754601798,52.7876819,6.1132326,OpenStreetMap via Overpass API
Netherlands,Albert Heijn,Albert Heijn,Industrieweg,19,6171CN,Stein,Industrieweg 19 6171CN Stein Netherlands,node,4985521389,50.9781251,5.7665168,OpenStreetMap via Overpass API
Netherlands,Albert Heijn,Albert Heijn,Wythústerwei,12,9051EJ,Stiens,Wythústerwei 12 9051EJ Stiens Netherlands,node,3064861410,53.2567968,5.7648629,OpenStreetMap via Overpass API
Netherlands,Albert Heijn,Albert Heijn,Kerkstraat,18,3291AL,Strijen,Kerkstraat 18 3291AL Strijen Netherlands,node,2767224680,51.7440023,4.55312,OpenStreetMap via Overpass API
Netherlands,Albert Heijn,Albert Heijn,De Kolk,29,9231CV,Surhuisterveen,De Kolk 29 9231CV Surhuisterveen Netherlands,node,34045914,53.1831484,6.1658477,OpenStreetMap via Overpass API
Netherlands,Albert Heijn,Albert Heijn,De Poort,10,8255AA,Swifterbant,De Poort 10 8255AA Swifterbant Netherlands,node,34044834,52.5716915,5.6438435,OpenStreetMap via Overpass API
Netherlands,Albert Heijn,Albert Heijn Jan Linders,Kerkstraat,42,5931NN,Tegelen,Kerkstraat 42 5931NN Tegelen Netherlands,node,968136114,51.3412748,6.1398434,OpenStreetMap via Overpass API
Netherlands,Albert Heijn,Albert Heijn,Raadhuislaan,48,5931NS,Tegelen,Raadhuislaan 48 5931NS Tegelen Netherlands,node,34044513,51.3413158,6.1412117,OpenStreetMap via Overpass API
Netherlands,Albert Heijn,Albert Heijn,Bellamystraat,141,4536AJ,Terneuzen,Bellamystraat 141 4536AJ Terneuzen Netherlands,node,2752965835,51.3202627,3.8464306,OpenStreetMap via Overpass API
Netherlands,Albert Heijn,Albert Heijn,Terreplein,4,4691AA,Tholen,Terreplein 4 4691AA Tholen Netherlands,node,3847031127,51.5363026,4.2263293,OpenStreetMap via Overpass API
Netherlands,Albert Heijn,Albert Heijn,Kamperfoelie,1,4007TK,Tiel,Kamperfoelie 1 4007TK Tiel Netherlands,node,1389813892,51.8704299,5.4002915,OpenStreetMap via Overpass API
Netherlands,Albert Heijn,Albert Heijn,Molenstraatje,2,4001CB,Tiel,Molenstraatje 2 4001CB Tiel Netherlands,node,429803226,51.8881744,5.4290089,OpenStreetMap via Overpass API
Netherlands,Albert Heijn,Albert Heijn Jan Linders,Boerenovenweg,3,5865BV,Tienray,Boerenovenweg 3 5865BV Tienray Netherlands,node,4657564213,51.4921913,6.0893022,OpenStreetMap via Overpass API
Netherlands,Albert Heijn,Albert Heijn,Buurmalsenplein,1,5043XL,Tilburg,Buurmalsenplein 1 5043XL Tilburg Netherlands,node,34044350,51.5815132,5.0188176,OpenStreetMap via Overpass API
Netherlands,Albert Heijn,Albert Heijn,Dalempromenade,40,5035KL,Tilburg,Dalempromenade 40 5035KL Tilburg Netherlands,node,1580085482,51.5825162,4.983758,OpenStreetMap via Overpass API
Netherlands,Albert Heijn,Albert Heijn,Korvelplein,191,5025JX,Tilburg,Korvelplein 191 5025JX Tilburg Netherlands,node,2851138217,51.5487876,5.067449,OpenStreetMap via Overpass API
Netherlands,Albert Heijn,Albert Heijn,Piusplein,34,5038WN,Tilburg,Piusplein 34 5038WN Tilburg Netherlands,node,2850739368,51.5544293,5.0906914,OpenStreetMap via Overpass API
Netherlands,Albert Heijn,Albert Heijn,Professor de Moorplein,124,5037DN,Tilburg,Professor de Moorplein 124 5037DN Tilburg Netherlands,node,792621131,51.5620904,5.0493629,OpenStreetMap via Overpass API
Netherlands,Albert Heijn,Albert Heijn,Umberstraat,2,5044JJ,Tilburg,Umberstraat 2 5044JJ Tilburg Netherlands,node,5489488605,51.5762901,5.0397288,OpenStreetMap via Overpass API
Netherlands,Albert Heijn,Albert Heijn,Wagnerplein,52,5011LR,Tilburg,Wagnerplein 52 5011LR Tilburg Netherlands,node,34045549,51.584034,5.0857536,OpenStreetMap via Overpass API
Netherlands,Albert Heijn,Albert Heijn,Westermarkt,17,5042MC,Tilburg,Westermarkt 17 5042MC Tilburg Netherlands,node,5196703724,51.5701675,5.0543658,OpenStreetMap via Overpass API
Netherlands,Albert Heijn,Albert Heijn,Dorpsstraat,28,7391DE,Twello,Dorpsstraat 28 7391DE Twello Netherlands,node,2779385069,52.2376592,6.1037328,OpenStreetMap via Overpass API
Netherlands,Albert Heijn,Albert Heijn,Markt,19,5401GN,Uden,Markt 19 5401GN Uden Netherlands,node,3362988984,51.6564244,5.6149825,OpenStreetMap via Overpass API
Netherlands,Albert Heijn,Albert Heijn,Molecatenlaan,30,7339LM,Ugchelen,Molecatenlaan 30 7339LM Ugchelen Netherlands,node,34045727,52.1858149,5.9420532,OpenStreetMap via Overpass API
Netherlands,Albert Heijn,Albert Heijn,Anna van Renesseplein,1,1911KT,Uitgeest,Anna van Renesseplein 1 1911KT Uitgeest Netherlands,node,2596592143,52.5209516,4.7017914,OpenStreetMap via Overpass API
Netherlands,Albert Heijn,Albert Heijn,Amstelplein,37,1421SB,Uithoorn,Amstelplein 37 1421SB Uithoorn Netherlands,node,34044681,52.2324713,4.8288773,OpenStreetMap via Overpass API
Netherlands,Albert Heijn,Albert Heijn,Zijdelwaardplein,84,1422DN,Uithoorn,Zijdelwaardplein 84 1422DN Uithoorn Netherlands,node,34045666,52.24631,4.8268269,OpenStreetMap via Overpass API
Netherlands,Albert Heijn,Albert Heijn,Hoofdstraat-Oost,9,9981AG,Uithuizen,Hoofdstraat-Oost 9 9981AG Uithuizen Netherlands,node,12556812401,53.4077172,6.6741147,OpenStreetMap via Overpass API
Netherlands,Albert Heijn,Albert Heijn,Veldstraat,10,7071CC,Ulft,Veldstraat 10 7071CC Ulft Netherlands,node,4320982000,51.8906128,6.383965,OpenStreetMap via Overpass API
Netherlands,Albert Heijn,Albert Heijn,Nagel,42,8321RG,Urk,Nagel 42 8321RG Urk Netherlands,node,2724422566,52.6628845,5.62404,OpenStreetMap via Overpass API
Netherlands,Albert Heijn,Albert Heijn,'t Goylaan,66G,3525AH,Utrecht,'t Goylaan 66G 3525AH Utrecht Netherlands,node,1699967863,52.0664285,5.1211715,OpenStreetMap via Overpass API
Netherlands,Albert Heijn,Albert Heijn,Amsterdamsestraatweg,367A,3551CK,Utrecht,Amsterdamsestraatweg 367A 3551CK Utrecht Netherlands,node,1640800009,52.1042566,5.0941414,OpenStreetMap via Overpass API
Netherlands,Albert Heijn,Albert Heijn,Amsterdamsestraatweg,56,3513AH,Utrecht,Amsterdamsestraatweg 56 3513AH Utrecht Netherlands,node,34044652,52.0960559,5.1077322,OpenStreetMap via Overpass API
Netherlands,Albert Heijn,Albert Heijn,Biltstraat,90,3572BH,Utrecht,Biltstraat 90 3572BH Utrecht Netherlands,node,2679530376,52.0954147,5.1307648,OpenStreetMap via Overpass API
Netherlands,Albert Heijn,Albert Heijn,Burgemeester Reigerstraat,57,3581KM,Utrecht,Burgemeester Reigerstraat 57 3581KM Utrecht Netherlands,node,34044585,52.0892208,5.1358475,OpenStreetMap via Overpass API
Netherlands,Albert Heijn,Albert Heijn,Damstraat,37,3531BS,Utrecht,Damstraat 37 3531BS Utrecht Netherlands,node,1881161831,52.0922329,5.1035986,OpenStreetMap via Overpass API
Netherlands,Albert Heijn,Albert Heijn,Doornburglaan,2,3554EP,Utrecht,Doornburglaan 2 3554EP Utrecht Netherlands,node,3041578479,52.1135141,5.0890266,OpenStreetMap via Overpass API
Netherlands,Albert Heijn,Albert Heijn,Ella Fitzgeraldplein,6,3543EP,Utrecht,Ella Fitzgeraldplein 6 3543EP Utrecht Netherlands,node,3292791003,52.1014121,5.0442505,OpenStreetMap via Overpass API
Netherlands,Albert Heijn,Albert Heijn,Godebaldkwartier,149,3511DP,Utrecht,Godebaldkwartier 149 3511DP Utrecht Netherlands,node,34044581,52.0892253,5.1133026,OpenStreetMap via Overpass API
Netherlands,Albert Heijn,Albert Heijn,Hammarskjöldhof,64,3527HE,Utrecht,Hammarskjöldhof 64 3527HE Utrecht Netherlands,node,34044580,52.0740418,5.0943877,OpenStreetMap via Overpass API
Netherlands,Albert Heijn,Albert Heijn,Hondsrug,60,3524BR,Utrecht,Hondsrug 60 3524BR Utrecht Netherlands,node,34044582,52.0649205,5.1381599,OpenStreetMap via Overpass API
Netherlands,Albert Heijn,Albert Heijn,Händelstraat,63,3533GH,Utrecht,Händelstraat 63 3533GH Utrecht Netherlands,node,34044575,52.0865952,5.0856999,OpenStreetMap via Overpass API
Netherlands,Albert Heijn,Albert Heijn,Nachtegaalstraat,55,3581AD,Utrecht,Nachtegaalstraat 55 3581AD Utrecht Netherlands,node,34044664,52.0915641,5.1313367,OpenStreetMap via Overpass API
Netherlands,Albert Heijn,Albert Heijn,Oudenoord,1,3513EG,Utrecht,Oudenoord 1 3513EG Utrecht Netherlands,node,2701981757,52.0970883,5.1133806,OpenStreetMap via Overpass API
Netherlands,Albert Heijn,Albert Heijn,Potterstraat,1,3512TA,Utrecht,Potterstraat 1 3512TA Utrecht Netherlands,node,5885744982,52.0933555,5.1175972,OpenStreetMap via Overpass API
Netherlands,Albert Heijn,Albert Heijn,Stationsplein,24,3511ED,Utrecht,Stationsplein 24 3511ED Utrecht Netherlands,node,5659126993,52.0908619,5.1103347,OpenStreetMap via Overpass API
Netherlands,Albert Heijn,Albert Heijn,Troosterhof,14,3571NC,Utrecht,Troosterhof 14 3571NC Utrecht Netherlands,node,8626716192,52.1067441,5.134539,OpenStreetMap via Overpass API
Netherlands,Albert Heijn,Albert Heijn,Twijnstraat,8-14,3511ZK,Utrecht,Twijnstraat 8-14 3511ZK Utrecht Netherlands,node,34044584,52.0835323,5.1234828,OpenStreetMap via Overpass API
Netherlands,Albert Heijn,Albert Heijn,Vondellaan,200,3521GZ,Utrecht,Vondellaan 200 3521GZ Utrecht Netherlands,node,343510708,52.0780365,5.1156766,OpenStreetMap via Overpass API
Netherlands,Albert Heijn,Albert Heijn,Voorstraat,38,3512AP,Utrecht,Voorstraat 38 3512AP Utrecht Netherlands,node,34044662,52.0947901,5.119881,OpenStreetMap via Overpass API
Netherlands,Albert Heijn,Albert Heijn,Willem van Noortplein,6,3514GK,Utrecht,Willem van Noortplein 6 3514GK Utrecht Netherlands,node,34044665,52.102233,5.1230395,OpenStreetMap via Overpass API
Netherlands,Albert Heijn,Albert Heijn,Prins Willem Alexanderplein,5,6291GZ,Vaals,Prins Willem Alexanderplein 5 6291GZ Vaals Netherlands,node,2789374217,50.7726723,6.0208049,OpenStreetMap via Overpass API
Netherlands,Albert Heijn,Albert Heijn,Dorpsstraat,69D,8171BM,Vaassen,Dorpsstraat 69D 8171BM Vaassen Netherlands,node,3491373722,52.2877998,5.9686599,OpenStreetMap via Overpass API
Netherlands,Albert Heijn,Albert Heijn,Irmengard Passage,3,6301EC,Valkenburg,Irmengard Passage 3 6301EC Valkenburg Netherlands,node,4426108376,50.865799,5.8338994,OpenStreetMap via Overpass API
Netherlands,Albert Heijn,Albert Heijn,Corridor,24,5554HN,Valkenswaard,Corridor 24 5554HN Valkenswaard Netherlands,node,3665671437,51.3532045,5.4581828,OpenStreetMap via Overpass API
Netherlands,Albert Heijn,Albert Heijn,Beneden Oosterdiep,165,9645LN,Veendam,Beneden Oosterdiep 165 9645LN Veendam Netherlands,node,426867462,53.1119037,6.8848681,OpenStreetMap via Overpass API
Netherlands,Albert Heijn,Albert Heijn,Passage,50,3901AZ,Veenendaal,Passage 50 3901AZ Veenendaal Netherlands,node,2775997515,52.0255456,5.5572852,OpenStreetMap via Overpass API
Netherlands,Albert Heijn,Albert Heijn,Stuivenbergheem,15,3907NH,Veenendaal,Stuivenbergheem 15 3907NH Veenendaal Netherlands,node,6766819987,52.0260007,5.5806774,OpenStreetMap via Overpass API
Netherlands,Albert Heijn,Albert Heijn,Veenslag,7,3905SH,Veenendaal,Veenslag 7 3905SH Veenendaal Netherlands,node,2154562255,52.0286845,5.532473,OpenStreetMap via Overpass API
Netherlands,Albert Heijn,Albert Heijn Jan Linders,De Boekt,20,5463HT,Veghel,De Boekt 20 5463HT Veghel Netherlands,node,2814845900,51.6089802,5.5467533,OpenStreetMap via Overpass API
Netherlands,Albert Heijn,Albert Heijn,Stadhuisplein,6,5461KS,Veghel,Stadhuisplein 6 5461KS Veghel Netherlands,node,2813750871,51.6149027,5.5476091,OpenStreetMap via Overpass API
Netherlands,Albert Heijn,Albert Heijn Jan Linders,Markt,10D,5941GA,Velden,Markt 10D 5941GA Velden Netherlands,node,2830659420,51.4149613,6.1655182,OpenStreetMap via Overpass API
Netherlands,Albert Heijn,Albert Heijn,De Schaatsenmaker,8,5506CZ,Veldhoven,De Schaatsenmaker 8 5506CZ Veldhoven Netherlands,node,1741832433,51.4185244,5.392166,OpenStreetMap via Overpass API
Netherlands,Albert Heijn,Albert Heijn,Meiveld,8,5501KA,Veldhoven,Meiveld 8 5501KA Veldhoven Netherlands,node,34044472,51.4215829,5.4057537,OpenStreetMap via Overpass API
Netherlands,Albert Heijn,Albert Heijn,Mira,25,5505AR,Veldhoven,Mira 25 5505AR Veldhoven Netherlands,node,2425521976,51.4126228,5.3973334,OpenStreetMap via Overpass API
Netherlands,Albert Heijn,Albert Heijn,Rapportstraat,2,5504BP,Veldhoven,Rapportstraat 2 5504BP Veldhoven Netherlands,node,34045532,51.4043388,5.396977,OpenStreetMap via Overpass API
Netherlands,Albert Heijn,Albert Heijn,Hoofdstraat,232,6881TS,Velp,Hoofdstraat 232 6881TS Velp Netherlands,node,2859052994,51.9959075,5.9690322,OpenStreetMap via Overpass API
Netherlands,Albert Heijn,Albert Heijn,Maagdenbergplein,15,5915CW,Venlo,Maagdenbergplein 15 5915CW Venlo Netherlands,node,318945450,51.3595649,6.1802111,OpenStreetMap via Overpass API
Netherlands,Albert Heijn,Albert Heijn,Wieënpassage,40,5921GD,Venlo,Wieënpassage 40 5921GD Venlo Netherlands,node,34045570,51.3682376,6.149932,OpenStreetMap via Overpass API
Netherlands,Albert Heijn,Albert Heijn,van Nijvenheimstraat,62,5912BN,Venlo,van Nijvenheimstraat 62 5912BN Venlo Netherlands,node,318945451,51.3607653,6.1623538,OpenStreetMap via Overpass API
Netherlands,Albert Heijn,Albert Heijn,De Gouden Leeuw,8,5801BX,Venray,De Gouden Leeuw 8 5801BX Venray Netherlands,node,1987552046,51.522886,5.9730725,OpenStreetMap via Overpass API
Netherlands,Albert Heijn,Albert Heijn Jan Linders,Raadhuisstraat,100,5801MA,Venray,Raadhuisstraat 100 5801MA Venray Netherlands,node,2751010521,51.5316185,5.9795876,OpenStreetMap via Overpass API
Netherlands,Albert Heijn,Albert Heijn,Lijnbaan,11,4132CB,Vianen,Lijnbaan 11 4132CB Vianen Netherlands,node,34044551,51.9914535,5.0943739,OpenStreetMap via Overpass API
Netherlands,Albert Heijn,Albert Heijn,Herenweg,71,3645DG,Vinkeveen,Herenweg 71 3645DG Vinkeveen Netherlands,node,1147948839,52.2157583,4.935104,OpenStreetMap via Overpass API
Netherlands,Albert Heijn,Albert Heijn,De Loper,85,3137DD,Vlaardingen,De Loper 85 3137DD Vlaardingen Netherlands,node,1473674380,51.9322757,4.3457954,OpenStreetMap via Overpass API
Netherlands,Albert Heijn,Albert Heijn,dr. Wiardi Beckmansingel,10,3132CX,Vlaardingen,dr. Wiardi Beckmansingel 10 3132CX Vlaardingen Netherlands,node,2773633716,51.9094339,4.3161845,OpenStreetMap via Overpass API
Netherlands,Albert Heijn,Albert Heijn,Hindersteinlaan,23,3451EV,Vleuten,Hindersteinlaan 23 3451EV Vleuten Netherlands,node,34044657,52.1055842,5.0141636,OpenStreetMap via Overpass API
Netherlands,Albert Heijn,Albert Heijn,Middenburcht,14,3452MT,Vleuten,Middenburcht 14 3452MT Vleuten Netherlands,node,2761148524,52.0929439,5.0130454,OpenStreetMap via Overpass API
Netherlands,Albert Heijn,Albert Heijn Jan Linders,Oliemaat,5,5251AG,Vlijmen,Oliemaat 5 5251AG Vlijmen Netherlands,node,2897716656,51.6942424,5.2210344,OpenStreetMap via Overpass API
Netherlands,Albert Heijn,Albert Heijn,Aagje Dekenstraat,16,4381RZ,Vlissingen,Aagje Dekenstraat 16 4381RZ Vlissingen Netherlands,node,4400075263,51.4456219,3.5734505,OpenStreetMap via Overpass API
Netherlands,Albert Heijn,Albert Heijn,De Stient,4,1132BE,Volendam,De Stient 4 1132BE Volendam Netherlands,node,2844625882,52.4977602,5.053047,OpenStreetMap via Overpass API
Netherlands,Albert Heijn,Albert Heijn,Zeestraat,21-1,1131ZD,Volendam,Zeestraat 21-1 1131ZD Volendam Netherlands,node,1262177559,52.4937923,5.0724307,OpenStreetMap via Overpass API
Netherlands,Albert Heijn,Albert Heijn,Koningin Julianalaan,263,2273JG,Voorburg,Koningin Julianalaan 263 2273JG Voorburg Netherlands,node,2704918188,52.0756528,4.3594599,OpenStreetMap via Overpass API
Netherlands,Albert Heijn,Albert Heijn,Parkweg,30A,2271AK,Voorburg,Parkweg 30A 2271AK Voorburg Netherlands,node,2703380838,52.0677765,4.3626763,OpenStreetMap via Overpass API
Netherlands,Albert Heijn,Albert Heijn,Jacoba van Beierenhof,29,2215JK,Voorhout,Jacoba van Beierenhof 29 2215JK Voorhout Netherlands,node,1782081855,52.2229429,4.485687,OpenStreetMap via Overpass API
Netherlands,Albert Heijn,Albert Heijn,Schoolstraat,1,2251BD,Voorschoten,Schoolstraat 1 2251BD Voorschoten Netherlands,node,34044644,52.1266432,4.448713,OpenStreetMap via Overpass API
Netherlands,Albert Heijn,Albert Heijn,Smidsplein,21,3781GR,Voorthuizen,Smidsplein 21 3781GR Voorthuizen Netherlands,node,2719664023,52.1864903,5.608767,OpenStreetMap via Overpass API
Netherlands,Albert Heijn,Albert Heijn,Dorpsstraat,18,7251BB,Vorden,Dorpsstraat 18 7251BB Vorden Netherlands,node,2074710656,52.1031475,6.314264,OpenStreetMap via Overpass API
Netherlands,Albert Heijn,Albert Heijn,Baron van Hövellplein,2,5261GH,Vught,Baron van Hövellplein 2 5261GH Vught Netherlands,node,2772773504,51.6577906,5.3001949,OpenStreetMap via Overpass API
Netherlands,Albert Heijn,Albert Heijn,Stationsstraat,31,5261VB,Vught,Stationsstraat 31 5261VB Vught Netherlands,node,34045596,51.6548454,5.2931281,OpenStreetMap via Overpass API
Netherlands,Albert Heijn,Albert Heijn,De Bus,38,5581GP,Waalre,De Bus 38 5581GP Waalre Netherlands,node,34044471,51.3869422,5.44576,OpenStreetMap via Overpass API
Netherlands,Albert Heijn,Albert Heijn,Den Hof,4,5582JZ,Waalre,Den Hof 4 5582JZ Waalre Netherlands,node,2929826237,51.3954793,5.4746798,OpenStreetMap via Overpass API
Netherlands,Albert Heijn,Albert Heijn,Bloemenoordplein,50,5143TC,Waalwijk,Bloemenoordplein 50 5143TC Waalwijk Netherlands,node,34045600,51.6824183,5.0783903,OpenStreetMap via Overpass API
Netherlands,Albert Heijn,Albert Heijn,De Els,46a,5141HH,Waalwijk,De Els 46a 5141HH Waalwijk Netherlands,node,429685294,51.6882392,5.0655923,OpenStreetMap via Overpass API
Netherlands,Albert Heijn,Albert Heijn,Binnendoor,4,2741NP,Waddinxveen,Binnendoor 4 2741NP Waddinxveen Netherlands,node,3791760510,52.0413872,4.6519874,OpenStreetMap via Overpass API
Netherlands,Albert Heijn,Albert Heijn,Koningin Wilhelminaplein,42,2741EB,Waddinxveen,Koningin Wilhelminaplein 42 2741EB Waddinxveen Netherlands,node,2697946257,52.0495966,4.6523872,OpenStreetMap via Overpass API
Netherlands,Albert Heijn,Albert Heijn Jan Linders,Nobelweg,2A,6706GA,Wageningen,Nobelweg 2A 6706GA Wageningen Netherlands,node,7888535383,51.9749762,5.6765833,OpenStreetMap via Overpass API
Netherlands,Albert Heijn,Albert Heijn,Stadsbrink,375,6707AA,Wageningen,Stadsbrink 375 6707AA Wageningen Netherlands,node,34044586,51.9699586,5.6680544,OpenStreetMap via Overpass API
Netherlands,Albert Heijn,Albert Heijn Jan Linders,Lepelstraat,1,5446AG,Wanroij,Lepelstraat 1 5446AG Wanroij Netherlands,node,2870584237,51.6551259,5.820001,OpenStreetMap via Overpass API
Netherlands,Albert Heijn,Albert Heijn Jan Linders,Burgemeester de Weichshavenstraat,1,5861AX,Wanssum,Burgemeester de Weichshavenstraat 1 5861AX Wanssum Netherlands,node,34045576,51.5366624,6.0795792,OpenStreetMap via Overpass API
Netherlands,Albert Heijn,Albert Heijn,W.H. van de Pollstraat,2,8191DA,Wapenveld,W.H. van de Pollstraat 2 8191DA Wapenveld Netherlands,node,2714111994,52.4321551,6.0746499,OpenStreetMap via Overpass API
Netherlands,Albert Heijn,Albert Heijn,Theresiaplein,8,1749GX,Warmenhuizen,Theresiaplein 8 1749GX Warmenhuizen Netherlands,node,4525234232,52.7219935,4.7391802,OpenStreetMap via Overpass API
Netherlands,Albert Heijn,Albert Heijn,Dorpsstraat,2,2361BB,Warmond,Dorpsstraat 2 2361BB Warmond Netherlands,node,276992184,52.1955272,4.5022503,OpenStreetMap via Overpass API
Netherlands,Albert Heijn,Albert Heijn,Runneboom,2,7232CX,Warnsveld,Runneboom 2 7232CX Warnsveld Netherlands,node,2654562449,52.1350816,6.2288438,OpenStreetMap via Overpass API
Netherlands,Albert Heijn,Albert Heijn,Stadhoudersplein,4,2241EB,Wassenaar,Stadhoudersplein 4 2241EB Wassenaar Netherlands,node,34044646,52.1445745,4.4036561,OpenStreetMap via Overpass API
Netherlands,Albert Heijn,Albert Heijn,Struyck van Bergenstraat,2,2291RW,Wateringen,Struyck van Bergenstraat 2 2291RW Wateringen Netherlands,node,2730889159,52.0246644,4.2760775,OpenStreetMap via Overpass API
Netherlands,Albert Heijn,Albert Heijn,Boshoverweg,59,6002AM,Weert,Boshoverweg 59 6002AM Weert Netherlands,node,2372291973,51.2621876,5.6862575,OpenStreetMap via Overpass API
Netherlands,Albert Heijn,Albert Heijn,Muntpassage,49,6001GL,Weert,Muntpassage 49 6001GL Weert Netherlands,node,429798203,51.2549964,5.7049447,OpenStreetMap via Overpass API
Netherlands,Albert Heijn,Albert Heijn Heerschap,Oranjeplein,225,6006CX,Weert,Oranjeplein 225 6006CX Weert Netherlands,node,2849418253,51.243427,5.7078667,OpenStreetMap via Overpass API
Netherlands,Albert Heijn,Albert Heijn Heerschap,Sint Jobplein,2,6004JZ,Weert,Sint Jobplein 2 6004JZ Weert Netherlands,node,6511847017,51.2516883,5.7290289,OpenStreetMap via Overpass API
Netherlands,Albert Heijn,Albert Heijn,Achtergracht,64,1381BP,Weesp,Achtergracht 64 1381BP Weesp Netherlands,node,2469955739,52.3064942,5.0397274,OpenStreetMap via Overpass API
Netherlands,Albert Heijn,Albert Heijn,Amstellandlaan,20,1382CE,Weesp,Amstellandlaan 20 1382CE Weesp Netherlands,node,428595106,52.3106091,5.0338128,OpenStreetMap via Overpass API
Netherlands,Albert Heijn,Albert Heijn,Gouwplein,1A,1384MB,Weesp,Gouwplein 1A 1384MB Weesp Netherlands,node,11296101670,52.3185412,5.0440895,OpenStreetMap via Overpass API
Netherlands,Albert Heijn,Albert Heijn,Edeseweg,101A,6733AD,Wekerom,Edeseweg 101A 6733AD Wekerom Netherlands,node,12407782498,52.1142442,5.7187799,OpenStreetMap via Overpass API
Netherlands,Albert Heijn,Albert Heijn,Sigmondstraat,52,4251ZB,Werkendam,Sigmondstraat 52 4251ZB Werkendam Netherlands,node,34045443,51.8094199,4.8908224,OpenStreetMap via Overpass API
Netherlands,Albert Heijn,Albert Heijn,Dorpsstraat,14,1693AG,Wervershoof,Dorpsstraat 14 1693AG Wervershoof Netherlands,node,2811857064,52.7273446,5.1521577,OpenStreetMap via Overpass API
Netherlands,Albert Heijn,Albert Heijn,Dorpsplein,6,6931CZ,Westervoort,Dorpsplein 6 6931CZ Westervoort Netherlands,node,34044596,51.9622213,5.967336,OpenStreetMap via Overpass API
Netherlands,Albert Heijn,Albert Heijn,Anjelierstraat,3,7641CD,Wierden,Anjelierstraat 3 7641CD Wierden Netherlands,node,2327206058,52.3611762,6.5964227,OpenStreetMap via Overpass API
Netherlands,Albert Heijn,Albert Heijn,Terpstraat,21,1771AC,Wieringerwerf,Terpstraat 21 1771AC Wieringerwerf Netherlands,node,522435878,52.8523958,5.0230914,OpenStreetMap via Overpass API
Netherlands,Albert Heijn,Albert Heijn,Europaplein,85,6602GV,Wijchen,Europaplein 85 6602GV Wijchen Netherlands,node,34044569,51.8070032,5.7278094,OpenStreetMap via Overpass API
Netherlands,Albert Heijn,Albert Heijn Jan Linders,Homberg,2527,6601XW,Wijchen,Homberg 2527 6601XW Wijchen Netherlands,node,2980906878,51.8120559,5.711928,OpenStreetMap via Overpass API
Netherlands,Albert Heijn,Albert Heijn,Oranjelaan,2,8131DB,Wijhe,Oranjelaan 2 8131DB Wijhe Netherlands,node,2663608276,52.3896742,6.1355948,OpenStreetMap via Overpass API
Netherlands,Albert Heijn,Albert Heijn,Sluishoofd,2,3961KW,Wijk bij Duurstede,Sluishoofd 2 3961KW Wijk bij Duurstede Netherlands,node,34045591,51.9735175,5.3269784,OpenStreetMap via Overpass API
Netherlands,Albert Heijn,Albert Heijn,Steenstraat,5,3961VM,Wijk bij Duurstede,Steenstraat 5 3961VM Wijk bij Duurstede Netherlands,node,2851500446,51.9746105,5.343452,OpenStreetMap via Overpass API
Netherlands,Albert Heijn,Albert Heijn,Beertsterweg,1D,9672BE,Winschoten,Beertsterweg 1D 9672BE Winschoten Netherlands,node,2926529371,53.1441508,7.0456537,OpenStreetMap via Overpass API
Netherlands,Albert Heijn,Albert Heijn,Obergon,2,9951HL,Winsum,Obergon 2 9951HL Winsum Netherlands,node,34045921,53.3348383,6.5156538,OpenStreetMap via Overpass API
Netherlands,Albert Heijn,Albert Heijn,Dingstraat,34,7101GX,Winterswijk,Dingstraat 34 7101GX Winterswijk Netherlands,node,2800596933,51.9679466,6.7185677,OpenStreetMap via Overpass API
Netherlands,Albert Heijn,Albert Heijn,Wagenstraat,24,3441BM,Woerden,Wagenstraat 24 3441BM Woerden Netherlands,node,2851433736,52.0848737,4.8855173,OpenStreetMap via Overpass API
Netherlands,Albert Heijn,Albert Heijn,Kerkstraat,15,1687AL,Wognum,Kerkstraat 15 1687AL Wognum Netherlands,node,2813390578,52.6816297,5.0239725,OpenStreetMap via Overpass API
Netherlands,Albert Heijn,Albert Heijn,Van Harenstraat,66,8471JG,Wolvega,Van Harenstraat 66 8471JG Wolvega Netherlands,node,34045880,52.8751166,5.9971448,OpenStreetMap via Overpass API
Netherlands,Albert Heijn,Albert Heijn,Marktplein,9,1521HS,Wormerveer,Marktplein 9 1521HS Wormerveer Netherlands,node,2886750115,52.4945765,4.7856292,OpenStreetMap via Overpass API
Netherlands,Albert Heijn,Albert Heijn,Dorpsstraat,27,3931ED,Woudenberg,Dorpsstraat 27 3931ED Woudenberg Netherlands,node,34044558,52.0825315,5.4164581,OpenStreetMap via Overpass API
Netherlands,Albert Heijn,Albert Heijn,Oude Torenstraat,37,4401EH,Yerseke,Oude Torenstraat 37 4401EH Yerseke Netherlands,node,2867522014,51.4915281,4.0492837,OpenStreetMap via Overpass API
Netherlands,Albert Heijn,Albert Heijn,Ebbehout,29,1507EA,Zaandam,Ebbehout 29 1507EA Zaandam Netherlands,node,2893589127,52.4385026,4.8126164,OpenStreetMap via Overpass API
Netherlands,Albert Heijn,Albert Heijn,Hermitage,4,1506TX,Zaandam,Hermitage 4 1506TX Zaandam Netherlands,node,2893589573,52.4385433,4.8174067,OpenStreetMap via Overpass API
Netherlands,Albert Heijn,Albert Heijn,Langeweide,77,1507NC,Zaandam,Langeweide 77 1507NC Zaandam Netherlands,node,2674161567,52.4481151,4.8027267,OpenStreetMap via Overpass API
Netherlands,Albert Heijn,Albert Heijn,John Lennonstraat,265,1544LT,Zaandijk,John Lennonstraat 265 1544LT Zaandijk Netherlands,node,4359305896,52.4765969,4.7999192,OpenStreetMap via Overpass API
Netherlands,Albert Heijn,Albert Heijn,Steenweg,8a,5301HL,Zaltbommel,Steenweg 8a 5301HL Zaltbommel Netherlands,node,438029318,51.8120416,5.2414871,OpenStreetMap via Overpass API
Netherlands,Albert Heijn,Albert Heijn,Grote Krocht,1,2042LT,Zandvoort,Grote Krocht 1 2042LT Zandvoort Netherlands,node,428078534,52.3719511,4.530749,OpenStreetMap via Overpass API
Netherlands,Albert Heijn,Albert Heijn,Kerkstraat,26,3891ET,Zeewolde,Kerkstraat 26 3891ET Zeewolde Netherlands,node,1830170270,52.3302501,5.5419647,OpenStreetMap via Overpass API
Netherlands,Albert Heijn,Albert Heijn,Rijksweg-Noord,28,4735TX,Zegge,Rijksweg-Noord 28 4735TX Zegge Netherlands,node,11079478510,51.5448848,4.5064731,OpenStreetMap via Overpass API
Netherlands,Albert Heijn,Albert Heijn,De Clomp,3104,3704KA,Zeist,De Clomp 3104 3704KA Zeist Netherlands,node,34044555,52.0833421,5.2203911,OpenStreetMap via Overpass API
Netherlands,Albert Heijn,Albert Heijn,Emmaplein,2,3701DA,Zeist,Emmaplein 2 3701DA Zeist Netherlands,node,34044554,52.086752,5.240085,OpenStreetMap via Overpass API
Netherlands,Albert Heijn,Albert Heijn,Hoog Kanje,110,3708DL,Zeist,Hoog Kanje 110 3708DL Zeist Netherlands,node,34044561,52.0761255,5.2627742,OpenStreetMap via Overpass API
Netherlands,Albert Heijn,Albert Heijn,Beatrixplein,15,6671KA,Zetten,Beatrixplein 15 6671KA Zetten Netherlands,node,792621136,51.9303373,5.7128761,OpenStreetMap via Overpass API
Netherlands,Albert Heijn,Albert Heijn,Kampsingel,2,6901JE,Zevenaar,Kampsingel 2 6901JE Zevenaar Netherlands,node,34044614,51.9309055,6.0783819,OpenStreetMap via Overpass API
Netherlands,Albert Heijn,Albert Heijn,Molenstraat,17a,4761CJ,Zevenbergen,Molenstraat 17a 4761CJ Zevenbergen Netherlands,node,3736614664,51.6439889,4.604713,OpenStreetMap via Overpass API
Netherlands,Albert Heijn,Albert Heijn,Haringvlietplein,7,4301XG,Zierikzee,Haringvlietplein 7 4301XG Zierikzee Netherlands,node,8856290431,51.6534519,3.9087395,OpenStreetMap via Overpass API
Netherlands,Albert Heijn,Albert Heijn,Lange Nobelstraat,28,4301HE,Zierikzee,Lange Nobelstraat 28 4301HE Zierikzee Netherlands,node,2806619875,51.6517419,3.9205679,OpenStreetMap via Overpass API
Netherlands,Albert Heijn,Albert Heijn,Broekwegzijde,150,2725PE,Zoetermeer,Broekwegzijde 150 2725PE Zoetermeer Netherlands,node,34044455,52.0712071,4.4944326,OpenStreetMap via Overpass API
Netherlands,Albert Heijn,Albert Heijn,Lijnbaan,295,2728AH,Zoetermeer,Lijnbaan 295 2728AH Zoetermeer Netherlands,node,1851668122,52.075492,4.5200965,OpenStreetMap via Overpass API
Netherlands,Albert Heijn,Albert Heijn,Middelwaard,93,2716CW,Zoetermeer,Middelwaard 93 2716CW Zoetermeer Netherlands,node,2857750912,52.0566481,4.4688383,OpenStreetMap via Overpass API
Netherlands,Albert Heijn,Albert Heijn,Petuniatuin,12,2724NA,Zoetermeer,Petuniatuin 12 2724NA Zoetermeer Netherlands,node,264964533,52.0634756,4.5153084,OpenStreetMap via Overpass API
Netherlands,Albert Heijn,Albert Heijn,Samanthagang,64,2719CK,Zoetermeer,Samanthagang 64 2719CK Zoetermeer Netherlands,node,2602915932,52.0436478,4.4766579,OpenStreetMap via Overpass API
Netherlands,Albert Heijn,Albert Heijn,Gravin Sabinastraat,52,3284AP,Zuid-Beijerland,Gravin Sabinastraat 52 3284AP Zuid-Beijerland Netherlands,node,12250861675,51.7506484,4.3668863,OpenStreetMap via Overpass API
Netherlands,Albert Heijn,Albert Heijn,Burgemeester Kruisingalaan,5,9801BH,Zuidhorn,Burgemeester Kruisingalaan 5 9801BH Zuidhorn Netherlands,node,2038463095,53.2445037,6.4099641,OpenStreetMap via Overpass API
Netherlands,Albert Heijn,Albert Heijn,Laarweg,1,9471AD,Zuidlaren,Laarweg 1 9471AD Zuidlaren Netherlands,node,6984393696,53.0929797,6.6901914,OpenStreetMap via Overpass API
Netherlands,Albert Heijn,Albert Heijn,Molenstraat,58,4881CT,Zundert,Molenstraat 58 4881CT Zundert Netherlands,node,4415656587,51.4708942,4.6620738,OpenStreetMap via Overpass API
Netherlands,Albert Heijn,Albert Heijn,De Brink,86,7206KC,Zutphen,De Brink 86 7206KC Zutphen Netherlands,node,2653999987,52.1252106,6.1983906,OpenStreetMap via Overpass API
Netherlands,Albert Heijn,Albert Heijn,Dorpsstraat,200,1689GH,Zwaag,Dorpsstraat 200 1689GH Zwaag Netherlands,node,9141305928,52.6683947,5.0753174,OpenStreetMap via Overpass API
Netherlands,Albert Heijn,Albert Heijn,Hollandse cirkel,36,1689XE,Zwaag,Hollandse cirkel 36 1689XE Zwaag Netherlands,node,5915859582,52.6713012,5.0916548,OpenStreetMap via Overpass API
Netherlands,Albert Heijn,Albert Heijn,Dennenlaan,45,1161CL,Zwanenburg,Dennenlaan 45 1161CL Zwanenburg Netherlands,node,428078549,52.378947,4.7502373,OpenStreetMap via Overpass API
Netherlands,Albert Heijn,Albert Heijn,Hof van Holland,30,3332EH,Zwijndrecht,Hof van Holland 30 3332EH Zwijndrecht Netherlands,node,34044368,51.8229936,4.6526132,OpenStreetMap via Overpass API
Netherlands,Albert Heijn,Albert Heijn,Oudeland,84,3335VH,Zwijndrecht,Oudeland 84 3335VH Zwijndrecht Netherlands,node,34045440,51.8189153,4.6102471,OpenStreetMap via Overpass API
Netherlands,Albert Heijn,Albert Heijn,Deventerstraatweg,24,8012AH,Zwolle,Deventerstraatweg 24 8012AH Zwolle Netherlands,node,11681036382,52.5003826,6.1057836,OpenStreetMap via Overpass API
Netherlands,Albert Heijn,Albert Heijn,Dobbe,61,8032JX,Zwolle,Dobbe 61 8032JX Zwolle Netherlands,node,1338290937,52.5289977,6.1027336,OpenStreetMap via Overpass API
Netherlands,Albert Heijn,Albert Heijn,Forelkolk,108,8017PK,Zwolle,Forelkolk 108 8017PK Zwolle Netherlands,node,34045796,52.4969636,6.0941803,OpenStreetMap via Overpass API
Netherlands,Albert Heijn,Albert Heijn,Katwolderplein,1,8011BT,Zwolle,Katwolderplein 1 8011BT Zwolle Netherlands,node,4159699608,52.5136356,6.0860734,OpenStreetMap via Overpass API
Netherlands,Albert Heijn,Albert Heijn,Klein Grachtje,16,8021JC,Zwolle,Klein Grachtje 16 8021JC Zwolle Netherlands,node,426867478,52.516812,6.1002729,OpenStreetMap via Overpass API
Netherlands,Albert Heijn,Albert Heijn,Pijmanstraat,18,8014VB,Zwolle,Pijmanstraat 18 8014VB Zwolle Netherlands,node,34044855,52.4833827,6.1109391,OpenStreetMap via Overpass API
